year,month,hour,municipality_fr,municipality_nl,province_fr,region_fr,latitude,longitude,nis_code,weather_fr,weather_nl,road_condition_fr,road_condition_nl,light_condition_fr,build_up_area_fr,road_type_fr,severity_fr,road_user1_fr,road_user2_fr,collision_type_fr,at_crossway
2019,08,14,Anvers,Antwerpen,Province d’Anvers,Région flamande,51.19996,4.436284,11002,Normales,Normaal,Sec,Droog,Jour,Hors agglomération,Autoroute,Avec blessé(s) leger(s),Motocyclette,Voiture,Entre 2 conducteurs: Flanc contre flanc,0
2019,08,18,Machelen,Machelen,Province du Brabant flamand,Région flamande,50.907847,4.448908,23047,Normales,Normaal,Sec,Droog,Jour,Hors agglomération,Autoroute,Avec blessé(s) leger(s),Motocyclette,Camion,Entre 2 conducteurs: Par l'arrière,0
2019,08,17,Hoeilaart,Hoeilaart,Province du Brabant flamand,Région flamande,50.761582,4.439201,23033,Normales,Normaal,Sec,Droog,Jour,Hors agglomération,Autoroute,Avec blessé(s) leger(s),Motocyclette,Voiture,Entre 2 conducteurs: Par l'arrière,0
2019,08,21,Charleroi,Charleroi,Province de Hainaut,Région wallonne,50.403946,4.366098,52011,Normales,Normaal,Sec,Droog,Jour,Hors agglomération,Route régionale,Avec blessé(s) leger(s),Voiture,Motocyclette,Entre 2 conducteurs: Flanc contre flanc,0
2019,08,18,Forest,Vorst,,Région de Bruxelles-Capitale,50.821389,4.342135,21007,Normales,Normaal,Propre,Proper,Jour,En agglomération,Route régionale,Avec blessé(s) leger(s),Voiture,Motocyclette,Entre 2 conducteurs: Par le côté (avant/derrière-flanc),1
2019,08,13,Anderlecht,Anderlecht,,Région de Bruxelles-Capitale,50.839831,4.325121,21001,"Inconnues, indéterminées",Onbekend,"Inconnu, indéterminé",Onbekend,Jour,inconnu,Route régionale,Avec blessé(s) leger(s),Bicyclette,Voiture,Entre 2 conducteurs: Par le côté (avant/derrière-flanc),1
2019,08,19,Anderlecht,Anderlecht,,Région de Bruxelles-Capitale,,,21001,Normales,Normaal,Propre,Proper,Jour,En agglomération,Route régionale,Avec blessé(s) leger(s),Voiture,Motocyclette,Entre 2 conducteurs: Par le côté (avant/derrière-flanc),0
2019,08,22,Bruxelles,Brussel,,Région de Bruxelles-Capitale,,,21004,"Inconnues, indéterminées",Onbekend,"Inconnu, indéterminé",Onbekend,"Aube, crépuscule",En agglomération,Route communale,Avec blessé(s) leger(s),Voiture,Bicyclette,Entre 2 conducteurs: Par le côté (avant/derrière-flanc),0
2019,08,19,Saint-Gilles,Sint-Gillis,,Région de Bruxelles-Capitale,50.822464,4.346709,21013,Normales,Normaal,Sec+Propre,Droog+Proper,Jour,En agglomération,Route régionale,Avec blessé(s) leger(s),Cyclomoteur,Voiture,Entre 2 conducteurs: Flanc contre flanc,0
2019,08,17,Saint-Gilles,Sint-Gillis,,Région de Bruxelles-Capitale,50.832752,4.342901,21013,Normales,Normaal,Propre,Proper,Jour,En agglomération,Route communale,Avec blessé(s) leger(s),Voiture,Bicyclette,Entre 2 conducteurs: Flanc contre flanc,1
2019,08,15,Anderlecht,Anderlecht,,Région de Bruxelles-Capitale,50.84416,4.333811,21001,"Autre (fumée épaisse,...)","Andere (dikke rook,...)",Propre,Proper,Jour,En agglomération,Route communale,Avec blessé(s) leger(s),Voiture,Bicyclette,Entre 2 conducteurs: Par le côté (avant/derrière-flanc),0
2019,08,22,Saint-Gilles,Sint-Gillis,,Région de Bruxelles-Capitale,,,21013,Normales,Normaal,Propre,Proper,"Nuit, éclairage public présent et allumé",En agglomération,Route communale,Avec blessé(s) leger(s),Cyclomoteur,usager seul,"Un seul usager, pas d'obstacle (chute incl.)",0
2019,08,15,Anderlecht,Anderlecht,,Région de Bruxelles-Capitale,50.837981,4.33164,21001,Normales,Normaal,Sec,Droog,Jour,En agglomération,Route communale,Avec blessé(s) leger(s),Voiture,Cyclomoteur,Entre 2 conducteurs: Par le côté (avant/derrière-flanc),1
2019,08,17,Saint-Gilles,Sint-Gillis,,Région de Bruxelles-Capitale,50.828073,4.342054,21013,Normales,Normaal,Propre,Proper,Jour,En agglomération,Route communale,Avec blessé(s) leger(s),Cyclomoteur,Piéton,Avec un piéton,1
2019,08,20,Anderlecht,Anderlecht,,Région de Bruxelles-Capitale,50.836932,4.32476,21001,Normales,Normaal,Sec,Droog,Jour,En agglomération,Route communale,Avec blessé(s) leger(s),Voiture,Bicyclette,Entre 2 conducteurs: Par le côté (avant/derrière-flanc),0
2019,08,14,Anderlecht,Anderlecht,,Région de Bruxelles-Capitale,50.840283,4.3196,21001,Normales,Normaal,Propre,Proper,Jour,En agglomération,Route régionale,Avec blessé(s) leger(s),Bicyclette,Voiture,Entre 2 conducteurs: Par le côté (avant/derrière-flanc),0
2019,08,15,Saint-Gilles,Sint-Gillis,,Région de Bruxelles-Capitale,50.829296,4.344412,21013,Normales,Normaal,Propre,Proper,Jour,En agglomération,Route régionale,Avec blessé(s) leger(s),Camionnette,Motocyclette,Entre 2 conducteurs: Par le côté (avant/derrière-flanc),0
2019,08,18,Saint-Gilles,Sint-Gillis,,Région de Bruxelles-Capitale,,,21013,Normales,Normaal,Propre,Proper,Jour,En agglomération,Route communale,Avec blessé(s) leger(s),Bicyclette,Piéton,Avec un piéton,0
2019,08,13,Anderlecht,Anderlecht,,Région de Bruxelles-Capitale,50.830319,4.308344,21001,Normales,Normaal,Sec,Droog,Jour,En agglomération,Route régionale,Avec blessé(s) leger(s),Voiture,Motocyclette,Entre 2 conducteurs: Par le côté (avant/derrière-flanc),1
2019,08,07,Saint-Gilles,Sint-Gillis,,Région de Bruxelles-Capitale,50.828073,4.342054,21013,Normales,Normaal,Sec+Propre,Droog+Proper,Jour,Hors agglomération,Route communale,Avec blessé(s) leger(s),Bicyclette,Motocyclette,Entre 2 conducteurs: Par l'arrière,1
2019,08,01,Buggenhout,Buggenhout,Province de Flandre orientale,Région flamande,51.019234,4.202014,42004,Normales,Normaal,Sec,Droog,"Nuit, éclairage public présent et allumé",En agglomération,Route communale,Avec blessé(s) leger(s),Bicyclette,usager/obstacle,Usager contre obstacle situé sur la chaussée,0
2019,08,13,Anvers,Antwerpen,Province d’Anvers,Région flamande,51.22478,4.351781,11002,Normales,Normaal,Sec,Droog,Jour,Hors agglomération,Autoroute,Avec blessé(s) leger(s),Voiture,Motocyclette,Entre 2 conducteurs: Par le côté (avant/derrière-flanc),0
2019,08,12,Aartselaar,Aartselaar,Province d’Anvers,Région flamande,51.133393,4.377041,11001,Normales,Normaal,Sec,Droog,Jour,Hors agglomération,Route communale,Avec blessé(s) leger(s),Voiture,Bicyclette,Entre 2 conducteurs: Flanc contre flanc,1
2019,08,07,Zandhoven,Zandhoven,Province d’Anvers,Région flamande,51.189343,4.658371,11054,Normales,Normaal,Sec,Droog,Jour,Hors agglomération,Autoroute,Avec blessé(s) grave(s),Motocyclette,Voiture,Entre 2 conducteurs: Par l'arrière,0
2019,08,18,Beveren,Beveren,Province de Flandre orientale,Région flamande,51.245949,4.252255,46003,Normales,Normaal,Sec,Droog,Jour,Hors agglomération,Autoroute,Avec blessé(s) leger(s),Motocyclette,usager/obstacle,Usager contre obstacle situé sur la chaussée,0
2019,08,05,Oudenburg,Oudenburg,Province de Flandre occidentale,Région flamande,51.175868,3.007294,35014,Normales,Normaal,Sec+Propre,Droog+Proper,"Nuit, éclairage public présent et allumé",En agglomération,Route régionale,Avec blessé(s) leger(s),Bicyclette,usager seul,"Un seul usager, pas d'obstacle (chute incl.)",0
2019,08,13,Zaventem,Zaventem,Province du Brabant flamand,Région flamande,50.885714,4.460052,23094,Normales,Normaal,Sec,Droog,Jour,Hors agglomération,Route régionale,Avec blessé(s) leger(s),Motocyclette,Voiture,Entre 2 conducteurs: Par l'arrière,0
2019,08,14,Asse,Asse,Province du Brabant flamand,Région flamande,50.880898,4.282809,23002,Normales,Normaal,Sec,Droog,Jour,Hors agglomération,Autoroute,Avec blessé(s) leger(s),Voiture,Motocyclette,Entre 2 conducteurs: Flanc contre flanc,0
2019,08,00,Hal,Halle,Province du Brabant flamand,Région flamande,50.726165,4.258341,23027,Normales,Normaal,Sec,Droog,"Nuit, éclairage public présent et allumé",Hors agglomération,Autoroute,Avec blessé(s) grave(s),Motocyclette,usager seul,"Un seul usager, pas d'obstacle (chute incl.)",0
2019,08,08,Hoeilaart,Hoeilaart,Province du Brabant flamand,Région flamande,50.741645,4.426865,23033,Normales,Normaal,Sec,Droog,Jour,Hors agglomération,Autoroute,Avec blessé(s) leger(s),Motocyclette,Voiture,Entre 2 conducteurs: Par l'arrière,0
2019,08,23,Louvain,Leuven,Province du Brabant flamand,Région flamande,50.892943,4.685061,24062,Normales,Normaal,Sec,Droog,"Nuit, éclairage public présent et allumé",Hors agglomération,Autoroute,Avec blessé(s) leger(s),Camion,Motocyclette,Entre 2 conducteurs: Par l'arrière,0
2019,08,23,Tervuren,Tervuren,Province du Brabant flamand,Région flamande,50.802888,4.466126,24104,Normales,Normaal,Sec,Droog,"Nuit, éclairage public présent et allumé",Hors agglomération,Autoroute,Avec blessé(s) grave(s),Motocyclette,Voiture,Entre 2 conducteurs: Par le côté (avant/derrière-flanc),0
2019,08,17,Ottignies-Louvain-la-Neuve,Ottignies-Louvain-la-Neuve,Province du Brabant wallon,Région wallonne,50.692258,4.620798,25121,Normales,Normaal,Sec+Propre,Droog+Proper,Jour,Hors agglomération,Autoroute,Avec blessé(s) leger(s),Motocyclette,Voiture,Entre 2 conducteurs: Par le côté (avant/derrière-flanc),0
2019,08,11,Bertem,Bertem,Province du Brabant flamand,Région flamande,50.860553,4.613345,24009,Normales,Normaal,Sec,Droog,Jour,Hors agglomération,Autoroute,Avec blessé(s) leger(s),Motocyclette,usager seul,"Un seul usager, pas d'obstacle (chute incl.)",0
2019,08,12,Bertem,Bertem,Province du Brabant flamand,Région flamande,50.860553,4.613345,24009,Normales,Normaal,Propre,Proper,Jour,Hors agglomération,Autoroute,Avec blessé(s) leger(s),Motocyclette,usager seul,"Un seul usager, pas d'obstacle (chute incl.)",0
2019,08,22,Châtelet,Châtelet,Province de Hainaut,Région wallonne,50.425414,4.519422,52012,Normales,Normaal,Propre,Proper,"Nuit, éclairage public présent et allumé",Hors agglomération,Route régionale,Avec blessé(s) leger(s),Motocyclette,usager/obstacle,Usager contre obstacle situé sur la chaussée,0
2019,08,20,La Louvière,La Louvière,Province de Hainaut,Région wallonne,50.488742,4.202311,58001,Normales,Normaal,Sec+Propre,Droog+Proper,Jour,Hors agglomération,Autoroute,Avec tué(s),Motocyclette,usager/obstacle,Usager contre obstacle situé hors chaussée,0
2019,08,18,Mons,Bergen,Province de Hainaut,Région wallonne,50.484011,3.959537,53053,"Inconnues, indéterminées",Onbekend,Sec,Droog,Jour,Hors agglomération,Autoroute,Avec blessé(s) leger(s),Motocyclette,Voiture,Entre 2 conducteurs: Flanc contre flanc,0
2019,08,12,Houyet,Houyet,Province de Namur,Région wallonne,50.22168,5.060466,91072,Normales,Normaal,Sec,Droog,Jour,Hors agglomération,Autoroute,Avec blessé(s) grave(s),Motocyclette,usager seul,"Un seul usager, pas d'obstacle (chute incl.)",0
2019,08,12,Rochefort,Rochefort,Province de Namur,Région wallonne,50.154681,5.073528,91114,Normales,Normaal,Sec,Droog,Jour,Hors agglomération,Autoroute,Avec blessé(s) leger(s),Motocyclette,usager/obstacle,Usager contre obstacle situé sur la chaussée,0
2019,08,14,Herve,Herve,Province de Liège,Région wallonne,50.625768,5.850687,63035,Normales,Normaal,Propre,Proper,Jour,Hors agglomération,Autoroute,Avec blessé(s) grave(s),Motocyclette,Voiture,Entre 2 conducteurs: Par l'arrière,0
2019,08,16,Neufchâteau,Neufchâteau,Province de Luxembourg,Région wallonne,49.862024,5.507037,84043,Pluie,Regenval,"Humide, mouillé, flaques+Propre","Nat, plassen+Proper",Jour,Hors agglomération,Autoroute,Avec blessé(s) leger(s),Motocyclette,usager seul,"Un seul usager, pas d'obstacle (chute incl.)",0
2019,08,12,Arlon,Aarlen,Province de Luxembourg,Région wallonne,,,81001,Pluie,Regenval,"Humide, mouillé, flaques","Nat, plassen",Jour,En agglomération,Route régionale,Avec blessé(s) leger(s),Cyclomoteur,usager seul,"Un seul usager, pas d'obstacle (chute incl.)",1
2019,08,15,Messancy,Messancy,Province de Luxembourg,Région wallonne,49.607754,5.809918,81015,Normales,Normaal,Sec+Propre,Droog+Proper,Jour,Hors agglomération,Route régionale,Avec blessé(s) leger(s),Motocyclette,Voiture,Entre 2 conducteurs: Par le côté (avant/derrière-flanc),0
2019,08,13,Genappe,Genepiën,Province du Brabant wallon,Région wallonne,50.610967,4.45297,25031,Pluie,Regenval,"Humide, mouillé, flaques","Nat, plassen",Jour,En agglomération,Route régionale,Avec blessé(s) leger(s),Cyclomoteur,usager seul,"Un seul usager, pas d'obstacle (chute incl.)",0
2019,08,00,Braine-le-Château,Kasteelbrakel,Province du Brabant wallon,Région wallonne,50.682512,4.291069,25015,Normales,Normaal,Sec+Propre,Droog+Proper,"Nuit, éclairage public présent et allumé",En agglomération,Route communale,Avec blessé(s) leger(s),Bicyclette,Voiture,Entre 2 conducteurs: Flanc contre flanc,0
2019,08,11,Ittre,Itter,Province du Brabant wallon,Région wallonne,,,25044,Normales,Normaal,"Sale (sable, gravier, feuilles,...)","Vuil (zand, grint, bladeren,...)",Jour,Hors agglomération,Route communale,Avec blessé(s) leger(s),Motocyclette,Bicyclette,Entre 2 conducteurs: Flanc contre flanc,0
2019,08,16,Beersel,Beersel,Province du Brabant flamand,Région flamande,,,23003,"Inconnues, indéterminées",Onbekend,"Inconnu, indéterminé",Onbekend,"Inconnu, indéterminé",Hors agglomération,Autoroute,Avec blessé(s) leger(s),Motocyclette,Voiture,Entre 2 conducteurs: Par le côté (avant/derrière-flanc),0
2019,08,18,Rixensart,Rixensart,Province du Brabant wallon,Région wallonne,50.719373,4.494223,25091,Normales,Normaal,Propre,Proper,Jour,En agglomération,Route communale,Avec blessé(s) leger(s),Voiture,Bicyclette,Entre 2 conducteurs: Par le côté (avant/derrière-flanc),0
2019,08,14,Walhain,Walhain,Province du Brabant wallon,Région wallonne,50.61662,4.695428,25124,Normales,Normaal,Sec,Droog,Jour,En agglomération,Route communale,Avec blessé(s) leger(s),Bicyclette,Voiture,Entre 2 conducteurs: Collision frontale,0
2019,08,12,Mont-Saint-Guibert,Mont-Saint-Guibert,Province du Brabant wallon,Région wallonne,50.639844,4.648841,25068,Normales,Normaal,Propre,Proper,Jour,Hors agglomération,Route régionale,Avec blessé(s) leger(s),Camionnette,Bicyclette,Entre 2 conducteurs: Flanc contre flanc,0
2019,08,16,Walhain,Walhain,Province du Brabant wallon,Région wallonne,50.62763,4.700181,25124,Normales,Normaal,Sec+Propre,Droog+Proper,Jour,En agglomération,Route communale,Avec blessé(s) grave(s),Motocyclette,usager seul,"Un seul usager, pas d'obstacle (chute incl.)",0
2019,08,07,Wavre,Waver,Province du Brabant wallon,Région wallonne,50.710257,4.61642,25112,Normales,Normaal,Sec,Droog,Jour,En agglomération,Route régionale,Avec blessé(s) leger(s),Bicyclette,Voiture,Entre 2 conducteurs: Par le côté (avant/derrière-flanc),1
2019,08,17,Wavre,Waver,Province du Brabant wallon,Région wallonne,50.719861,4.628204,25112,Normales,Normaal,Propre,Proper,Jour,En agglomération,Route communale,Avec blessé(s) leger(s),Voiture,Bicyclette,Entre 2 conducteurs: Par le côté (avant/derrière-flanc),1
2019,08,17,Wavre,Waver,Province du Brabant wallon,Région wallonne,50.708681,4.594702,25112,Normales,Normaal,Sec+Propre,Droog+Proper,Jour,Hors agglomération,Route régionale,Avec blessé(s) leger(s),Voiture,Cyclomoteur,Entre 2 conducteurs: Flanc contre flanc,1
2019,08,10,Wavre,Waver,Province du Brabant wallon,Région wallonne,50.692129,4.577387,25112,Normales,Normaal,Propre,Proper,Jour,En agglomération,Route communale,Avec blessé(s) leger(s),Voiture,Bicyclette,Entre 2 conducteurs: Par le côté (avant/derrière-flanc),0
2019,08,13,Wavre,Waver,Province du Brabant wallon,Région wallonne,,,25112,Normales,Normaal,Propre,Proper,Jour,En agglomération,Route régionale,Avec blessé(s) leger(s),Motocyclette,Voiture,Entre 2 conducteurs: Par l'arrière,1
2019,08,18,Wavre,Waver,Province du Brabant wallon,Région wallonne,50.710257,4.61642,25112,Normales,Normaal,Propre,Proper,Jour,En agglomération,Route régionale,Avec blessé(s) grave(s),Motocyclette,usager/obstacle,Usager contre obstacle situé hors chaussée,1
2019,08,10,Wavre,Waver,Province du Brabant wallon,Région wallonne,50.728546,4.593336,25112,Normales,Normaal,Propre,Proper,Jour,En agglomération,Route régionale,Avec tué(s),Motocyclette,usager seul,"Un seul usager, pas d'obstacle (chute incl.)",1
2019,08,16,Chaumont-Gistoux,Chaumont-Gistoux,Province du Brabant wallon,Région wallonne,50.675162,4.714633,25018,Normales,Normaal,Sec+Propre,Droog+Proper,Jour,Hors agglomération,Route régionale,Avec blessé(s) leger(s),Voiture,Bicyclette,Entre 2 conducteurs: Par le côté (avant/derrière-flanc),0
2019,08,12,Grez-Doiceau,Graven,Province du Brabant wallon,Région wallonne,50.745521,4.684067,25037,"Inconnues, indéterminées",Onbekend,"Inconnu, indéterminé",Onbekend,Jour,Hors agglomération,Route régionale,Avec blessé(s) leger(s),Bicyclette,Voiture,Entre 2 conducteurs: Par le côté (avant/derrière-flanc),1
2019,08,18,Grez-Doiceau,Graven,Province du Brabant wallon,Région wallonne,50.754881,4.69866,25037,Normales,Normaal,Sec,Droog,Jour,Hors agglomération,Route régionale,Avec blessé(s) grave(s),Voiture,Bicyclette,Entre 2 conducteurs: Par le côté (avant/derrière-flanc),0
2019,08,11,Braine-l’Alleud,Eigenbrakel,Province du Brabant wallon,Région wallonne,50.666055,4.348127,25014,Normales,Normaal,Sec,Droog,Jour,En agglomération,Route communale,Avec blessé(s) leger(s),Voiture,Bicyclette,Entre 2 conducteurs: Par l'arrière,0
2019,08,18,Ittre,Itter,Province du Brabant wallon,Région wallonne,50.597144,4.319024,25044,Normales,Normaal,Propre,Proper,Jour,Hors agglomération,Route régionale,Avec blessé(s) leger(s),Voiture,Motocyclette,Entre 2 conducteurs: Par le côté (avant/derrière-flanc),0
2019,08,13,Braine-l’Alleud,Eigenbrakel,Province du Brabant wallon,Région wallonne,50.68214,4.376086,25014,Normales,Normaal,"Sale (sable, gravier, feuilles,...)","Vuil (zand, grint, bladeren,...)",Jour,En agglomération,Route communale,Avec blessé(s) leger(s),Motocyclette,usager seul,"Un seul usager, pas d'obstacle (chute incl.)",0
2019,08,16,Ottignies-Louvain-la-Neuve,Ottignies-Louvain-la-Neuve,Province du Brabant wallon,Région wallonne,,,25121,Normales,Normaal,Propre,Proper,Jour,En agglomération,Route régionale,Avec blessé(s) leger(s),Bicyclette,Voiture,Entre 2 conducteurs: Collision frontale,1
2019,08,14,Orp-Jauche,Orp-Jauche,Province du Brabant wallon,Région wallonne,50.710874,4.945646,25120,Normales,Normaal,Sec,Droog,Jour,En agglomération,Route communale,Avec blessé(s) leger(s),Voiture,Motocyclette,Entre 2 conducteurs: Par le côté (avant/derrière-flanc),1
2019,08,06,Liège,Luik,Province de Liège,Région wallonne,50.635051,5.569266,62063,Normales,Normaal,Sec,Droog,"Nuit, éclairage public présent et allumé",En agglomération,Route régionale,Avec blessé(s) leger(s),Motocyclette,usager seul,"Un seul usager, pas d'obstacle (chute incl.)",0
2019,08,17,Liège,Luik,Province de Liège,Région wallonne,50.845644,4.368539,62063,Normales,Normaal,Sec,Droog,Jour,En agglomération,Route régionale,Avec blessé(s) leger(s),Voiture,Bicyclette,Entre 2 conducteurs: Par l'arrière,0
2019,08,17,Liège,Luik,Province de Liège,Région wallonne,50.632899,5.579405,62063,"Inconnues, indéterminées",Onbekend,"Inconnu, indéterminé",Onbekend,Jour,En agglomération,Route communale,Avec blessé(s) leger(s),Bicyclette,Voiture,Entre 2 conducteurs: Par le côté (avant/derrière-flanc),0
2019,08,05,Liège,Luik,Province de Liège,Région wallonne,50.618982,5.572047,62063,Normales,Normaal,Sec,Droog,"Nuit, éclairage public présent et allumé",En agglomération,Route communale,Avec blessé(s) leger(s),Motocyclette,Voiture,Entre 2 conducteurs: Par le côté (avant/derrière-flanc),0
2019,08,14,Liège,Luik,Province de Liège,Région wallonne,50.644239,5.625156,62063,Normales,Normaal,Sec,Droog,Jour,En agglomération,Route communale,Avec blessé(s) leger(s),Motocyclette,Voiture,Entre 2 conducteurs: Par l'arrière,0
2019,08,16,Liège,Luik,Province de Liège,Région wallonne,50.640838,5.573371,62063,Normales,Normaal,Sec,Droog,Jour,En agglomération,Route communale,Avec blessé(s) leger(s),Cyclomoteur,usager seul,"Un seul usager, pas d'obstacle (chute incl.)",0
2019,08,17,Liège,Luik,Province de Liège,Région wallonne,50.643609,5.554769,62063,Normales,Normaal,Sec,Droog,Jour,En agglomération,Route communale,Avec blessé(s) leger(s),Voiture,Cyclomoteur,Entre 2 conducteurs: Par le côté (avant/derrière-flanc),1
2019,08,23,Liège,Luik,Province de Liège,Région wallonne,50.644644,5.601936,62063,Normales,Normaal,Sec,Droog,"Nuit, éclairage public présent et allumé",En agglomération,Route communale,Avec blessé(s) leger(s),Voiture,Motocyclette,Entre 2 conducteurs: Par le côté (avant/derrière-flanc),1
2019,08,00,Liège,Luik,Province de Liège,Région wallonne,50.607888,5.613768,62063,Normales,Normaal,Sec,Droog,"Nuit, éclairage public présent et allumé",En agglomération,Route régionale,Avec blessé(s) leger(s),Motocyclette,Voiture,Entre 2 conducteurs: Par le côté (avant/derrière-flanc),1
2019,08,17,Liège,Luik,Province de Liège,Région wallonne,,,62063,Normales,Normaal,Sec,Droog,Jour,En agglomération,Route communale,Avec blessé(s) leger(s),Voiture,Bicyclette,Entre 2 conducteurs: Par l'arrière,0
2019,08,18,Liège,Luik,Province de Liège,Région wallonne,50.622455,5.59073,62063,Normales,Normaal,Sec,Droog,Jour,En agglomération,Route régionale,Avec blessé(s) leger(s),Cyclomoteur,Voiture,Entre 2 conducteurs: Par le côté (avant/derrière-flanc),1
2019,08,16,Liège,Luik,Province de Liège,Région wallonne,50.634113,5.58212,62063,Normales,Normaal,Sec,Droog,Jour,En agglomération,Route communale,Avec blessé(s) leger(s),Cyclomoteur,Piéton,Avec un piéton,0
2019,08,23,Liège,Luik,Province de Liège,Région wallonne,50.637723,5.562363,62063,Normales,Normaal,Sec,Droog,"Nuit, éclairage public présent et allumé",En agglomération,Route communale,Avec blessé(s) leger(s),Voiture,Bicyclette,Entre 2 conducteurs: Par le côté (avant/derrière-flanc),1
2019,08,21,Seraing,Seraing,Province de Liège,Région wallonne,50.586392,5.511701,62096,Normales,Normaal,Sec+Propre,Droog+Proper,"Aube, crépuscule",En agglomération,Route communale,Avec blessé(s) leger(s),Voiture,Cyclomoteur,Entre 2 conducteurs: Par le côté (avant/derrière-flanc),1
2019,08,13,Neupré,Neupré,Province de Liège,Région wallonne,50.529371,5.536802,62121,Normales,Normaal,Sec+Propre,Droog+Proper,Jour,Hors agglomération,Route régionale,Avec blessé(s) leger(s),Motocyclette,Camion,Entre 2 conducteurs: Flanc contre flanc,0
2019,08,19,Seraing,Seraing,Province de Liège,Région wallonne,,,62096,Normales,Normaal,"Sale (sable, gravier, feuilles,...)","Vuil (zand, grint, bladeren,...)","Aube, crépuscule",Hors agglomération,Route régionale,Avec blessé(s) leger(s),Motocyclette,usager seul,"Un seul usager, pas d'obstacle (chute incl.)",1
2019,08,15,Seraing,Seraing,Province de Liège,Région wallonne,50.599802,5.513804,62096,Normales,Normaal,Propre,Proper,Jour,En agglomération,Route régionale,Avec blessé(s) leger(s),Cyclomoteur,Voiture,Entre 2 conducteurs: Par le côté (avant/derrière-flanc),0
2019,08,17,Seraing,Seraing,Province de Liège,Région wallonne,50.583329,5.486538,62096,Normales,Normaal,Sec,Droog,Jour,En agglomération,Route communale,Avec blessé(s) leger(s),Cyclomoteur,Voiture,Entre 2 conducteurs: Par l'arrière,0
2019,08,11,Seraing,Seraing,Province de Liège,Région wallonne,50.618844,5.506347,62096,Normales,Normaal,Sec,Droog,Jour,En agglomération,Route communale,Avec blessé(s) leger(s),Cyclomoteur,usager seul,"Un seul usager, pas d'obstacle (chute incl.)",1
2019,08,08,Fléron,Fléron,Province de Liège,Région wallonne,50.614686,5.678933,62038,Normales,Normaal,Sec,Droog,Jour,En agglomération,Route régionale,Avec blessé(s) leger(s),Bicyclette,Voiture,Entre 2 conducteurs: Par le côté (avant/derrière-flanc),0
2019,08,19,Soumagne,Soumagne,Province de Liège,Région wallonne,50.607554,5.715976,62099,Normales,Normaal,Sec,Droog,Jour,En agglomération,Route régionale,Avec blessé(s) grave(s),Cyclomoteur,usager seul,"Un seul usager, pas d'obstacle (chute incl.)",0
2019,08,10,Soumagne,Soumagne,Province de Liège,Région wallonne,50.63589,5.722653,62099,Normales,Normaal,Sec+Propre,Droog+Proper,Jour,En agglomération,Route communale,Mortellement blessé(s),Bicyclette,Voiture,Entre 2 conducteurs: Par le côté (avant/derrière-flanc),0
2019,08,18,Soumagne,Soumagne,Province de Liège,Région wallonne,50.601694,5.750658,62099,Normales,Normaal,Sec+Propre,Droog+Proper,Jour,Hors agglomération,Route régionale,Avec blessé(s) leger(s),Motocyclette,usager/obstacle,Usager contre obstacle situé hors chaussée,0
2019,08,17,Fléron,Fléron,Province de Liège,Région wallonne,50.625911,5.682665,62038,Normales,Normaal,Propre,Proper,Jour,En agglomération,Route communale,Avec blessé(s) leger(s),Cyclomoteur,usager/obstacle,Usager contre obstacle situé sur la chaussée,0
2019,08,11,Visé,Wezet,Province de Liège,Région wallonne,,,62108,Normales,Normaal,Sec,Droog,Jour,En agglomération,Route communale,Avec blessé(s) leger(s),Voiture,Bicyclette,Entre 2 conducteurs: Flanc contre flanc,0
2019,08,13,Oupeye,Oupeye,Province de Liège,Région wallonne,,,62079,Normales,Normaal,Sec+Propre,Droog+Proper,Jour,En agglomération,Route régionale,Avec blessé(s) leger(s),Voiture,Cyclomoteur,Entre 2 conducteurs: Flanc contre flanc,0
2019,08,18,Oupeye,Oupeye,Province de Liège,Région wallonne,,,62079,Normales,Normaal,Sec,Droog,Jour,En agglomération,Route régionale,Avec blessé(s) leger(s),Voiture,Bicyclette,Entre 2 conducteurs: Par le côté (avant/derrière-flanc),0
2019,08,15,Bassenge,Bitsingen,Province de Liège,Région wallonne,50.75654,5.592632,62011,Normales,Normaal,Propre,Proper,Jour,En agglomération,Route régionale,Avec blessé(s) leger(s),Voiture,Motocyclette,Entre 2 conducteurs: Par le côté (avant/derrière-flanc),1
2019,08,15,Oupeye,Oupeye,Province de Liège,Région wallonne,,,62079,"Inconnues, indéterminées",Onbekend,Propre,Proper,Jour,En agglomération,Route communale,Avec blessé(s) leger(s),Motocyclette,usager seul,"Un seul usager, pas d'obstacle (chute incl.)",0
2019,08,17,Sprimont,Sprimont,Province de Liège,Région wallonne,50.524619,5.657615,62100,Normales,Normaal,Sec,Droog,Jour,Hors agglomération,Route régionale,Avec blessé(s) grave(s),Motocyclette,usager seul,"Un seul usager, pas d'obstacle (chute incl.)",0
2019,08,02,Sprimont,Sprimont,Province de Liège,Région wallonne,50.506598,5.65507,62100,Normales,Normaal,Sec,Droog,"Nuit, éclairage public présent et allumé",En agglomération,Route régionale,Avec blessé(s) leger(s),Motocyclette,usager seul,"Un seul usager, pas d'obstacle (chute incl.)",0
2019,08,12,Esneux,Esneux,Province de Liège,Région wallonne,50.5234,5.505859,62032,Normales,Normaal,Propre,Proper,Jour,Hors agglomération,Route régionale,Avec blessé(s) leger(s),Motocyclette,Voiture,Entre 2 conducteurs: Flanc contre flanc,0