year,month,hour,municipality_fr,municipality_nl,province_fr,region_fr,latitude,longitude,nis_code,weather_fr,weather_nl,road_condition_fr,road_condition_nl,light_condition_fr,build_up_area_fr,road_type_fr,severity_fr,road_user1_fr,road_user2_fr,collision_type_fr,at_crossway
2019,08,20,Aywaille,Aywaille,Province de Liège,Région wallonne,50.461205,5.67157,62009,Normales,Normaal,"Sale (sable, gravier, feuilles,...)","Vuil (zand, grint, bladeren,...)",Jour,Hors agglomération,Route régionale,Avec blessé(s) leger(s),Motocyclette,usager seul,"Un seul usager, pas d'obstacle (chute incl.)",0
2019,08,22,Trooz,Trooz,Province de Liège,Région wallonne,50.574016,5.688363,62122,Normales,Normaal,Sec,Droog,"Nuit, éclairage public présent et allumé",En agglomération,Route communale,Avec blessé(s) grave(s),Motocyclette,usager seul,"Un seul usager, pas d'obstacle (chute incl.)",0
2019,08,10,Grâce-Hollogne,Grâce-Hollogne,Province de Liège,Région wallonne,50.638689,5.47421,62118,"Inconnues, indéterminées",Onbekend,Propre,Proper,Jour,En agglomération,Route régionale,Avec blessé(s) leger(s),Bicyclette,Voiture,Entre 2 conducteurs: Par le côté (avant/derrière-flanc),1
2019,08,17,Waremme,Borgworm,Province de Liège,Région wallonne,50.690922,5.253203,64074,Normales,Normaal,Propre,Proper,Jour,En agglomération,Route communale,Avec blessé(s) leger(s),Voiture,Bicyclette,Entre 2 conducteurs: Par le côté (avant/derrière-flanc),1
2019,08,17,Berloz,Berloz,Province de Liège,Région wallonne,,,64008,Normales,Normaal,Propre,Proper,Jour,Hors agglomération,Route régionale,Avec blessé(s) grave(s),Voiture,Bicyclette,Entre 2 conducteurs: Collision frontale,1
2019,08,14,Stavelot,Stavelot,Province de Liège,Région wallonne,50.453975,5.954358,63073,Normales,Normaal,Sec,Droog,Jour,En agglomération,Route régionale,Avec blessé(s) leger(s),Voiture,Motocyclette,Entre 2 conducteurs: Par le côté (avant/derrière-flanc),0
2019,08,15,Spa,Spa,Province de Liège,Région wallonne,50.491619,5.857233,63072,Normales,Normaal,Sec+Propre,Droog+Proper,Jour,En agglomération,Route régionale,Avec blessé(s) leger(s),Cyclomoteur,Voiture,Entre 2 conducteurs: Par l'arrière,1
2019,08,16,Jalhay,Jalhay,Province de Liège,Région wallonne,50.575867,5.913796,63038,Normales,Normaal,Sec+Propre,Droog+Proper,Jour,Hors agglomération,Route régionale,Avec blessé(s) leger(s),Motocyclette,usager/obstacle,Usager contre obstacle situé hors chaussée,0
2019,08,09,Thimister-Clermont,Thimister-Clermont,Province de Liège,Région wallonne,50.646009,5.85439,63089,Normales,Normaal,Propre,Proper,Jour,Hors agglomération,Route régionale,Avec blessé(s) leger(s),Voiture,Bicyclette,Entre 2 conducteurs: Par le côté (avant/derrière-flanc),0
2019,08,00,Herve,Herve,Province de Liège,Région wallonne,,,63035,Normales,Normaal,Sec,Droog,"Nuit, pas d'éclairage public présent",Hors agglomération,Route communale,Avec blessé(s) leger(s),Cyclomoteur,usager seul,"Un seul usager, pas d'obstacle (chute incl.)",0
2019,08,14,Plombières,Plombières,Province de Liège,Région wallonne,50.730196,5.997088,63088,Normales,Normaal,Sec+Propre,Droog+Proper,Jour,En agglomération,Route communale,Avec blessé(s) leger(s),Bicyclette,usager/obstacle,Usager contre obstacle situé sur la chaussée,0
2019,08,15,Limbourg,Limburg,Province de Liège,Région wallonne,,,63046,Normales,Normaal,Propre,Proper,Jour,En agglomération,Route communale,Avec blessé(s) leger(s),Voiture,Bicyclette,Entre 2 conducteurs: Par le côté (avant/derrière-flanc),0
2019,08,15,Welkenraedt,Welkenraedt,Province de Liège,Région wallonne,50.677112,5.932317,63084,Normales,Normaal,Sec,Droog,Jour,En agglomération,Route communale,Mortellement blessé(s),Voiture,Motocyclette,Entre 2 conducteurs: Par le côté (avant/derrière-flanc),1
2019,08,11,Herve,Herve,Province de Liège,Région wallonne,,,63035,Normales,Normaal,Sec+Propre,Droog+Proper,Jour,Hors agglomération,Route régionale,Avec blessé(s) leger(s),Motocyclette,Voiture,Entre 2 conducteurs: Par le côté (avant/derrière-flanc),0
2019,08,10,Dison,Dison,Province de Liège,Région wallonne,50.606443,5.855839,63020,Normales,Normaal,Propre,Proper,Jour,En agglomération,Route régionale,Avec blessé(s) leger(s),Voiture,Cyclomoteur,Entre 2 conducteurs: Flanc contre flanc,0
2019,08,17,Verviers,Verviers,Province de Liège,Région wallonne,,,63079,Pluie,Regenval,"Humide, mouillé, flaques","Nat, plassen",Jour,En agglomération,Route régionale,Avec blessé(s) leger(s),Cyclomoteur,usager seul,"Un seul usager, pas d'obstacle (chute incl.)",0
2019,08,15,Verviers,Verviers,Province de Liège,Région wallonne,50.58343,5.849097,63079,Normales,Normaal,Sec+Propre,Droog+Proper,Jour,En agglomération,Route régionale,Avec blessé(s) leger(s),Motocyclette,Voiture,Entre 2 conducteurs: Par l'arrière,0
2019,08,17,Pepinster,Pepinster,Province de Liège,Région wallonne,50.573162,5.829716,63058,"Inconnues, indéterminées",Onbekend,Sec,Droog,Jour,Hors agglomération,Route régionale,Avec blessé(s) leger(s),Bicyclette,Voiture,Entre 2 conducteurs: Par l'arrière,0
2019,08,12,Dison,Dison,Province de Liège,Région wallonne,50.601968,5.853177,63020,Normales,Normaal,"Humide, mouillé, flaques+Propre","Nat, plassen+Proper",Jour,En agglomération,Route communale,Avec blessé(s) leger(s),Cyclomoteur,usager seul,"Un seul usager, pas d'obstacle (chute incl.)",0
2019,08,18,Verviers,Verviers,Province de Liège,Région wallonne,50.595867,5.828954,63079,Normales,Normaal,"Sec+Sale (sable, gravier, feuilles,...)","Droog+Vuil (zand, grint, bladeren,...)",Jour,En agglomération,Route communale,Avec blessé(s) grave(s),Motocyclette,usager seul,"Un seul usager, pas d'obstacle (chute incl.)",1
2019,08,15,Malmedy,Malmedy,Province de Liège,Région wallonne,50.448498,6.041574,63049,Normales,Normaal,Sec+Propre,Droog+Proper,Jour,Hors agglomération,Route régionale,Avec blessé(s) grave(s),Motocyclette,usager/obstacle,Usager contre obstacle situé hors chaussée,0
2019,08,09,Malmedy,Malmedy,Province de Liège,Région wallonne,,,63049,Normales,Normaal,Sec+Propre,Droog+Proper,Jour,En agglomération,Route communale,Avec blessé(s) grave(s),Motocyclette,Camionnette,Entre 2 conducteurs: Flanc contre flanc,0
2019,08,16,Stoumont,Stoumont,Province de Liège,Région wallonne,50.413945,5.788391,63075,Normales,Normaal,Sec+Propre,Droog+Proper,Jour,Hors agglomération,Route régionale,Avec blessé(s) leger(s),Motocyclette,usager/obstacle,Usager contre obstacle situé hors chaussée,0
2019,08,18,Malmedy,Malmedy,Province de Liège,Région wallonne,50.461213,6.056524,63049,Normales,Normaal,Propre,Proper,Jour,Hors agglomération,Route régionale,Avec blessé(s) leger(s),Motocyclette,Voiture,Entre 2 conducteurs: Par le côté (avant/derrière-flanc),1
2019,08,15,Stoumont,Stoumont,Province de Liège,Région wallonne,50.406981,5.765425,63075,Normales,Normaal,Propre,Proper,Jour,Hors agglomération,Route régionale,Avec blessé(s) leger(s),Motocyclette,Voiture,Entre 2 conducteurs: Flanc contre flanc,0
2019,08,11,Malmedy,Malmedy,Province de Liège,Région wallonne,50.42852,5.990223,63049,Normales,Normaal,Propre,Proper,Jour,Hors agglomération,Route régionale,Avec blessé(s) leger(s),Voiture,Motocyclette,Entre 2 conducteurs: Par le côté (avant/derrière-flanc),0
2019,08,12,Stavelot,Stavelot,Province de Liège,Région wallonne,,,63073,Normales,Normaal,Sec,Droog,Jour,Hors agglomération,Route communale,Avec blessé(s) grave(s),Bicyclette,usager seul,"Un seul usager, pas d'obstacle (chute incl.)",0
2019,08,20,Waimes,Weismes,Province de Liège,Région wallonne,50.383909,6.098248,63080,Normales,Normaal,Sec+Propre,Droog+Proper,Jour,En agglomération,Route communale,Avec blessé(s) leger(s),Voiture,Bicyclette,Entre 2 conducteurs: Collision frontale,0
2019,08,16,Hannut,Hannuit,Province de Liège,Région wallonne,,,64034,Normales,Normaal,Sec,Droog,Jour,En agglomération,Route communale,Avec blessé(s) leger(s),Motocyclette,usager seul,"Un seul usager, pas d'obstacle (chute incl.)",0
2019,08,17,Amblève,Amel,Province de Liège,Région wallonne,,,63001,Normales,Normaal,Sec,Droog,Jour,Hors agglomération,Route communale,Avec blessé(s) leger(s),Motocyclette,usager/obstacle,Usager contre obstacle situé hors chaussée,0
2019,08,10,Butgenbach,Bütgenbach,Province de Liège,Région wallonne,50.427972,6.202603,63013,Normales,Normaal,Sec,Droog,Jour,En agglomération,Route communale,Avec blessé(s) leger(s),Bicyclette,usager seul,"Un seul usager, pas d'obstacle (chute incl.)",0
2019,08,16,Eupen,Eupen,Province de Liège,Région wallonne,50.628257,6.041288,63023,Normales,Normaal,Sec,Droog,Jour,En agglomération,Route communale,Avec blessé(s) leger(s),Voiture,Bicyclette,Entre 2 conducteurs: Par le côté (avant/derrière-flanc),0
2019,08,18,Engis,Engis,Province de Liège,Région wallonne,,,61080,"Inconnues, indéterminées",Onbekend,"Inconnu, indéterminé",Onbekend,Jour,En agglomération,Route communale,Avec blessé(s) leger(s),Voiture,Cyclomoteur,Entre 2 conducteurs: Flanc contre flanc,0
2019,08,16,Wanze,Wanze,Province de Liège,Région wallonne,,,61072,Pluie,Regenval,"Humide, mouillé, flaques","Nat, plassen",Jour,En agglomération,Route communale,Avec blessé(s) leger(s),Cyclomoteur,Voiture,Entre 2 conducteurs: Par l'arrière,0
2019,08,11,Hamoir,Hamoir,Province de Liège,Région wallonne,50.43534,5.527516,61024,Normales,Normaal,Propre,Proper,Jour,Hors agglomération,Route régionale,Avec blessé(s) leger(s),Voiture,Bicyclette,Entre 2 conducteurs: Par le côté (avant/derrière-flanc),0
2019,08,12,Modave,Modave,Province de Liège,Région wallonne,50.471502,5.266726,61041,Normales,Normaal,Propre,Proper,Jour,Hors agglomération,Route régionale,Avec blessé(s) leger(s),Camionnette,Motocyclette,Entre 2 conducteurs: Par le côté (avant/derrière-flanc),0
2019,08,11,Modave,Modave,Province de Liège,Région wallonne,50.452253,5.279018,61041,Normales,Normaal,Sec,Droog,Jour,Hors agglomération,Route régionale,Avec blessé(s) leger(s),Voiture,Motocyclette,Entre 2 conducteurs: Collision frontale,0
2019,08,17,Modave,Modave,Province de Liège,Région wallonne,,,61041,Normales,Normaal,Sec,Droog,Jour,Hors agglomération,Route communale,Avec blessé(s) grave(s),Motocyclette,usager seul,"Un seul usager, pas d'obstacle (chute incl.)",0
2019,08,17,Arlon,Aarlen,Province de Luxembourg,Région wallonne,49.685512,5.794136,81001,Normales,Normaal,Propre,Proper,Jour,En agglomération,Route communale,Avec blessé(s) leger(s),Bicyclette,Voiture,Entre 2 conducteurs: Flanc contre flanc,0
2019,08,18,Virton,Virton,Province de Luxembourg,Région wallonne,,,85045,"Inconnues, indéterminées",Onbekend,"Inconnu, indéterminé",Onbekend,"Inconnu, indéterminé",Hors agglomération,Route régionale,Avec blessé(s) leger(s),Camionnette,Cyclomoteur,Entre 2 conducteurs: Collision frontale,1
2019,08,18,Chiny,Chiny,Province de Luxembourg,Région wallonne,49.690259,5.383043,85007,Normales,Normaal,Sec+Propre,Droog+Proper,Jour,Hors agglomération,Route régionale,Avec blessé(s) leger(s),Motocyclette,usager/obstacle,Usager contre obstacle situé hors chaussée,0
2019,08,17,Virton,Virton,Province de Luxembourg,Région wallonne,49.555572,5.537646,85045,Normales,Normaal,Propre,Proper,Jour,En agglomération,Route régionale,Avec blessé(s) grave(s),Motocyclette,Voiture,Entre 2 conducteurs: Collision frontale,0
2019,08,19,Florenville,Florenville,Province de Luxembourg,Région wallonne,49.699802,5.267909,85011,Normales,Normaal,Propre,Proper,Jour,Hors agglomération,Route régionale,Avec blessé(s) leger(s),Motocyclette,usager/obstacle,Usager contre obstacle situé sur la chaussée,0
2019,08,14,Nassogne,Nassogne,Province de Luxembourg,Région wallonne,,,83040,Normales,Normaal,Propre,Proper,Jour,Hors agglomération,Route communale,Avec blessé(s) leger(s),Motocyclette,usager seul,"Un seul usager, pas d'obstacle (chute incl.)",0
2019,08,17,Durbuy,Durbuy,Province de Luxembourg,Région wallonne,50.413831,5.451774,83012,Normales,Normaal,Sec,Droog,Jour,Hors agglomération,Route régionale,Avec blessé(s) grave(s),Motocyclette,usager/obstacle,Usager contre obstacle situé hors chaussée,0
2019,08,15,Durbuy,Durbuy,Province de Luxembourg,Région wallonne,50.366354,5.455323,83012,Normales,Normaal,Sec,Droog,Jour,Hors agglomération,Route régionale,Avec blessé(s) leger(s),Voiture,Motocyclette,Entre 2 conducteurs: Flanc contre flanc,0
2019,08,12,Houffalize,Houffalize,Province de Luxembourg,Région wallonne,,,82014,Normales,Normaal,Sec+Propre,Droog+Proper,Jour,En agglomération,Route communale,Avec blessé(s) leger(s),Autres,Cyclomoteur,Entre 2 conducteurs: Par le côté (avant/derrière-flanc),0
2019,08,13,La Roche-en-Ardenne,La Roche-en-Ardenne,Province de Luxembourg,Région wallonne,50.166716,5.628246,83031,Normales,Normaal,Sec+Propre,Droog+Proper,Jour,En agglomération,Route communale,Avec blessé(s) grave(s),Bicyclette,usager/obstacle,Usager contre obstacle situé hors chaussée,0
2019,08,20,Marche-en-Famenne,Marche-en-Famenne,Province de Luxembourg,Région wallonne,,,83034,Normales,Normaal,Sec,Droog,"Aube, crépuscule",Hors agglomération,Route communale,Avec blessé(s) leger(s),Motocyclette,Voiture,Entre 2 conducteurs: Collision frontale,1
2019,08,09,Rendeux,Rendeux,Province de Luxembourg,Région wallonne,50.241366,5.500387,83044,Normales,Normaal,Propre,Proper,Jour,En agglomération,Route régionale,Avec blessé(s) leger(s),Bicyclette,Camion,Entre 2 conducteurs: Par l'arrière,0
2019,08,17,La Roche-en-Ardenne,La Roche-en-Ardenne,Province de Luxembourg,Région wallonne,50.175387,5.592031,83031,Normales,Normaal,Sec,Droog,Jour,Hors agglomération,Route régionale,Avec tué(s),Motocyclette,usager/obstacle,Usager contre obstacle situé hors chaussée,0
2019,08,16,Vaux-sur-Sûre,Vaux-sur-Sûre,Province de Luxembourg,Région wallonne,,,82036,Normales,Normaal,Sec,Droog,Jour,Hors agglomération,Route communale,Avec blessé(s) grave(s),Motocyclette,usager/obstacle,Usager contre obstacle situé hors chaussée,0
2019,08,15,Bertogne,Bertogne,Province de Luxembourg,Région wallonne,50.057464,5.604784,82005,Normales,Normaal,Sec,Droog,Jour,Hors agglomération,Route régionale,Avec blessé(s) leger(s),Autres,Bicyclette,Entre 2 conducteurs: Flanc contre flanc,0
2019,08,11,Léglise,Léglise,Province de Luxembourg,Région wallonne,,,84033,Normales,Normaal,Propre,Proper,Jour,En agglomération,Route communale,Avec blessé(s) leger(s),Autres,Cyclomoteur,Entre 2 conducteurs: Flanc contre flanc,0
2019,08,20,Wellin,Wellin,Province de Luxembourg,Région wallonne,50.079753,5.104224,84075,Normales,Normaal,Sec,Droog,"Aube, crépuscule",Hors agglomération,Route régionale,Avec blessé(s) leger(s),Cyclomoteur,Camionnette,Entre 2 conducteurs: Par l'arrière,0
2019,08,05,Wellin,Wellin,Province de Luxembourg,Région wallonne,50.078783,5.10092,84075,Normales,Normaal,Sec+Propre,Droog+Proper,"Aube, crépuscule",Hors agglomération,Route régionale,Avec blessé(s) grave(s),Motocyclette,Camionnette,Entre 2 conducteurs: Par le côté (avant/derrière-flanc),1
2019,08,20,Bouillon,Bouillon,Province de Luxembourg,Région wallonne,49.796439,5.070072,84010,Normales,Normaal,Sec+Propre,Droog+Proper,"Aube, crépuscule",En agglomération,Route communale,Avec blessé(s) leger(s),Motocyclette,usager seul,"Un seul usager, pas d'obstacle (chute incl.)",1
2019,08,10,Libin,Libin,Province de Luxembourg,Région wallonne,50.007246,5.216856,84035,Normales,Normaal,Sec,Droog,Jour,Hors agglomération,Route régionale,Avec blessé(s) leger(s),Voiture,Bicyclette,Entre 2 conducteurs: Par le côté (avant/derrière-flanc),1
2019,08,12,Libin,Libin,Province de Luxembourg,Région wallonne,,,84035,Normales,Normaal,Propre,Proper,Jour,Hors agglomération,Route communale,Avec tué(s),Bicyclette,usager seul,"Un seul usager, pas d'obstacle (chute incl.)",1
2019,08,00,Namur,Namen,Province de Namur,Région wallonne,50.468081,4.85917,92094,"Inconnues, indéterminées",Onbekend,"Inconnu, indéterminé",Onbekend,"Inconnu, indéterminé",En agglomération,Route régionale,Avec blessé(s) leger(s),Motocyclette,Voiture,Entre 2 conducteurs: Flanc contre flanc,0
2019,08,15,Namur,Namen,Province de Namur,Région wallonne,50.472132,4.862588,92094,Normales,Normaal,Propre,Proper,Jour,En agglomération,Route communale,Avec blessé(s) leger(s),Motocyclette,usager/obstacle,Usager contre obstacle situé hors chaussée,0
2019,08,16,Namur,Namen,Province de Namur,Région wallonne,50.458804,4.874628,92094,Normales,Normaal,Propre,Proper,Jour,En agglomération,Route régionale,Avec blessé(s) leger(s),Cyclomoteur,Voiture,Entre 2 conducteurs: Flanc contre flanc,0
2019,08,13,Namur,Namen,Province de Namur,Région wallonne,50.448779,4.884725,92094,Pluie,Regenval,"Humide, mouillé, flaques","Nat, plassen",Jour,En agglomération,Route communale,Avec blessé(s) leger(s),Voiture,Bicyclette,Entre 2 conducteurs: Collision frontale,1
2019,08,13,Namur,Namen,Province de Namur,Région wallonne,50.457876,4.828498,92094,Normales,Normaal,Sec,Droog,Jour,En agglomération,Route communale,Avec blessé(s) leger(s),Motocyclette,usager seul,"Un seul usager, pas d'obstacle (chute incl.)",0
2019,08,19,Eghezée,Eghezée,Province de Namur,Région wallonne,50.58898,4.938268,92035,Normales,Normaal,Sec+Propre,Droog+Proper,Jour,Hors agglomération,Route communale,Avec blessé(s) leger(s),Cyclomoteur,usager/obstacle,Usager contre obstacle situé sur la chaussée,0
2019,08,12,Eghezée,Eghezée,Province de Namur,Région wallonne,,,92035,Normales,Normaal,Propre,Proper,Jour,En agglomération,Route communale,Avec blessé(s) leger(s),Voiture,Bicyclette,Entre 2 conducteurs: Flanc contre flanc,1
2019,08,13,Eghezée,Eghezée,Province de Namur,Région wallonne,50.582459,4.833349,92035,Normales,Normaal,Sec,Droog,Jour,En agglomération,Route régionale,Avec blessé(s) leger(s),Motocyclette,usager seul,"Un seul usager, pas d'obstacle (chute incl.)",0
2019,08,09,Gesves,Gesves,Province de Namur,Région wallonne,,,92054,Normales,Normaal,Propre,Proper,Jour,En agglomération,Route communale,Avec blessé(s) grave(s),Motocyclette,usager seul,"Un seul usager, pas d'obstacle (chute incl.)",0
2019,08,12,Andenne,Andenne,Province de Namur,Région wallonne,50.51427,4.993183,92003,Normales,Normaal,Sec,Droog,Jour,Hors agglomération,Route régionale,Avec blessé(s) leger(s),Motocyclette,usager seul,"Un seul usager, pas d'obstacle (chute incl.)",0
2019,08,11,Profondeville,Profondeville,Province de Namur,Région wallonne,50.387043,4.90551,92101,Normales,Normaal,Propre,Proper,Jour,En agglomération,Route communale,Avec blessé(s) leger(s),Camion,Cyclomoteur,Entre 2 conducteurs: Collision frontale,0
2019,08,08,Floreffe,Floreffe,Province de Namur,Région wallonne,50.455237,4.740862,92045,Normales,Normaal,Propre,Proper,Jour,Hors agglomération,Route communale,Avec blessé(s) leger(s),Cyclomoteur,usager seul,"Un seul usager, pas d'obstacle (chute incl.)",0
2019,08,09,Mettet,Mettet,Province de Namur,Région wallonne,50.281737,4.635606,92087,Normales,Normaal,Propre,Proper,Jour,Hors agglomération,Route régionale,Avec blessé(s) leger(s),Motocyclette,usager seul,"Un seul usager, pas d'obstacle (chute incl.)",0
2019,08,16,Mettet,Mettet,Province de Namur,Région wallonne,50.289377,4.643665,92087,Normales,Normaal,Sec,Droog,Jour,Hors agglomération,Route régionale,Avec blessé(s) leger(s),Motocyclette,Voiture,Entre 2 conducteurs: Par le côté (avant/derrière-flanc),1
2019,08,13,Florennes,Florennes,Province de Namur,Région wallonne,50.23534,4.684217,93022,Normales,Normaal,"Sale (sable, gravier, feuilles,...)","Vuil (zand, grint, bladeren,...)",Jour,Hors agglomération,Route régionale,Avec blessé(s) leger(s),Motocyclette,usager seul,"Un seul usager, pas d'obstacle (chute incl.)",0
2019,08,12,Florennes,Florennes,Province de Namur,Région wallonne,,,93022,"Inconnues, indéterminées",Onbekend,"Inconnu, indéterminé",Onbekend,Jour,inconnu,Route régionale,Avec blessé(s) leger(s),Voiture,Bicyclette,Entre 2 conducteurs: Flanc contre flanc,0
2019,08,18,Walcourt,Walcourt,Province de Namur,Région wallonne,,,93088,Normales,Normaal,Propre,Proper,Jour,Hors agglomération,Route communale,Avec blessé(s) leger(s),Motocyclette,usager seul,"Un seul usager, pas d'obstacle (chute incl.)",0
2019,08,23,Walcourt,Walcourt,Province de Namur,Région wallonne,50.267849,4.447756,93088,Normales,Normaal,Propre,Proper,"Nuit, éclairage public présent et allumé",Hors agglomération,Route régionale,Avec blessé(s) leger(s),Voiture,Motocyclette,Entre 2 conducteurs: Par l'arrière,0
2019,08,15,Beauraing,Beauraing,Province de Namur,Région wallonne,50.146069,4.928918,91013,Normales,Normaal,Propre,Proper,Jour,Hors agglomération,Route régionale,Avec blessé(s) leger(s),Motocyclette,usager seul,"Un seul usager, pas d'obstacle (chute incl.)",0
2019,08,15,Vresse-sur-Semois,Vresse-sur-Semois,Province de Namur,Région wallonne,49.869783,4.899913,91143,Normales,Normaal,Sec+Propre,Droog+Proper,Jour,Hors agglomération,Route régionale,Avec blessé(s) grave(s),Motocyclette,Motocyclette,Entre 2 conducteurs: Par l'arrière,0
2019,08,12,Gedinne,Gedinne,Province de Namur,Région wallonne,,,91054,Normales,Normaal,Sec,Droog,Jour,Hors agglomération,Route régionale,Avec blessé(s) leger(s),Motocyclette,usager seul,"Un seul usager, pas d'obstacle (chute incl.)",0
2019,08,17,Couvin,Couvin,Province de Namur,Région wallonne,50.042629,4.502615,93014,Normales,Normaal,Propre,Proper,Jour,En agglomération,Route communale,Avec blessé(s) leger(s),Voiture,Bicyclette,Entre 2 conducteurs: Par le côté (avant/derrière-flanc),0
2019,08,12,Couvin,Couvin,Province de Namur,Région wallonne,,,93014,Normales,Normaal,Sec+Propre,Droog+Proper,Jour,Hors agglomération,Route communale,Avec blessé(s) leger(s),Cyclomoteur,usager seul,"Un seul usager, pas d'obstacle (chute incl.)",0
2019,08,13,Dinant,Dinant,Province de Namur,Région wallonne,,,91034,Normales,Normaal,Sec+Propre,Droog+Proper,Jour,En agglomération,Route communale,Avec blessé(s) leger(s),Voiture,Motocyclette,Entre 2 conducteurs: Flanc contre flanc,0
2019,08,12,Yvoir,Yvoir,Province de Namur,Région wallonne,50.3527,4.879397,91141,Normales,Normaal,Sec,Droog,Jour,En agglomération,Route régionale,Avec blessé(s) leger(s),Voiture,Bicyclette,Entre 2 conducteurs: Flanc contre flanc,0
2019,08,11,Hastière,Hastière,Province de Namur,Région wallonne,50.214184,4.824181,91142,Normales,Normaal,Propre,Proper,Jour,En agglomération,Route régionale,Avec blessé(s) leger(s),Voiture,Motocyclette,Entre 2 conducteurs: Par le côté (avant/derrière-flanc),0
2019,08,18,Anhée,Anhée,Province de Namur,Région wallonne,50.348636,4.851491,91005,Normales,Normaal,Propre,Proper,Jour,En agglomération,Route régionale,Avec blessé(s) leger(s),Motocyclette,usager seul,"Un seul usager, pas d'obstacle (chute incl.)",0
2019,08,16,Dinant,Dinant,Province de Namur,Région wallonne,50.275983,4.895122,91034,Normales,Normaal,Propre,Proper,Jour,Hors agglomération,Route régionale,Avec blessé(s) leger(s),Voiture,Motocyclette,Entre 2 conducteurs: Par le côté (avant/derrière-flanc),0
2019,08,16,Dinant,Dinant,Province de Namur,Région wallonne,,,91034,Pluie,Regenval,"Humide, mouillé, flaques+Propre","Nat, plassen+Proper",Jour,En agglomération,Route régionale,Avec blessé(s) leger(s),Cyclomoteur,Voiture,Entre 2 conducteurs: Par l'arrière,0
2019,08,16,Onhaye,Onhaye,Province de Namur,Région wallonne,50.239402,4.74961,91103,Pluie,Regenval,"Humide, mouillé, flaques+Sale (sable, gravier, feuilles,...)","Nat, plassen+Vuil (zand, grint, bladeren,...)",Jour,Hors agglomération,Route communale,Avec blessé(s) leger(s),Motocyclette,usager seul,"Un seul usager, pas d'obstacle (chute incl.)",1
2019,08,08,Rochefort,Rochefort,Province de Namur,Région wallonne,,,91114,Normales,Normaal,Propre,Proper,Jour,En agglomération,Route régionale,Avec blessé(s) leger(s),Voiture,Motocyclette,Entre 2 conducteurs: Par le côté (avant/derrière-flanc),1
2019,08,12,Somme-Leuze,Somme-Leuze,Province de Namur,Région wallonne,,,91120,"Inconnues, indéterminées",Onbekend,Propre,Proper,Jour,En agglomération,Route régionale,Avec blessé(s) leger(s),Voiture,Bicyclette,Entre 2 conducteurs: Par le côté (avant/derrière-flanc),0
2019,08,16,Ciney,Ciney,Province de Namur,Région wallonne,50.249735,5.199911,91030,Normales,Normaal,Sec+Propre,Droog+Proper,Jour,En agglomération,Route régionale,Avec blessé(s) leger(s),Motocyclette,Voiture,Entre 2 conducteurs: Par l'arrière,0
2019,08,07,Ciney,Ciney,Province de Namur,Région wallonne,50.296408,5.101322,91030,Normales,Normaal,Propre,Proper,Jour,En agglomération,Route régionale,Avec blessé(s) leger(s),Voiture,Bicyclette,Entre 2 conducteurs: Collision frontale,1
2019,08,11,Somme-Leuze,Somme-Leuze,Province de Namur,Région wallonne,50.300003,5.376914,91120,Normales,Normaal,Sec,Droog,Jour,En agglomération,Route régionale,Avec blessé(s) leger(s),Voiture,Bicyclette,Collision en chaîne (3 conducteurs ou plus),0
2019,08,16,Somme-Leuze,Somme-Leuze,Province de Namur,Région wallonne,50.298575,5.314774,91120,Normales,Normaal,Propre,Proper,Jour,Hors agglomération,Route régionale,Avec tué(s),Voiture,Motocyclette,Entre 2 conducteurs: Collision frontale,0
2019,08,16,Cerfontaine,Cerfontaine,Province de Namur,Région wallonne,50.215569,4.398378,93010,Normales,Normaal,Sec,Droog,Jour,Hors agglomération,Route régionale,Avec blessé(s) leger(s),Motocyclette,usager/obstacle,Usager contre obstacle situé hors chaussée,0
2019,08,11,Cerfontaine,Cerfontaine,Province de Namur,Région wallonne,50.181823,4.399735,93010,Normales,Normaal,Propre,Proper,Jour,Hors agglomération,Route régionale,Avec blessé(s) grave(s),Motocyclette,Voiture,Entre 2 conducteurs: Par le côté (avant/derrière-flanc),1
2019,08,08,Tournai,Doornik,Province de Hainaut,Région wallonne,,,57081,Normales,Normaal,Sec,Droog,Jour,Hors agglomération,Route régionale,Avec blessé(s) leger(s),Cyclomoteur,usager seul,"Un seul usager, pas d'obstacle (chute incl.)",1
2019,08,17,Tournai,Doornik,Province de Hainaut,Région wallonne,50.610283,3.395971,57081,Normales,Normaal,Sec+Propre,Droog+Proper,Jour,En agglomération,Route communale,Avec blessé(s) leger(s),Voiture,Cyclomoteur,Entre 2 conducteurs: Par le côté (avant/derrière-flanc),1
2019,08,12,Tournai,Doornik,Province de Hainaut,Région wallonne,50.593519,3.53326,57081,Normales,Normaal,Sec,Droog,Jour,En agglomération,Route régionale,Avec blessé(s) leger(s),Motocyclette,Voiture,Entre 2 conducteurs: Par le côté (avant/derrière-flanc),0