year,month,hour,municipality_fr,municipality_nl,province_fr,region_fr,latitude,longitude,nis_code,weather_fr,weather_nl,road_condition_fr,road_condition_nl,light_condition_fr,build_up_area_fr,road_type_fr,severity_fr,road_user1_fr,road_user2_fr,collision_type_fr,at_crossway
2019,08,10,Rumes,Rumes,Province de Hainaut,Région wallonne,,,57072,Normales,Normaal,Propre,Proper,Jour,Hors agglomération,Route régionale,Avec blessé(s) leger(s),Bicyclette,Voiture,Entre 2 conducteurs: Flanc contre flanc,0
2019,08,05,Mouscron,Moeskroen,Province de Hainaut,Région wallonne,,,57096,Normales,Normaal,"Humide, mouillé, flaques","Nat, plassen","Nuit, éclairage public présent et allumé",Hors agglomération,Route communale,Avec blessé(s) leger(s),Motocyclette,Voiture,Entre 2 conducteurs: Flanc contre flanc,0
2019,08,17,Mouscron,Moeskroen,Province de Hainaut,Région wallonne,,,57096,Normales,Normaal,Sec,Droog,Jour,En agglomération,Route communale,Avec blessé(s) leger(s),Bicyclette,Bicyclette,Entre 2 conducteurs: Par l'arrière,0
2019,08,19,Mouscron,Moeskroen,Province de Hainaut,Région wallonne,,,57096,Normales,Normaal,Sec,Droog,Jour,En agglomération,Route régionale,Avec blessé(s) leger(s),Cyclomoteur,usager seul,"Un seul usager, pas d'obstacle (chute incl.)",0
2019,08,16,Mouscron,Moeskroen,Province de Hainaut,Région wallonne,50.729603,3.302859,57096,Normales,Normaal,Propre,Proper,Jour,En agglomération,Route communale,Avec blessé(s) grave(s),Voiture,Bicyclette,Entre 2 conducteurs: Par le côté (avant/derrière-flanc),0
2019,08,16,Mouscron,Moeskroen,Province de Hainaut,Région wallonne,50.742066,3.246739,57096,Normales,Normaal,Sec+Propre,Droog+Proper,Jour,Hors agglomération,Route régionale,Avec blessé(s) leger(s),Voiture,Motocyclette,Entre 2 conducteurs: Par l'arrière,0
2019,08,14,Mouscron,Moeskroen,Province de Hainaut,Région wallonne,,,57096,"Inconnues, indéterminées",Onbekend,"Inconnu, indéterminé",Onbekend,Jour,inconnu,Route régionale,Avec blessé(s) leger(s),Motocyclette,Bicyclette,Entre 2 conducteurs: Flanc contre flanc,0
2019,08,23,Comines-Warneton,Komen-Waasten,Province de Hainaut,Région wallonne,50.707848,2.875273,57097,Normales,Normaal,Sec+Propre,Droog+Proper,"Nuit, éclairage public présent et allumé",En agglomération,Route communale,Avec blessé(s) grave(s),Bicyclette,Voiture,Entre 2 conducteurs: Collision frontale,0
2019,08,17,Beloeil,Beloeil,Province de Hainaut,Région wallonne,50.533467,3.652198,51008,Normales,Normaal,Propre,Proper,Jour,En agglomération,Route communale,Avec blessé(s) leger(s),Voiture,Bicyclette,Entre 2 conducteurs: Flanc contre flanc,0
2019,08,12,Beloeil,Beloeil,Province de Hainaut,Région wallonne,50.496314,3.70715,51008,Normales,Normaal,Sec,Droog,Jour,En agglomération,Route communale,Avec blessé(s) grave(s),Voiture,Cyclomoteur,Entre 2 conducteurs: Collision frontale,1
2019,08,11,Mont-de-l’Enclus,Mont-de-l’Enclus,Province de Hainaut,Région wallonne,50.755792,3.466363,57095,Normales,Normaal,Propre,Proper,Jour,Hors agglomération,Route communale,Avec blessé(s) leger(s),Bicyclette,Motocyclette,Entre 2 conducteurs: Par l'arrière,1
2019,08,14,Ath,Aat,Province de Hainaut,Région wallonne,50.630768,3.784483,51004,Normales,Normaal,Propre,Proper,Jour,En agglomération,Route régionale,Avec blessé(s) leger(s),Bicyclette,Voiture,Entre 2 conducteurs: Par l'arrière,1
2019,08,12,Ath,Aat,Province de Hainaut,Région wallonne,50.627328,3.778208,51004,Normales,Normaal,Sec,Droog,Jour,En agglomération,Route communale,Avec blessé(s) leger(s),Voiture,Bicyclette,Entre 2 conducteurs: Par l'arrière,0
2019,08,11,Ath,Aat,Province de Hainaut,Région wallonne,50.633554,3.776405,51004,Normales,Normaal,Sec+Propre,Droog+Proper,Jour,En agglomération,Route communale,Avec blessé(s) leger(s),Motocyclette,usager seul,"Un seul usager, pas d'obstacle (chute incl.)",0
2019,08,17,Frasnes-lez-Anvaing,Frasnes-lez-Anvaing,Province de Hainaut,Région wallonne,,,51065,Normales,Normaal,Sec+Propre,Droog+Proper,Jour,Hors agglomération,Route communale,Avec blessé(s) leger(s),Voiture,Motocyclette,Entre 2 conducteurs: Par l'arrière,1
2019,08,15,Lessines,Lessen,Province de Hainaut,Région wallonne,50.730489,3.858668,51069,Normales,Normaal,Sec+Propre,Droog+Proper,Jour,En agglomération,Route communale,Avec blessé(s) leger(s),Bicyclette,usager/obstacle,Usager contre obstacle situé sur la chaussée,0
2019,08,19,Ellezelles,Elzele,Province de Hainaut,Région wallonne,50.71907,3.680599,51017,Normales,Normaal,Sec,Droog,Jour,Hors agglomération,Route communale,Avec blessé(s) leger(s),Motocyclette,usager seul,"Un seul usager, pas d'obstacle (chute incl.)",0
2019,08,14,Mons,Bergen,Province de Hainaut,Région wallonne,50.447275,3.952729,53053,Normales,Normaal,Propre,Proper,Jour,En agglomération,Route communale,Avec tué(s),Voiture,Motocyclette,Entre 2 conducteurs: Flanc contre flanc,0
2019,08,07,Mons,Bergen,Province de Hainaut,Région wallonne,50.470527,3.917787,53053,"Inconnues, indéterminées",Onbekend,"Inconnu, indéterminé",Onbekend,"Inconnu, indéterminé",En agglomération,Route régionale,Avec blessé(s) leger(s),Motocyclette,usager/obstacle,Usager contre obstacle situé sur la chaussée,1
2019,08,16,Mons,Bergen,Province de Hainaut,Région wallonne,,,53053,Normales,Normaal,Sec+Propre,Droog+Proper,Jour,En agglomération,Route communale,Avec blessé(s) grave(s),Voiture,Cyclomoteur,Entre 2 conducteurs: Collision frontale,1
2019,08,00,Mons,Bergen,Province de Hainaut,Région wallonne,,,53053,"Inconnues, indéterminées",Onbekend,Propre,Proper,"Nuit, éclairage public présent et allumé",En agglomération,Route régionale,Avec blessé(s) leger(s),Voiture,Motocyclette,Entre 2 conducteurs: Collision frontale,0
2019,08,15,La Louvière,La Louvière,Province de Hainaut,Région wallonne,50.448685,4.144979,58001,Normales,Normaal,Sec+Propre,Droog+Proper,Jour,En agglomération,Route communale,Avec blessé(s) leger(s),Bicyclette,Voiture,Entre 2 conducteurs: Par l'arrière,0
2019,08,12,La Louvière,La Louvière,Province de Hainaut,Région wallonne,,,58001,Normales,Normaal,Sec+Propre,Droog+Proper,Jour,En agglomération,Route communale,Avec blessé(s) leger(s),Voiture,Bicyclette,Entre 2 conducteurs: Par le côté (avant/derrière-flanc),1
2019,08,18,La Louvière,La Louvière,Province de Hainaut,Région wallonne,,,58001,Normales,Normaal,Sec,Droog,Jour,En agglomération,Route communale,Avec blessé(s) leger(s),Cyclomoteur,Voiture,Entre 2 conducteurs: Par le côté (avant/derrière-flanc),0
2019,08,16,La Louvière,La Louvière,Province de Hainaut,Région wallonne,50.461363,4.154037,58001,Normales,Normaal,Propre,Proper,Jour,En agglomération,Route communale,Avec blessé(s) leger(s),Motocyclette,usager seul,"Un seul usager, pas d'obstacle (chute incl.)",0
2019,08,21,La Louvière,La Louvière,Province de Hainaut,Région wallonne,50.479521,4.206782,58001,Normales,Normaal,Sec+Propre,Droog+Proper,"Nuit, pas d'éclairage public présent",En agglomération,Route communale,Avec blessé(s) leger(s),Cyclomoteur,usager seul,"Un seul usager, pas d'obstacle (chute incl.)",1
2019,08,07,Jurbise,Jurbeke,Province de Hainaut,Région wallonne,,,53044,Normales,Normaal,Propre,Proper,Jour,En agglomération,Route communale,Avec blessé(s) leger(s),Motocyclette,usager seul,"Un seul usager, pas d'obstacle (chute incl.)",0
2019,08,16,Enghien,Edingen,Province de Hainaut,Région wallonne,50.684816,4.00531,51067,Normales,Normaal,Sec,Droog,Jour,Hors agglomération,Route régionale,Avec blessé(s) grave(s),Motocyclette,Voiture,Entre 2 conducteurs: Par le côté (avant/derrière-flanc),1
2019,08,20,Quaregnon,Quaregnon,Province de Hainaut,Région wallonne,,,53065,Normales,Normaal,Sec,Droog,Jour,Hors agglomération,Route régionale,Avec blessé(s) leger(s),Motocyclette,usager/obstacle,Usager contre obstacle situé hors chaussée,0
2019,08,09,Mons,Bergen,Province de Hainaut,Région wallonne,50.457936,3.955472,53053,Normales,Normaal,Sec,Droog,Jour,En agglomération,Route communale,Avec blessé(s) leger(s),Cyclomoteur,Cyclomoteur,Entre 2 conducteurs: Par le côté (avant/derrière-flanc),0
2019,08,07,Saint-Ghislain,Saint-Ghislain,Province de Hainaut,Région wallonne,,,53070,"Inconnues, indéterminées",Onbekend,"Inconnu, indéterminé",Onbekend,"Inconnu, indéterminé",inconnu,Route communale,Avec blessé(s) leger(s),Bicyclette,Voiture,Entre 2 conducteurs: Par le côté (avant/derrière-flanc),0
2019,08,12,Ecaussinnes,Ecaussinnes,Province de Hainaut,Région wallonne,,,55050,Normales,Normaal,"Inconnu, indéterminé",Onbekend,Jour,Hors agglomération,Route communale,Avec blessé(s) leger(s),Bicyclette,usager/obstacle,Usager contre obstacle situé sur la chaussée,0
2019,08,15,Charleroi,Charleroi,Province de Hainaut,Région wallonne,,,52011,Normales,Normaal,Propre,Proper,Jour,En agglomération,Route régionale,Avec blessé(s) leger(s),Voiture,Cyclomoteur,Entre 2 conducteurs: Par l'arrière,0
2019,08,16,Châtelet,Châtelet,Province de Hainaut,Région wallonne,50.420989,4.514803,52012,Normales,Normaal,"Sale (sable, gravier, feuilles,...)","Vuil (zand, grint, bladeren,...)",Jour,En agglomération,Route communale,Avec blessé(s) leger(s),Bicyclette,usager seul,"Un seul usager, pas d'obstacle (chute incl.)",1
2019,08,17,Charleroi,Charleroi,Province de Hainaut,Région wallonne,,,52011,Normales,Normaal,"Humide, mouillé, flaques","Nat, plassen",Jour,Hors agglomération,Route régionale,Avec blessé(s) leger(s),Cyclomoteur,usager seul,"Un seul usager, pas d'obstacle (chute incl.)",0
2019,08,16,Châtelet,Châtelet,Province de Hainaut,Région wallonne,,,52012,Normales,Normaal,Sec,Droog,Jour,En agglomération,Route communale,Avec blessé(s) leger(s),Voiture,Cyclomoteur,Entre 2 conducteurs: Par le côté (avant/derrière-flanc),1
2019,08,01,Charleroi,Charleroi,Province de Hainaut,Région wallonne,,,52011,Pluie,Regenval,"Humide, mouillé, flaques","Nat, plassen","Nuit, éclairage public présent et allumé",En agglomération,Route communale,Avec blessé(s) leger(s),Voiture,Motocyclette,Entre 2 conducteurs: Par le côté (avant/derrière-flanc),1
2019,08,15,Charleroi,Charleroi,Province de Hainaut,Région wallonne,50.422618,4.480188,52011,Normales,Normaal,Sec+Propre,Droog+Proper,Jour,En agglomération,Route régionale,Avec blessé(s) leger(s),Voiture,Cyclomoteur,Entre 2 conducteurs: Collision frontale,0
2019,08,10,Charleroi,Charleroi,Province de Hainaut,Région wallonne,50.389359,4.43345,52011,Normales,Normaal,Propre,Proper,Jour,En agglomération,Route régionale,Avec blessé(s) leger(s),Camionnette,Cyclomoteur,Entre 2 conducteurs: Collision frontale,0
2019,08,13,Charleroi,Charleroi,Province de Hainaut,Région wallonne,50.426566,4.415129,52011,Normales,Normaal,Sec+Propre,Droog+Proper,Jour,En agglomération,Route communale,Avec blessé(s) leger(s),Bicyclette,Voiture,Entre 2 conducteurs: Par le côté (avant/derrière-flanc),0
2019,08,15,Charleroi,Charleroi,Province de Hainaut,Région wallonne,50.389108,4.405432,52011,Normales,Normaal,Propre,Proper,Jour,En agglomération,Route régionale,Avec blessé(s) leger(s),Voiture,Motocyclette,Entre 2 conducteurs: Par l'arrière,0
2019,08,16,Charleroi,Charleroi,Province de Hainaut,Région wallonne,,,52011,Normales,Normaal,Sec,Droog,Jour,En agglomération,Route régionale,Avec blessé(s) leger(s),Voiture,Motocyclette,Entre 2 conducteurs: Par le côté (avant/derrière-flanc),1
2019,08,20,Charleroi,Charleroi,Province de Hainaut,Région wallonne,,,52011,Pluie,Regenval,"Humide, mouillé, flaques","Nat, plassen","Nuit, éclairage public présent et allumé",En agglomération,Route communale,Avec blessé(s) leger(s),Cyclomoteur,usager seul,"Un seul usager, pas d'obstacle (chute incl.)",1
2019,08,17,Charleroi,Charleroi,Province de Hainaut,Région wallonne,,,52011,Normales,Normaal,Sec+Propre,Droog+Proper,Jour,En agglomération,Route communale,Avec blessé(s) leger(s),Voiture,Motocyclette,Entre 2 conducteurs: Par l'arrière,0
2019,08,18,Farciennes,Farciennes,Province de Hainaut,Région wallonne,50.433096,4.543348,52018,Normales,Normaal,Sec,Droog,Jour,En agglomération,Route communale,Avec blessé(s) grave(s),Voiture,Bicyclette,Entre 2 conducteurs: Par l'arrière,1
2019,08,19,Froidchapelle,Froidchapelle,Province de Hainaut,Région wallonne,50.156979,4.353677,56029,Normales,Normaal,Propre,Proper,Jour,Hors agglomération,Route communale,Avec tué(s),Motocyclette,usager/obstacle,Usager contre obstacle situé hors chaussée,0
2019,08,18,Froidchapelle,Froidchapelle,Province de Hainaut,Région wallonne,,,56029,Normales,Normaal,Propre,Proper,Jour,Hors agglomération,Route régionale,Avec blessé(s) leger(s),Voiture,Motocyclette,Entre 2 conducteurs: Par le côté (avant/derrière-flanc),1
2019,08,13,Froidchapelle,Froidchapelle,Province de Hainaut,Région wallonne,,,56029,Normales,Normaal,"Sale (sable, gravier, feuilles,...)","Vuil (zand, grint, bladeren,...)",Jour,Hors agglomération,Route régionale,Avec blessé(s) leger(s),Motocyclette,usager/obstacle,Usager contre obstacle situé hors chaussée,1
2019,08,15,Anderlues,Anderlues,Province de Hainaut,Région wallonne,50.42366,4.255868,56001,Normales,Normaal,Sec+Propre,Droog+Proper,Jour,En agglomération,Route communale,Avec blessé(s) leger(s),Voiture,Motocyclette,Entre 2 conducteurs: Par l'arrière,1
2019,08,16,Seneffe,Seneffe,Province de Hainaut,Région wallonne,50.565298,4.281627,55085,Pluie,Regenval,"Humide, mouillé, flaques","Nat, plassen",Jour,En agglomération,Route régionale,Avec blessé(s) leger(s),Motocyclette,Voiture,Entre 2 conducteurs: Par le côté (avant/derrière-flanc),1
2019,08,20,Manage,Manage,Province de Hainaut,Région wallonne,50.487059,4.227779,55086,Normales,Normaal,Sec,Droog,Jour,En agglomération,Route régionale,Avec blessé(s) leger(s),Voiture,Cyclomoteur,Entre 2 conducteurs: Par le côté (avant/derrière-flanc),1
2019,08,10,Courcelles,Courcelles,Province de Hainaut,Région wallonne,50.460585,4.379025,52015,Normales,Normaal,Sec,Droog,Jour,En agglomération,Route régionale,Avec blessé(s) leger(s),Voiture,Cyclomoteur,Entre 2 conducteurs: Flanc contre flanc,0
2019,08,13,Fontaine-l’Evêque,Fontaine-l’Evêque,Province de Hainaut,Région wallonne,50.415611,4.308667,52022,Pluie,Regenval,"Humide, mouillé, flaques","Nat, plassen",Jour,En agglomération,Route communale,Avec blessé(s) leger(s),Cyclomoteur,usager seul,"Un seul usager, pas d'obstacle (chute incl.)",0
2019,08,19,Fleurus,Fleurus,Province de Hainaut,Région wallonne,50.473994,4.585044,52021,Normales,Normaal,Propre,Proper,Jour,En agglomération,Route régionale,Avec blessé(s) leger(s),Cyclomoteur,usager/obstacle,Usager contre obstacle situé hors chaussée,0
2019,08,09,Pont-à-Celles,Pont-à-Celles,Province de Hainaut,Région wallonne,,,52055,Normales,Normaal,Sec,Droog,Jour,En agglomération,Route communale,Avec blessé(s) leger(s),Voiture,Bicyclette,Entre 2 conducteurs: Flanc contre flanc,0
2019,08,20,Les Bons Villers,Les Bons Villers,Province de Hainaut,Région wallonne,50.540132,4.418657,52075,Normales,Normaal,Sec+Propre,Droog+Proper,Jour,En agglomération,Route communale,Avec blessé(s) leger(s),Motocyclette,usager/obstacle,Usager contre obstacle situé hors chaussée,0
2019,08,16,Fleurus,Fleurus,Province de Hainaut,Région wallonne,50.480616,4.54971,52021,Normales,Normaal,Sec,Droog,Jour,En agglomération,Route régionale,Avec blessé(s) leger(s),Voiture,Bicyclette,Entre 2 conducteurs: Par le côté (avant/derrière-flanc),0
2019,08,17,Pont-à-Celles,Pont-à-Celles,Province de Hainaut,Région wallonne,50.485392,4.429626,52055,Normales,Normaal,Sec+Propre,Droog+Proper,Jour,En agglomération,Route régionale,Avec blessé(s) leger(s),Voiture,Motocyclette,Entre 2 conducteurs: Par le côté (avant/derrière-flanc),0
2019,08,18,Thuin,Thuin,Province de Hainaut,Région wallonne,50.339149,4.30444,56078,Normales,Normaal,Propre,Proper,"Aube, crépuscule",En agglomération,Route régionale,Avec blessé(s) grave(s),Cyclomoteur,Voiture,Entre 2 conducteurs: Par le côté (avant/derrière-flanc),0
2019,08,16,Montigny-le-Tilleul,Montigny-le-Tilleul,Province de Hainaut,Région wallonne,50.383915,4.342863,52048,Normales,Normaal,Sec+Propre,Droog+Proper,Jour,En agglomération,Route communale,Avec blessé(s) grave(s),Voiture,Motocyclette,Entre 2 conducteurs: Par l'arrière,0
2019,08,21,Thuin,Thuin,Province de Hainaut,Région wallonne,,,56078,"Inconnues, indéterminées",Onbekend,"Inconnu, indéterminé",Onbekend,"Inconnu, indéterminé",inconnu,Route communale,Avec blessé(s) leger(s),Bicyclette,Voiture,Entre 2 conducteurs: Flanc contre flanc,0
2019,08,16,Bruxelles,Brussel,,Région de Bruxelles-Capitale,50.850722,4.344848,21004,Normales,Normaal,Sec+Propre,Droog+Proper,Jour,En agglomération,Route communale,Avec blessé(s) leger(s),Cyclomoteur,Voiture,Entre 2 conducteurs: Flanc contre flanc,0
2019,08,10,Saint-Gilles,Sint-Gillis,,Région de Bruxelles-Capitale,50.839176,4.340503,21013,Normales,Normaal,Sec,Droog,Jour,En agglomération,Route régionale,Avec blessé(s) leger(s),Voiture,Motocyclette,Entre 2 conducteurs: Par le côté (avant/derrière-flanc),1
2019,08,14,Bruxelles,Brussel,,Région de Bruxelles-Capitale,50.881474,4.347695,21004,Normales,Normaal,Sec,Droog,Jour,En agglomération,Route communale,Avec blessé(s) leger(s),Cyclomoteur,Voiture,Entre 2 conducteurs: Par le côté (avant/derrière-flanc),1
2019,08,10,Ixelles,Elsene,,Région de Bruxelles-Capitale,50.832072,4.367268,21009,Normales,Normaal,Sec,Droog,Jour,En agglomération,Route régionale,Avec blessé(s) leger(s),Voiture,Bicyclette,Entre 2 conducteurs: Par le côté (avant/derrière-flanc),1
2019,08,15,Bruxelles,Brussel,,Région de Bruxelles-Capitale,50.846032,4.349643,21004,Normales,Normaal,Sec+Propre,Droog+Proper,Jour,En agglomération,Route communale,Avec blessé(s) leger(s),Voiture,Motocyclette,Entre 2 conducteurs: Par l'arrière,1
2019,08,08,Bruxelles,Brussel,,Région de Bruxelles-Capitale,50.863083,4.352511,21004,Normales,Normaal,Sec,Droog,Jour,En agglomération,Route communale,Avec blessé(s) leger(s),Voiture,Motocyclette,Entre 2 conducteurs: Par le côté (avant/derrière-flanc),0
2019,08,18,Bruxelles,Brussel,,Région de Bruxelles-Capitale,50.883319,4.351323,21004,Normales,Normaal,Sec,Droog,Jour,En agglomération,Route communale,Avec blessé(s) leger(s),Bicyclette,usager seul,"Un seul usager, pas d'obstacle (chute incl.)",0
2019,08,15,Etterbeek,Etterbeek,,Région de Bruxelles-Capitale,,,21005,Normales,Normaal,"Inconnu, indéterminé",Onbekend,Jour,En agglomération,Route régionale,Avec blessé(s) leger(s),Bicyclette,Voiture,Entre 2 conducteurs: Par le côté (avant/derrière-flanc),0
2019,08,17,Ixelles,Elsene,,Région de Bruxelles-Capitale,50.832707,4.377941,21009,Normales,Normaal,Sec+Propre,Droog+Proper,Jour,En agglomération,Route communale,Avec blessé(s) leger(s),Voiture,Motocyclette,Entre 2 conducteurs: Par l'arrière,0
2019,08,11,Bruxelles,Brussel,,Région de Bruxelles-Capitale,50.831562,4.359118,21004,Normales,Normaal,Sec,Droog,Jour,En agglomération,Route régionale,Avec blessé(s) leger(s),Voiture,Bicyclette,Entre 2 conducteurs: Flanc contre flanc,0
2019,08,17,Bruxelles,Brussel,,Région de Bruxelles-Capitale,50.849439,4.351162,21004,Normales,Normaal,Sec+Propre,Droog+Proper,Jour,En agglomération,Route communale,Avec blessé(s) leger(s),Bicyclette,Piéton,Avec un piéton,0
2019,08,20,Bruxelles,Brussel,,Région de Bruxelles-Capitale,,,21004,Normales,Normaal,Sec,Droog,Jour,En agglomération,Route régionale,Avec blessé(s) leger(s),Voiture,Motocyclette,Entre 2 conducteurs: Par l'arrière,0
2019,08,13,Bruxelles,Brussel,,Région de Bruxelles-Capitale,50.849559,4.363753,21004,Normales,Normaal,Sec+Propre,Droog+Proper,Jour,En agglomération,Route communale,Avec blessé(s) leger(s),Cyclomoteur,usager seul,"Un seul usager, pas d'obstacle (chute incl.)",0
2019,08,23,Bruxelles,Brussel,,Région de Bruxelles-Capitale,50.84951,4.34143,21004,Normales,Normaal,Propre,Proper,"Nuit, éclairage public présent et allumé",En agglomération,Route communale,Avec blessé(s) leger(s),Cyclomoteur,Voiture,Entre 2 conducteurs: Par le côté (avant/derrière-flanc),1
2019,08,08,Ixelles,Elsene,,Région de Bruxelles-Capitale,50.830166,4.370098,21009,Normales,Normaal,Sec,Droog,Jour,En agglomération,Route communale,Avec blessé(s) leger(s),Voiture,Bicyclette,Entre 2 conducteurs: Par le côté (avant/derrière-flanc),1
2019,08,08,Bruxelles,Brussel,,Région de Bruxelles-Capitale,,,21004,Normales,Normaal,Sec,Droog,Jour,En agglomération,Route communale,Avec blessé(s) leger(s),Voiture,Motocyclette,Entre 2 conducteurs: Par le côté (avant/derrière-flanc),1
2019,08,08,Bruxelles,Brussel,,Région de Bruxelles-Capitale,,,21004,Normales,Normaal,Propre,Proper,Jour,En agglomération,Route régionale,Avec blessé(s) leger(s),Camionnette,Bicyclette,Entre 2 conducteurs: Flanc contre flanc,0
2019,08,17,Ixelles,Elsene,,Région de Bruxelles-Capitale,50.817786,4.378863,21009,Normales,Normaal,Sec+Propre,Droog+Proper,Jour,En agglomération,Route régionale,Avec blessé(s) leger(s),Bicyclette,Camionnette,Entre 2 conducteurs: Par le côté (avant/derrière-flanc),0
2019,08,13,Bruxelles,Brussel,,Région de Bruxelles-Capitale,50.848539,4.378898,21004,Normales,Normaal,Sec,Droog,Jour,En agglomération,Route communale,Avec blessé(s) leger(s),Bicyclette,usager seul,"Un seul usager, pas d'obstacle (chute incl.)",0
2019,08,17,Bruxelles,Brussel,,Région de Bruxelles-Capitale,50.901026,4.360521,21004,Normales,Normaal,Propre,Proper,Jour,En agglomération,Route communale,Avec blessé(s) leger(s),Motocyclette,Voiture,Entre 2 conducteurs: Par l'arrière,0
2019,08,18,Bruxelles,Brussel,,Région de Bruxelles-Capitale,50.826004,4.365542,21004,Normales,Normaal,Sec,Droog,Jour,En agglomération,Route régionale,Avec blessé(s) leger(s),Motocyclette,Bicyclette,Entre 2 conducteurs: Par l'arrière,0
2019,08,19,Ixelles,Elsene,,Région de Bruxelles-Capitale,50.818361,4.379342,21009,Normales,Normaal,Sec+Propre,Droog+Proper,Jour,En agglomération,Route régionale,Avec blessé(s) leger(s),Bicyclette,Voiture,Entre 2 conducteurs: Par le côté (avant/derrière-flanc),1
2019,08,12,Ixelles,Elsene,,Région de Bruxelles-Capitale,,,21009,Normales,Normaal,Sec,Droog,Jour,En agglomération,Route régionale,Avec blessé(s) leger(s),Voiture,Bicyclette,Entre 2 conducteurs: Collision frontale,0
2019,08,15,Ixelles,Elsene,,Région de Bruxelles-Capitale,50.837511,4.362077,21009,Normales,Normaal,Sec+Propre,Droog+Proper,Jour,En agglomération,Route régionale,Avec blessé(s) leger(s),Bicyclette,Piéton,Avec un piéton,0
2019,08,23,Bruxelles,Brussel,,Région de Bruxelles-Capitale,50.827546,4.364424,21004,Normales,Normaal,Sec+Propre,Droog+Proper,"Nuit, éclairage public présent et allumé",En agglomération,Route communale,Avec blessé(s) leger(s),Voiture,Bicyclette,Entre 2 conducteurs: Par le côté (avant/derrière-flanc),0
2019,08,08,Bruxelles,Brussel,,Région de Bruxelles-Capitale,50.846843,4.36247,21004,"Inconnues, indéterminées",Onbekend,"Inconnu, indéterminé",Onbekend,Jour,En agglomération,Route régionale,Avec blessé(s) leger(s),Voiture,Bicyclette,Entre 2 conducteurs: Collision frontale,1
2019,08,07,Bruxelles,Brussel,,Région de Bruxelles-Capitale,,,21004,Normales,Normaal,Sec,Droog,Jour,En agglomération,Route régionale,Avec blessé(s) grave(s),Bicyclette,usager/obstacle,Usager contre obstacle situé sur la chaussée,0
2019,08,22,Bruxelles,Brussel,,Région de Bruxelles-Capitale,50.853065,4.351434,21004,Normales,Normaal,Propre,Proper,"Nuit, éclairage public présent et allumé",En agglomération,Route communale,Avec blessé(s) leger(s),Voiture,Bicyclette,Entre 2 conducteurs: Par l'arrière,0
2019,08,21,Bruxelles,Brussel,,Région de Bruxelles-Capitale,50.849063,4.382047,21004,Normales,Normaal,Sec+Propre,Droog+Proper,"Nuit, éclairage public présent et allumé",En agglomération,Route communale,Avec blessé(s) leger(s),Cyclomoteur,Motocyclette,Entre 2 conducteurs: Par le côté (avant/derrière-flanc),1
2019,08,23,Bruxelles,Brussel,,Région de Bruxelles-Capitale,50.834305,4.34306,21004,Normales,Normaal,Sec+Propre,Droog+Proper,"Nuit, éclairage public présent et allumé",En agglomération,Route régionale,Avec blessé(s) leger(s),Bicyclette,Voiture,Entre 2 conducteurs: Flanc contre flanc,1
2019,08,22,Bruxelles,Brussel,,Région de Bruxelles-Capitale,,,21004,Pluie,Regenval,"Humide, mouillé, flaques","Nat, plassen","Nuit, éclairage public présent et allumé",En agglomération,Route régionale,Avec blessé(s) leger(s),Bicyclette,usager seul,"Un seul usager, pas d'obstacle (chute incl.)",0
2019,08,16,Bruxelles,Brussel,,Région de Bruxelles-Capitale,50.848596,4.358398,21004,Normales,Normaal,Sec,Droog,Jour,En agglomération,Route communale,Avec blessé(s) leger(s),Voiture,Bicyclette,Entre 2 conducteurs: Flanc contre flanc,0
2019,08,16,Bruxelles,Brussel,,Région de Bruxelles-Capitale,50.840863,4.371716,21004,Pluie,Regenval,"Humide, mouillé, flaques","Nat, plassen",Jour,En agglomération,Route communale,Avec blessé(s) leger(s),Bicyclette,Voiture,Entre 2 conducteurs: Par le côté (avant/derrière-flanc),1
2019,08,16,Bruxelles,Brussel,,Région de Bruxelles-Capitale,50.85151,4.344523,21004,Pluie,Regenval,"Humide, mouillé, flaques","Nat, plassen",Jour,En agglomération,Route communale,Avec blessé(s) leger(s),Voiture,Bicyclette,Entre 2 conducteurs: Par le côté (avant/derrière-flanc),0
2019,08,09,Bruxelles,Brussel,,Région de Bruxelles-Capitale,50.811645,4.380841,21004,Normales,Normaal,Sec+Propre,Droog+Proper,Jour,En agglomération,Route régionale,Avec blessé(s) leger(s),Voiture,Bicyclette,Entre 2 conducteurs: Par le côté (avant/derrière-flanc),0
2019,08,09,Ixelles,Elsene,,Région de Bruxelles-Capitale,50.834273,4.356771,21009,Normales,Normaal,Sec,Droog,Jour,En agglomération,Route communale,Avec blessé(s) leger(s),Voiture,Bicyclette,Entre 2 conducteurs: Flanc contre flanc,0
2019,08,14,Ixelles,Elsene,,Région de Bruxelles-Capitale,50.83578,4.377223,21009,Normales,Normaal,Propre,Proper,Jour,En agglomération,Route régionale,Avec blessé(s) leger(s),Bicyclette,usager seul,"Un seul usager, pas d'obstacle (chute incl.)",0
2019,08,10,Bruxelles,Brussel,,Région de Bruxelles-Capitale,50.841506,4.384381,21004,Normales,Normaal,Propre,Proper,Jour,En agglomération,Route régionale,Avec blessé(s) leger(s),Motocyclette,Voiture,Entre 2 conducteurs: Flanc contre flanc,1
2019,08,10,Schaerbeek,Schaarbeek,,Région de Bruxelles-Capitale,50.85751,4.367966,21015,Normales,Normaal,Sec,Droog,Jour,En agglomération,Route régionale,Avec blessé(s) grave(s),Cyclomoteur,Piéton,Avec un piéton,0
2019,08,01,Ixelles,Elsene,,Région de Bruxelles-Capitale,50.829673,4.379082,21009,Normales,Normaal,Sec,Droog,"Nuit, éclairage public présent et allumé",En agglomération,Route régionale,Avec blessé(s) leger(s),Bicyclette,usager/obstacle,Usager contre obstacle situé sur la chaussée,1