year,month,hour,municipality_fr,municipality_nl,province_fr,region_fr,latitude,longitude,nis_code,weather_fr,weather_nl,road_condition_fr,road_condition_nl,light_condition_fr,build_up_area_fr,road_type_fr,severity_fr,road_user1_fr,road_user2_fr,collision_type_fr,at_crossway
2019,08,00,Bruxelles,Brussel,,Région de Bruxelles-Capitale,50.87872,4.352673,21004,Normales,Normaal,Sec+Propre,Droog+Proper,"Nuit, éclairage public présent et allumé",En agglomération,Route communale,Avec blessé(s) leger(s),Bicyclette,Voiture,Entre 2 conducteurs: Flanc contre flanc,0
2019,08,20,Bruxelles,Brussel,,Région de Bruxelles-Capitale,50.896066,4.35818,21004,Normales,Normaal,Sec,Droog,Jour,Hors agglomération,Route communale,Avec blessé(s) leger(s),Voiture,Cyclomoteur,Entre 2 conducteurs: Flanc contre flanc,0
2019,08,16,Bruxelles,Brussel,,Région de Bruxelles-Capitale,50.8592,4.349531,21004,Normales,Normaal,Sec+Propre,Droog+Proper,Jour,En agglomération,Route communale,Avec blessé(s) leger(s),Voiture,Bicyclette,Entre 2 conducteurs: Par le côté (avant/derrière-flanc),1
2019,08,08,Ixelles,Elsene,,Région de Bruxelles-Capitale,50.832842,4.375137,21009,Normales,Normaal,"Inconnu, indéterminé",Onbekend,"Inconnu, indéterminé",inconnu,Route régionale,Avec blessé(s) leger(s),Bicyclette,Voiture,Entre 2 conducteurs: Par le côté (avant/derrière-flanc),1
2019,08,08,Bruxelles,Brussel,,Région de Bruxelles-Capitale,,,21004,Normales,Normaal,Sec,Droog,Jour,En agglomération,Route communale,Avec blessé(s) leger(s),Voiture,Bicyclette,Entre 2 conducteurs: Par le côté (avant/derrière-flanc),0
2019,08,12,Bruxelles,Brussel,,Région de Bruxelles-Capitale,,,21004,Normales,Normaal,Sec+Propre,Droog+Proper,Jour,En agglomération,Route régionale,Avec blessé(s) leger(s),Bicyclette,Piéton,Avec un piéton,0
2019,08,06,Bruxelles,Brussel,,Région de Bruxelles-Capitale,50.898984,4.398854,21004,Normales,Normaal,Sec+Propre,Droog+Proper,Jour,En agglomération,Route communale,Avec blessé(s) leger(s),Autobus,Bicyclette,Entre 2 conducteurs: Flanc contre flanc,1
2019,08,17,Ixelles,Elsene,,Région de Bruxelles-Capitale,50.830619,4.373443,21009,Normales,Normaal,Sec,Droog,Jour,En agglomération,Route régionale,Avec blessé(s) leger(s),Cyclomoteur,Voiture,Entre 2 conducteurs: Par l'arrière,0
2019,08,13,Bruxelles,Brussel,,Région de Bruxelles-Capitale,50.844776,4.356659,21004,Normales,Normaal,Sec,Droog,Jour,En agglomération,Route communale,Avec blessé(s) leger(s),Bicyclette,usager seul,"Un seul usager, pas d'obstacle (chute incl.)",1
2019,08,18,Bruxelles,Brussel,,Région de Bruxelles-Capitale,50.850844,4.345441,21004,Normales,Normaal,Propre,Proper,Jour,En agglomération,Route communale,Avec blessé(s) leger(s),Voiture,Bicyclette,Entre 2 conducteurs: Par l'arrière,0
2019,08,18,Bruxelles,Brussel,,Région de Bruxelles-Capitale,50.840572,4.377631,21004,Normales,Normaal,Sec+Propre,Droog+Proper,Jour,En agglomération,Route régionale,Avec blessé(s) leger(s),Motocyclette,Motocyclette,Entre 2 conducteurs: Par l'arrière,0
2019,08,11,Bruxelles,Brussel,,Région de Bruxelles-Capitale,50.845755,4.361589,21004,Pluie,Regenval,"Humide, mouillé, flaques+Propre","Nat, plassen+Proper",Jour,En agglomération,Route communale,Avec blessé(s) leger(s),Bicyclette,usager seul,"Un seul usager, pas d'obstacle (chute incl.)",0
2019,08,18,Ixelles,Elsene,,Région de Bruxelles-Capitale,50.80932,4.386657,21009,Normales,Normaal,Sec,Droog,Jour,En agglomération,Route communale,Avec blessé(s) leger(s),Cyclomoteur,Autres,Entre 2 conducteurs: Par le côté (avant/derrière-flanc),1
2019,08,12,Bruxelles,Brussel,,Région de Bruxelles-Capitale,50.844872,4.371925,21004,Normales,Normaal,Sec+Propre,Droog+Proper,Jour,En agglomération,Route régionale,Avec blessé(s) leger(s),Bicyclette,usager seul,"Un seul usager, pas d'obstacle (chute incl.)",0
2019,08,21,Molenbeek-Saint-Jean,Sint-Jans-Molenbeek,,Région de Bruxelles-Capitale,50.854606,4.325762,21012,Normales,Normaal,Sec,Droog,"Nuit, éclairage public présent et allumé",En agglomération,Route communale,Avec blessé(s) leger(s),Cyclomoteur,usager/obstacle,Usager contre obstacle situé hors chaussée,1
2019,08,17,Molenbeek-Saint-Jean,Sint-Jans-Molenbeek,,Région de Bruxelles-Capitale,50.854639,4.33618,21012,Normales,Normaal,Propre,Proper,Jour,En agglomération,Route régionale,Avec blessé(s) leger(s),Piéton,Bicyclette,Avec un piéton,1
2019,08,17,Molenbeek-Saint-Jean,Sint-Jans-Molenbeek,,Région de Bruxelles-Capitale,50.854463,4.333712,21012,Normales,Normaal,Propre,Proper,Jour,En agglomération,Route communale,Avec blessé(s) leger(s),Cyclomoteur,usager seul,"Un seul usager, pas d'obstacle (chute incl.)",0
2019,08,19,Jette,Jette,,Région de Bruxelles-Capitale,50.874824,4.333734,21010,Normales,Normaal,Sec,Droog,Jour,En agglomération,Route communale,Avec blessé(s) leger(s),Voiture,Cyclomoteur,Entre 2 conducteurs: Par l'arrière,0
2019,08,14,Molenbeek-Saint-Jean,Sint-Jans-Molenbeek,,Région de Bruxelles-Capitale,50.860136,4.341553,21012,Normales,Normaal,Propre,Proper,Jour,En agglomération,Route communale,Avec blessé(s) grave(s),Bicyclette,Voiture,Entre 2 conducteurs: Par le côté (avant/derrière-flanc),1
2019,08,19,Molenbeek-Saint-Jean,Sint-Jans-Molenbeek,,Région de Bruxelles-Capitale,50.854639,4.33618,21012,"Inconnues, indéterminées",Onbekend,Propre,Proper,Jour,En agglomération,Route régionale,Avec blessé(s) leger(s),Voiture,Cyclomoteur,Entre 2 conducteurs: Flanc contre flanc,1
2019,08,08,Molenbeek-Saint-Jean,Sint-Jans-Molenbeek,,Région de Bruxelles-Capitale,50.85678,4.327677,21012,Normales,Normaal,Sec,Droog,Jour,En agglomération,Route régionale,Avec blessé(s) leger(s),Cyclomoteur,Bicyclette,Entre 2 conducteurs: Par le côté (avant/derrière-flanc),0
2019,08,07,Molenbeek-Saint-Jean,Sint-Jans-Molenbeek,,Région de Bruxelles-Capitale,50.854639,4.33618,21012,"Inconnues, indéterminées",Onbekend,Sec,Droog,Jour,En agglomération,Route régionale,Avec blessé(s) leger(s),Voiture,Bicyclette,Entre 2 conducteurs: Flanc contre flanc,1
2019,08,18,Molenbeek-Saint-Jean,Sint-Jans-Molenbeek,,Région de Bruxelles-Capitale,50.848065,4.298846,21012,Normales,Normaal,Propre,Proper,Jour,En agglomération,Route régionale,Avec blessé(s) leger(s),Bicyclette,Voiture,Entre 2 conducteurs: Par le côté (avant/derrière-flanc),1
2019,08,16,Molenbeek-Saint-Jean,Sint-Jans-Molenbeek,,Région de Bruxelles-Capitale,50.860552,4.339358,21012,Normales,Normaal,Sec,Droog,Jour,En agglomération,Route communale,Avec blessé(s) leger(s),Voiture,Bicyclette,Entre 2 conducteurs: Par le côté (avant/derrière-flanc),1
2019,08,09,Molenbeek-Saint-Jean,Sint-Jans-Molenbeek,,Région de Bruxelles-Capitale,50.863062,4.347312,21012,Normales,Normaal,Sec+Propre,Droog+Proper,Jour,En agglomération,Route régionale,Avec blessé(s) leger(s),Voiture,Motocyclette,Entre 2 conducteurs: Flanc contre flanc,0
2019,08,17,Molenbeek-Saint-Jean,Sint-Jans-Molenbeek,,Région de Bruxelles-Capitale,50.880707,4.336774,21012,Normales,Normaal,Propre,Proper,Jour,En agglomération,Route communale,Avec blessé(s) leger(s),Bicyclette,Piéton,Avec un piéton,0
2019,08,14,Koekelberg,Koekelberg,,Région de Bruxelles-Capitale,,,21011,Normales,Normaal,Sec,Droog,Jour,En agglomération,Route communale,Avec blessé(s) leger(s),Voiture,Bicyclette,Entre 2 conducteurs: Par le côté (avant/derrière-flanc),0
2019,08,14,Molenbeek-Saint-Jean,Sint-Jans-Molenbeek,,Région de Bruxelles-Capitale,50.860087,4.344261,21012,Pluie,Regenval,"Humide, mouillé, flaques","Nat, plassen",Jour,En agglomération,Route communale,Avec blessé(s) leger(s),Bicyclette,Motocyclette,Entre 2 conducteurs: Par le côté (avant/derrière-flanc),0
2019,08,16,Molenbeek-Saint-Jean,Sint-Jans-Molenbeek,,Région de Bruxelles-Capitale,50.849948,4.322909,21012,Normales,Normaal,Propre,Proper,Jour,En agglomération,Route communale,Avec blessé(s) leger(s),Voiture,Motocyclette,Entre 2 conducteurs: Par le côté (avant/derrière-flanc),0
2019,08,15,Anderlecht,Anderlecht,,Région de Bruxelles-Capitale,50.844339,4.320564,21001,Normales,Normaal,Sec,Droog,Jour,En agglomération,Route régionale,Avec blessé(s) leger(s),Bicyclette,Voiture,Entre 2 conducteurs: Flanc contre flanc,0
2019,08,10,Saint-Gilles,Sint-Gillis,,Région de Bruxelles-Capitale,50.824237,4.35048,21013,Normales,Normaal,Sec+Propre,Droog+Proper,Jour,En agglomération,Route régionale,Avec blessé(s) leger(s),Bicyclette,Piéton,Avec un piéton,1
2019,08,19,Anderlecht,Anderlecht,,Région de Bruxelles-Capitale,50.829045,4.304742,21001,Normales,Normaal,Sec+Propre,Droog+Proper,Jour,En agglomération,Route régionale,Avec blessé(s) leger(s),Motocyclette,Voiture,Entre 2 conducteurs: Par l'arrière,0
2019,08,15,Anderlecht,Anderlecht,,Région de Bruxelles-Capitale,50.830526,4.304811,21001,Normales,Normaal,Sec+Propre,Droog+Proper,Jour,En agglomération,Route communale,Avec blessé(s) leger(s),Bicyclette,Voiture,Entre 2 conducteurs: Par l'arrière,0
2019,08,17,Anderlecht,Anderlecht,,Région de Bruxelles-Capitale,50.844666,4.325531,21001,Normales,Normaal,Sec+Propre,Droog+Proper,Jour,En agglomération,Route communale,Avec blessé(s) leger(s),Bicyclette,Voiture,Entre 2 conducteurs: Collision frontale,1
2019,08,16,Anderlecht,Anderlecht,,Région de Bruxelles-Capitale,,,21001,Normales,Normaal,Sec+Propre,Droog+Proper,Jour,En agglomération,Route régionale,Avec blessé(s) grave(s),Camionnette,Bicyclette,Entre 2 conducteurs: Par le côté (avant/derrière-flanc),1
2019,08,13,Uccle,Ukkel,,Région de Bruxelles-Capitale,50.80226,4.373456,21016,Normales,Normaal,Propre,Proper,Jour,En agglomération,Route régionale,Avec blessé(s) leger(s),Voiture,Bicyclette,Entre 2 conducteurs: Flanc contre flanc,0
2019,08,15,Auderghem,Oudergem,,Région de Bruxelles-Capitale,,,21002,Normales,Normaal,Propre,Proper,Jour,En agglomération,Route régionale,Avec blessé(s) leger(s),Voiture,Motocyclette,Entre 2 conducteurs: Par l'arrière,0
2019,08,18,Auderghem,Oudergem,,Région de Bruxelles-Capitale,50.813173,4.432132,21002,Normales,Normaal,Sec,Droog,Jour,En agglomération,Route communale,Avec blessé(s) leger(s),Voiture,Bicyclette,Entre 2 conducteurs: Par le côté (avant/derrière-flanc),0
2019,08,15,Uccle,Ukkel,,Région de Bruxelles-Capitale,50.803841,4.359586,21016,Normales,Normaal,Propre,Proper,Jour,En agglomération,Route communale,Avec blessé(s) leger(s),Voiture,Motocyclette,Entre 2 conducteurs: Flanc contre flanc,1
2019,08,16,Auderghem,Oudergem,,Région de Bruxelles-Capitale,50.825054,4.399006,21002,Normales,Normaal,Propre,Proper,Jour,En agglomération,Route régionale,Avec blessé(s) leger(s),Motocyclette,Voiture,Entre 2 conducteurs: Par le côté (avant/derrière-flanc),0
2019,08,11,Auderghem,Oudergem,,Région de Bruxelles-Capitale,,,21002,Normales,Normaal,Propre,Proper,Jour,En agglomération,Route communale,Avec blessé(s) leger(s),Voiture,Bicyclette,Entre 2 conducteurs: Par le côté (avant/derrière-flanc),0
2019,08,10,Uccle,Ukkel,,Région de Bruxelles-Capitale,50.814131,4.354357,21016,Normales,Normaal,Sec+Propre,Droog+Proper,Jour,En agglomération,Route communale,Avec blessé(s) leger(s),Voiture,Bicyclette,Entre 2 conducteurs: Par le côté (avant/derrière-flanc),1
2019,08,13,Auderghem,Oudergem,,Région de Bruxelles-Capitale,50.816972,4.414067,21002,"Inconnues, indéterminées",Onbekend,Propre,Proper,Jour,En agglomération,Route communale,Avec blessé(s) leger(s),Motocyclette,Voiture,Entre 2 conducteurs: Par le côté (avant/derrière-flanc),0
2019,08,11,Uccle,Ukkel,,Région de Bruxelles-Capitale,50.770113,4.384006,21016,Normales,Normaal,Sec,Droog,Jour,Hors agglomération,Route communale,Avec blessé(s) leger(s),Motocyclette,Bicyclette,Entre 2 conducteurs: Par l'arrière,0
2019,08,19,Woluwe-Saint-Lambert,Sint-Lambrechts-Woluwe,,Région de Bruxelles-Capitale,50.841053,4.433354,21018,Pluie,Regenval,"Humide, mouillé, flaques","Nat, plassen",Jour,En agglomération,Route communale,Avec blessé(s) leger(s),Motocyclette,usager seul,"Un seul usager, pas d'obstacle (chute incl.)",0
2019,08,14,Woluwe-Saint-Pierre,Sint-Pieters-Woluwe,,Région de Bruxelles-Capitale,50.836088,4.415874,21019,Normales,Normaal,Sec,Droog,Jour,En agglomération,Route régionale,Avec blessé(s) leger(s),Voiture,Bicyclette,Entre 2 conducteurs: Par le côté (avant/derrière-flanc),0
2019,08,18,Woluwe-Saint-Lambert,Sint-Lambrechts-Woluwe,,Région de Bruxelles-Capitale,50.847789,4.408662,21018,Normales,Normaal,Sec,Droog,Jour,En agglomération,Route communale,Avec blessé(s) leger(s),Voiture,Bicyclette,Entre 2 conducteurs: Par le côté (avant/derrière-flanc),1
2019,08,14,Saint-Gilles,Sint-Gillis,,Région de Bruxelles-Capitale,50.824439,4.346982,21013,"Inconnues, indéterminées",Onbekend,"Inconnu, indéterminé",Onbekend,Jour,inconnu,Route communale,Avec blessé(s) leger(s),Bicyclette,usager seul,"Un seul usager, pas d'obstacle (chute incl.)",1
2019,08,18,Woluwe-Saint-Pierre,Sint-Pieters-Woluwe,,Région de Bruxelles-Capitale,50.837151,4.431919,21019,Normales,Normaal,Sec,Droog,Jour,En agglomération,Route communale,Avec blessé(s) leger(s),Bicyclette,Voiture,Entre 2 conducteurs: Par le côté (avant/derrière-flanc),1
2019,08,13,Etterbeek,Etterbeek,,Région de Bruxelles-Capitale,50.831682,4.404842,21005,Normales,Normaal,Sec,Droog,Jour,En agglomération,Route régionale,Avec blessé(s) leger(s),Camion,Bicyclette,Entre 2 conducteurs: Par le côté (avant/derrière-flanc),0
2019,08,11,Etterbeek,Etterbeek,,Région de Bruxelles-Capitale,50.834596,4.379514,21005,Normales,Normaal,"Humide, mouillé, flaques","Nat, plassen",Jour,En agglomération,Route régionale,Avec blessé(s) leger(s),Bicyclette,Voiture,Entre 2 conducteurs: Par le côté (avant/derrière-flanc),0
2019,08,18,Woluwe-Saint-Pierre,Sint-Pieters-Woluwe,,Région de Bruxelles-Capitale,50.825643,4.411573,21019,Normales,Normaal,Sec,Droog,Jour,En agglomération,Route communale,Avec blessé(s) leger(s),Cyclomoteur,Voiture,Entre 2 conducteurs: Flanc contre flanc,1
2019,08,13,Woluwe-Saint-Pierre,Sint-Pieters-Woluwe,,Région de Bruxelles-Capitale,50.82946,4.418379,21019,Normales,Normaal,Sec,Droog,Jour,En agglomération,Route communale,Avec blessé(s) leger(s),Voiture,Bicyclette,Entre 2 conducteurs: Par le côté (avant/derrière-flanc),1
2019,08,08,Woluwe-Saint-Pierre,Sint-Pieters-Woluwe,,Région de Bruxelles-Capitale,50.829996,4.433961,21019,Normales,Normaal,Sec,Droog,Jour,En agglomération,Route régionale,Avec blessé(s) leger(s),Piéton,Bicyclette,Avec un piéton,1
2019,08,17,Schaerbeek,Schaarbeek,,Région de Bruxelles-Capitale,50.866001,4.372744,21015,Normales,Normaal,"Humide, mouillé, flaques","Nat, plassen",Jour,En agglomération,Route communale,Avec blessé(s) leger(s),Bicyclette,Voiture,Entre 2 conducteurs: Collision frontale,1
2019,08,05,Evere,Evere,,Région de Bruxelles-Capitale,50.860885,4.421362,21006,Normales,Normaal,Sec,Droog,"Aube, crépuscule",En agglomération,Route régionale,Avec blessé(s) leger(s),Bicyclette,Camionnette,Entre 2 conducteurs: Flanc contre flanc,1
2019,08,08,Schaerbeek,Schaarbeek,,Région de Bruxelles-Capitale,50.873164,4.376898,21015,Pluie,Regenval,"Humide, mouillé, flaques","Nat, plassen",Jour,En agglomération,Route communale,Avec blessé(s) leger(s),Motocyclette,usager seul,"Un seul usager, pas d'obstacle (chute incl.)",0
2019,08,18,Schaerbeek,Schaarbeek,,Région de Bruxelles-Capitale,50.858791,4.380767,21015,Normales,Normaal,Sec,Droog,Jour,En agglomération,Route communale,Avec blessé(s) leger(s),Voiture,Bicyclette,Entre 2 conducteurs: Par le côté (avant/derrière-flanc),1
2019,08,16,Schaerbeek,Schaarbeek,,Région de Bruxelles-Capitale,50.873229,4.382645,21015,Normales,Normaal,Propre,Proper,Jour,En agglomération,Route communale,Avec blessé(s) leger(s),Voiture,Cyclomoteur,Entre 2 conducteurs: Par le côté (avant/derrière-flanc),1
2019,08,14,Schaerbeek,Schaarbeek,,Région de Bruxelles-Capitale,50.867637,4.374251,21015,Normales,Normaal,Propre,Proper,Jour,En agglomération,Route communale,Avec blessé(s) leger(s),Bicyclette,Voiture,Entre 2 conducteurs: Par le côté (avant/derrière-flanc),0
2019,08,08,Evere,Evere,,Région de Bruxelles-Capitale,50.876824,4.414987,21006,Normales,Normaal,Propre,Proper,Jour,En agglomération,Route communale,Avec blessé(s) leger(s),Bicyclette,Piéton,Avec un piéton,1
2019,08,16,Schaerbeek,Schaarbeek,,Région de Bruxelles-Capitale,50.867221,4.37292,21015,Normales,Normaal,Sec,Droog,Jour,En agglomération,Route communale,Avec blessé(s) leger(s),Voiture,Bicyclette,Entre 2 conducteurs: Par l'arrière,1
2019,08,11,Schaerbeek,Schaarbeek,,Région de Bruxelles-Capitale,50.860361,4.374111,21015,Normales,Normaal,Propre,Proper,Jour,En agglomération,Route communale,Avec blessé(s) leger(s),Camionnette,Bicyclette,Entre 2 conducteurs: Par l'arrière,0
2019,08,13,Schaerbeek,Schaarbeek,,Région de Bruxelles-Capitale,,,21015,Normales,Normaal,Propre,Proper,Jour,Hors agglomération,Route régionale,Avec blessé(s) leger(s),Motocyclette,Voiture,Entre 2 conducteurs: Flanc contre flanc,1
2019,08,16,Anvers,Antwerpen,Province d’Anvers,Région flamande,51.159622,4.350242,11002,Normales,Normaal,Sec,Droog,Jour,En agglomération,Route régionale,Avec blessé(s) leger(s),Voiture,Bicyclette,Entre 2 conducteurs: Par le côté (avant/derrière-flanc),1
2019,08,19,Anvers,Antwerpen,Province d’Anvers,Région flamande,51.210018,4.418932,11002,Normales,Normaal,Sec,Droog,Jour,En agglomération,Route communale,Avec blessé(s) leger(s),Voiture,Bicyclette,Entre 2 conducteurs: Par le côté (avant/derrière-flanc),0
2019,08,15,Anvers,Antwerpen,Province d’Anvers,Région flamande,,,11002,Normales,Normaal,Sec,Droog,Jour,En agglomération,Route régionale,Avec blessé(s) leger(s),Bicyclette,Voiture,Entre 2 conducteurs: Par le côté (avant/derrière-flanc),0
2019,08,08,Anvers,Antwerpen,Province d’Anvers,Région flamande,51.173426,4.421769,11002,Normales,Normaal,Sec,Droog,Jour,En agglomération,Route communale,Avec blessé(s) leger(s),Bicyclette,Bicyclette,Entre 2 conducteurs: Par le côté (avant/derrière-flanc),1
2019,08,21,Anvers,Antwerpen,Province d’Anvers,Région flamande,51.176673,4.350185,11002,Normales,Normaal,Sec,Droog,"Nuit, éclairage public présent et allumé",En agglomération,Route communale,Avec blessé(s) grave(s),Cyclomoteur,usager/obstacle,Usager contre obstacle situé hors chaussée,0
2019,08,08,Anvers,Antwerpen,Province d’Anvers,Région flamande,51.202745,4.393227,11002,Normales,Normaal,Sec,Droog,Jour,En agglomération,Route communale,Avec blessé(s) leger(s),Voiture,Bicyclette,Entre 2 conducteurs: Par l'arrière,0
2019,08,07,Anvers,Antwerpen,Province d’Anvers,Région flamande,51.177916,4.434802,11002,Normales,Normaal,Sec,Droog,Jour,En agglomération,Route régionale,Avec blessé(s) leger(s),Voiture,Bicyclette,Entre 2 conducteurs: Par le côté (avant/derrière-flanc),1
2019,08,15,Anvers,Antwerpen,Province d’Anvers,Région flamande,51.2207,4.436367,11002,Normales,Normaal,Sec,Droog,Jour,En agglomération,Route communale,Avec blessé(s) leger(s),Voiture,Bicyclette,Entre 2 conducteurs: Par l'arrière,0
2019,08,01,Anvers,Antwerpen,Province d’Anvers,Région flamande,51.231853,4.402938,11002,Normales,Normaal,Sec,Droog,"Nuit, éclairage public présent et allumé",En agglomération,Route communale,Avec blessé(s) grave(s),Motocyclette,Voiture,Entre 2 conducteurs: Par l'arrière,0
2019,08,10,Anvers,Antwerpen,Province d’Anvers,Région flamande,51.211705,4.479189,11002,Normales,Normaal,Sec,Droog,Jour,En agglomération,Route communale,Avec blessé(s) leger(s),Camion,Cyclomoteur,Entre 2 conducteurs: Par le côté (avant/derrière-flanc),1
2019,08,13,Anvers,Antwerpen,Province d’Anvers,Région flamande,51.204326,4.410816,11002,Normales,Normaal,Sec,Droog,Jour,En agglomération,Route régionale,Avec blessé(s) leger(s),Camion,Bicyclette,Entre 2 conducteurs: Flanc contre flanc,1
2019,08,18,Anvers,Antwerpen,Province d’Anvers,Région flamande,51.250547,4.451314,11002,Normales,Normaal,Sec,Droog,Jour,En agglomération,Route communale,Avec blessé(s) leger(s),Voiture,Bicyclette,Entre 2 conducteurs: Par l'arrière,0
2019,08,16,Anvers,Antwerpen,Province d’Anvers,Région flamande,,,11002,Normales,Normaal,Sec,Droog,Jour,En agglomération,Route communale,Avec blessé(s) leger(s),Voiture,Motocyclette,Entre 2 conducteurs: Par le côté (avant/derrière-flanc),0
2019,08,14,Anvers,Antwerpen,Province d’Anvers,Région flamande,51.19506,4.38623,11002,Normales,Normaal,Sec,Droog,Jour,Hors agglomération,Route régionale,Avec blessé(s) grave(s),Bicyclette,Bicyclette,Entre 2 conducteurs: Par le côté (avant/derrière-flanc),0
2019,08,07,Anvers,Antwerpen,Province d’Anvers,Région flamande,51.172054,4.400185,11002,Normales,Normaal,Sec,Droog,Jour,En agglomération,Route communale,Avec blessé(s) leger(s),Bicyclette,Bicyclette,Entre 2 conducteurs: Par le côté (avant/derrière-flanc),0
2019,08,11,Anvers,Antwerpen,Province d’Anvers,Région flamande,51.176782,4.3531,11002,Normales,Normaal,Sec,Droog,Jour,En agglomération,Route communale,Avec blessé(s) leger(s),Motocyclette,Bicyclette,Entre 2 conducteurs: Par le côté (avant/derrière-flanc),1
2019,08,15,Anvers,Antwerpen,Province d’Anvers,Région flamande,51.208249,4.478661,11002,Normales,Normaal,Sec,Droog,Jour,inconnu,Route régionale,Avec blessé(s) leger(s),Voiture,Bicyclette,Entre 2 conducteurs: Par le côté (avant/derrière-flanc),1
2019,08,17,Anvers,Antwerpen,Province d’Anvers,Région flamande,,,11002,Normales,Normaal,Sec,Droog,Jour,En agglomération,Route communale,Avec blessé(s) leger(s),Bicyclette,usager/obstacle,Usager contre obstacle situé sur la chaussée,0
2019,08,13,Anvers,Antwerpen,Province d’Anvers,Région flamande,51.211475,4.410819,11002,Normales,Normaal,Sec,Droog,Jour,En agglomération,Route communale,Avec blessé(s) leger(s),Voiture,Bicyclette,Entre 2 conducteurs: Par le côté (avant/derrière-flanc),0
2019,08,15,Anvers,Antwerpen,Province d’Anvers,Région flamande,51.23798,4.454371,11002,Normales,Normaal,Sec,Droog,Jour,En agglomération,Route communale,Avec blessé(s) leger(s),Bicyclette,Voiture,Entre 2 conducteurs: Par le côté (avant/derrière-flanc),1
2019,08,13,Anvers,Antwerpen,Province d’Anvers,Région flamande,51.174099,4.343441,11002,Normales,Normaal,Sec,Droog,Jour,En agglomération,Route communale,Avec blessé(s) leger(s),Bicyclette,Camionnette,Entre 2 conducteurs: Flanc contre flanc,0
2019,08,14,Anvers,Antwerpen,Province d’Anvers,Région flamande,51.204864,4.416926,11002,Pluie,Regenval,"Humide, mouillé, flaques","Nat, plassen",Jour,En agglomération,Route communale,Avec blessé(s) leger(s),Bicyclette,Bicyclette,Entre 2 conducteurs: Collision frontale,0
2019,08,17,Anvers,Antwerpen,Province d’Anvers,Région flamande,51.209397,4.425202,11002,Normales,Normaal,Sec,Droog,Jour,En agglomération,Route communale,Avec blessé(s) leger(s),Voiture,Bicyclette,Entre 2 conducteurs: Par le côté (avant/derrière-flanc),1
2019,08,18,Anvers,Antwerpen,Province d’Anvers,Région flamande,51.218443,4.438787,11002,Normales,Normaal,"Humide, mouillé, flaques","Nat, plassen",Jour,En agglomération,Route communale,Avec blessé(s) grave(s),Voiture,Bicyclette,Entre 2 conducteurs: Par le côté (avant/derrière-flanc),1
2019,08,23,Anvers,Antwerpen,Province d’Anvers,Région flamande,51.201159,4.426351,11002,Normales,Normaal,Sec,Droog,"Nuit, éclairage public présent et allumé",En agglomération,Route communale,Avec blessé(s) leger(s),Voiture,Cyclomoteur,Entre 2 conducteurs: Flanc contre flanc,1
2019,08,09,Anvers,Antwerpen,Province d’Anvers,Région flamande,51.242814,4.431502,11002,Normales,Normaal,Sec,Droog,Jour,En agglomération,Route régionale,Avec blessé(s) leger(s),Camion,Cyclomoteur,Entre 2 conducteurs: Flanc contre flanc,1
2019,08,18,Anvers,Antwerpen,Province d’Anvers,Région flamande,51.24719,4.445189,11002,Normales,Normaal,Sec,Droog,Jour,En agglomération,Route communale,Avec blessé(s) leger(s),Bicyclette,Bicyclette,Entre 2 conducteurs: Par le côté (avant/derrière-flanc),0
2019,08,13,Anvers,Antwerpen,Province d’Anvers,Région flamande,51.175923,4.412368,11002,Normales,Normaal,Sec,Droog,Jour,En agglomération,Route communale,Avec blessé(s) leger(s),Motocyclette,Voiture,Entre 2 conducteurs: Par l'arrière,1
2019,08,18,Anvers,Antwerpen,Province d’Anvers,Région flamande,51.218665,4.423528,11002,Normales,Normaal,Sec,Droog,Jour,En agglomération,Route régionale,Avec blessé(s) leger(s),Bicyclette,Piéton,Avec un piéton,1
2019,08,09,Mortsel,Mortsel,Province d’Anvers,Région flamande,51.17768,4.438924,11029,Normales,Normaal,Sec,Droog,Jour,En agglomération,Route communale,Avec blessé(s) leger(s),Bicyclette,Voiture,Entre 2 conducteurs: Flanc contre flanc,0
2019,08,19,Anvers,Antwerpen,Province d’Anvers,Région flamande,,,11002,Normales,Normaal,Sec,Droog,Jour,Hors agglomération,Route communale,Avec blessé(s) leger(s),Bicyclette,Cyclomoteur,Entre 2 conducteurs: Collision frontale,0
2019,08,08,Anvers,Antwerpen,Province d’Anvers,Région flamande,51.189615,4.377658,11002,Normales,Normaal,Sec,Droog,Jour,En agglomération,Route régionale,Avec blessé(s) leger(s),Voiture,Bicyclette,Entre 2 conducteurs: Par le côté (avant/derrière-flanc),1
2019,08,12,Anvers,Antwerpen,Province d’Anvers,Région flamande,51.217335,4.419499,11002,Normales,Normaal,Sec,Droog,Jour,En agglomération,Route communale,Avec blessé(s) leger(s),Bicyclette,Bicyclette,Entre 2 conducteurs: Par l'arrière,0
2019,08,06,Anvers,Antwerpen,Province d’Anvers,Région flamande,51.210549,4.452507,11002,Normales,Normaal,Sec,Droog,"Aube, crépuscule",En agglomération,Route régionale,Avec blessé(s) leger(s),Camionnette,Bicyclette,Entre 2 conducteurs: Par le côté (avant/derrière-flanc),1
2019,08,23,Anvers,Antwerpen,Province d’Anvers,Région flamande,51.271795,4.417608,11002,Normales,Normaal,Sec,Droog,"Nuit, éclairage public présent et allumé",Hors agglomération,Route régionale,Avec blessé(s) grave(s),Motocyclette,Bicyclette,Entre 2 conducteurs: Collision frontale,0
2019,08,11,Anvers,Antwerpen,Province d’Anvers,Région flamande,51.267937,4.46156,11002,Normales,Normaal,Sec,Droog,Jour,Hors agglomération,Route régionale,Avec blessé(s) leger(s),Bicyclette,Bicyclette,Entre 2 conducteurs: Collision frontale,0
2019,08,10,Anvers,Antwerpen,Province d’Anvers,Région flamande,51.209027,4.40258,11002,Normales,Normaal,"Inconnu, indéterminé",Onbekend,Jour,En agglomération,Route régionale,Avec blessé(s) leger(s),Bicyclette,Voiture,Entre 2 conducteurs: Par le côté (avant/derrière-flanc),1