year,month,hour,municipality_fr,municipality_nl,province_fr,region_fr,latitude,longitude,nis_code,weather_fr,weather_nl,road_condition_fr,road_condition_nl,light_condition_fr,build_up_area_fr,road_type_fr,severity_fr,road_user1_fr,road_user2_fr,collision_type_fr,at_crossway
2019,08,17,Anvers,Antwerpen,Province d’Anvers,Région flamande,51.205304,4.41891,11002,Normales,Normaal,Sec,Droog,Jour,En agglomération,Route communale,Avec blessé(s) leger(s),Voiture,Motocyclette,Entre 2 conducteurs: Collision frontale,0
2019,08,10,Anvers,Antwerpen,Province d’Anvers,Région flamande,51.24404,4.444645,11002,Pluie,Regenval,"Humide, mouillé, flaques","Nat, plassen",Jour,En agglomération,Route régionale,Avec blessé(s) leger(s),Cyclomoteur,Voiture,Entre 2 conducteurs: Par le côté (avant/derrière-flanc),1
2019,08,16,Anvers,Antwerpen,Province d’Anvers,Région flamande,51.186744,4.375509,11002,Normales,Normaal,Sec,Droog,Jour,En agglomération,Route régionale,Avec blessé(s) leger(s),Camionnette,Bicyclette,Entre 2 conducteurs: Par le côté (avant/derrière-flanc),0
2019,08,13,Zwijndrecht,Zwijndrecht,Province d’Anvers,Région flamande,51.199666,4.319473,11056,Pluie,Regenval,"Humide, mouillé, flaques","Nat, plassen",Jour,Hors agglomération,Route régionale,Avec blessé(s) leger(s),Voiture,Bicyclette,Entre 2 conducteurs: Par le côté (avant/derrière-flanc),1
2019,08,16,Anvers,Antwerpen,Province d’Anvers,Région flamande,51.27661,4.416111,11002,Pluie,Regenval,"Humide, mouillé, flaques","Nat, plassen",Jour,En agglomération,Route communale,Avec blessé(s) leger(s),Piéton,Bicyclette,Avec un piéton,0
2019,08,08,Anvers,Antwerpen,Province d’Anvers,Région flamande,51.21518,4.392848,11002,Normales,Normaal,Sec,Droog,Jour,En agglomération,Route communale,Avec blessé(s) leger(s),Voiture,Bicyclette,Entre 2 conducteurs: Par le côté (avant/derrière-flanc),0
2019,08,09,Anvers,Antwerpen,Province d’Anvers,Région flamande,51.213317,4.425991,11002,Normales,Normaal,Sec,Droog,Jour,En agglomération,Route communale,Avec blessé(s) leger(s),Voiture,Motocyclette,Entre 2 conducteurs: Par le côté (avant/derrière-flanc),1
2019,08,15,Anvers,Antwerpen,Province d’Anvers,Région flamande,51.209511,4.465226,11002,Normales,Normaal,Sec,Droog,Jour,En agglomération,Route régionale,Avec blessé(s) leger(s),Voiture,Cyclomoteur,Entre 2 conducteurs: Flanc contre flanc,0
2019,08,17,Anvers,Antwerpen,Province d’Anvers,Région flamande,51.207519,4.409388,11002,Normales,Normaal,Sec,Droog,Jour,En agglomération,Route régionale,Avec blessé(s) leger(s),Bicyclette,Bicyclette,Entre 2 conducteurs: Flanc contre flanc,0
2019,08,22,Anvers,Antwerpen,Province d’Anvers,Région flamande,51.213649,4.446194,11002,Pluie,Regenval,"Humide, mouillé, flaques","Nat, plassen","Nuit, éclairage public présent et allumé",Hors agglomération,Route régionale,Avec blessé(s) leger(s),Voiture,Bicyclette,Entre 2 conducteurs: Par le côté (avant/derrière-flanc),1
2019,08,06,Anvers,Antwerpen,Province d’Anvers,Région flamande,51.225143,4.378649,11002,Normales,Normaal,Sec,Droog,"Aube, crépuscule",En agglomération,Route communale,Avec blessé(s) leger(s),Voiture,Motocyclette,Entre 2 conducteurs: Par le côté (avant/derrière-flanc),1
2019,08,16,Anvers,Antwerpen,Province d’Anvers,Région flamande,51.235135,4.420452,11002,Normales,Normaal,Sec,Droog,Jour,En agglomération,Route régionale,Avec blessé(s) leger(s),Voiture,Bicyclette,Entre 2 conducteurs: Collision frontale,1
2019,08,14,Anvers,Antwerpen,Province d’Anvers,Région flamande,51.201118,4.391671,11002,Normales,Normaal,Sec,Droog,Jour,En agglomération,Route communale,Avec blessé(s) leger(s),Bicyclette,Piéton,Avec un piéton,0
2019,08,21,Anvers,Antwerpen,Province d’Anvers,Région flamande,51.176706,4.388992,11002,Normales,Normaal,Sec,Droog,"Nuit, éclairage public présent et allumé",En agglomération,Route régionale,Avec blessé(s) leger(s),Cyclomoteur,usager seul,"Un seul usager, pas d'obstacle (chute incl.)",1
2019,08,10,Anvers,Antwerpen,Province d’Anvers,Région flamande,51.21775,4.416746,11002,Normales,Normaal,Sec,Droog,Jour,En agglomération,Route communale,Avec blessé(s) leger(s),Voiture,Bicyclette,Entre 2 conducteurs: Flanc contre flanc,1
2019,08,15,Anvers,Antwerpen,Province d’Anvers,Région flamande,51.22805,4.44016,11002,Normales,Normaal,Sec,Droog,Jour,En agglomération,Route régionale,Avec blessé(s) leger(s),Bicyclette,Cyclomoteur,Entre 2 conducteurs: Par le côté (avant/derrière-flanc),1
2019,08,22,Anvers,Antwerpen,Province d’Anvers,Région flamande,51.193128,4.374661,11002,Normales,Normaal,Sec,Droog,"Nuit, éclairage public présent et allumé",En agglomération,Route communale,Avec blessé(s) leger(s),Voiture,Bicyclette,Entre 2 conducteurs: Collision frontale,1
2019,08,16,Anvers,Antwerpen,Province d’Anvers,Région flamande,51.196474,4.443021,11002,Normales,Normaal,Sec,Droog,Jour,En agglomération,Route communale,Avec blessé(s) leger(s),Bicyclette,Bicyclette,Entre 2 conducteurs: Collision frontale,1
2019,08,10,Anvers,Antwerpen,Province d’Anvers,Région flamande,,,11002,Normales,Normaal,Sec+Propre,Droog+Proper,Jour,En agglomération,Route communale,Avec blessé(s) grave(s),Bicyclette,usager/obstacle,Usager contre obstacle situé sur la chaussée,0
2019,08,19,Anvers,Antwerpen,Province d’Anvers,Région flamande,51.209713,4.455145,11002,Normales,Normaal,Sec,Droog,Jour,En agglomération,Route régionale,Avec blessé(s) leger(s),Cyclomoteur,Bicyclette,Entre 2 conducteurs: Par le côté (avant/derrière-flanc),0
2019,08,23,Anvers,Antwerpen,Province d’Anvers,Région flamande,51.212935,4.405051,11002,Normales,Normaal,Sec,Droog,"Nuit, éclairage public présent et allumé",En agglomération,Route communale,Avec blessé(s) leger(s),Bicyclette,Voiture,Entre 2 conducteurs: Collision frontale,1
2019,08,15,Anvers,Antwerpen,Province d’Anvers,Région flamande,51.182254,4.371383,11002,Normales,Normaal,Sec,Droog,Jour,En agglomération,Route communale,Avec blessé(s) leger(s),Bicyclette,Bicyclette,Entre 2 conducteurs: Flanc contre flanc,1
2019,08,14,Anvers,Antwerpen,Province d’Anvers,Région flamande,51.22775,4.401803,11002,Normales,Normaal,Sec,Droog,Jour,En agglomération,Route communale,Avec blessé(s) leger(s),Voiture,Motocyclette,Entre 2 conducteurs: Par l'arrière,0
2019,08,16,Anvers,Antwerpen,Province d’Anvers,Région flamande,51.17897,4.355403,11002,Normales,Normaal,Sec,Droog,Jour,En agglomération,Route communale,Avec blessé(s) grave(s),Voiture,Bicyclette,Entre 2 conducteurs: Par le côté (avant/derrière-flanc),1
2019,08,11,Anvers,Antwerpen,Province d’Anvers,Région flamande,51.251168,4.446211,11002,Normales,Normaal,Sec,Droog,Jour,En agglomération,Route communale,Avec blessé(s) leger(s),Bicyclette,Bicyclette,Entre 2 conducteurs: Par le côté (avant/derrière-flanc),0
2019,08,17,Anvers,Antwerpen,Province d’Anvers,Région flamande,51.203946,4.427586,11002,Normales,Normaal,Sec,Droog,Jour,En agglomération,Route communale,Avec blessé(s) leger(s),Bicyclette,Bicyclette,Entre 2 conducteurs: Flanc contre flanc,0
2019,08,10,Anvers,Antwerpen,Province d’Anvers,Région flamande,51.223146,4.436803,11002,Pluie,Regenval,"Humide, mouillé, flaques","Nat, plassen",Jour,En agglomération,Route communale,Avec blessé(s) leger(s),Bicyclette,Bicyclette,Entre 2 conducteurs: Par l'arrière,1
2019,08,14,Anvers,Antwerpen,Province d’Anvers,Région flamande,51.18092,4.43192,11002,Normales,Normaal,Sec,Droog,Jour,En agglomération,Route régionale,Avec blessé(s) leger(s),Camion,Motocyclette,Entre 2 conducteurs: Par l'arrière,0
2019,08,15,Anvers,Antwerpen,Province d’Anvers,Région flamande,51.223637,4.429147,11002,Normales,Normaal,Sec,Droog,Jour,En agglomération,Route communale,Avec blessé(s) leger(s),Bicyclette,Voiture,Entre 2 conducteurs: Par le côté (avant/derrière-flanc),0
2019,08,16,Anvers,Antwerpen,Province d’Anvers,Région flamande,51.180756,4.389097,11002,Normales,Normaal,Sec,Droog,Jour,En agglomération,Route régionale,Avec blessé(s) grave(s),Voiture,Cyclomoteur,Entre 2 conducteurs: Collision frontale,0
2019,08,08,Anvers,Antwerpen,Province d’Anvers,Région flamande,51.190353,4.404232,11002,Normales,Normaal,Sec,Droog,Jour,En agglomération,Route régionale,Avec blessé(s) leger(s),Autres,Bicyclette,Entre 2 conducteurs: Par le côté (avant/derrière-flanc),0
2019,08,08,Anvers,Antwerpen,Province d’Anvers,Région flamande,51.17049,4.426072,11002,Normales,Normaal,Sec,Droog,Jour,En agglomération,Route régionale,Avec blessé(s) leger(s),Voiture,Bicyclette,Entre 2 conducteurs: Par le côté (avant/derrière-flanc),1
2019,08,12,Anvers,Antwerpen,Province d’Anvers,Région flamande,,,11002,Normales,Normaal,Sec,Droog,Jour,En agglomération,inconnu,Avec blessé(s) leger(s),Motocyclette,usager/obstacle,Usager contre obstacle situé sur la chaussée,0
2019,08,08,Anvers,Antwerpen,Province d’Anvers,Région flamande,51.205459,4.42211,11002,Normales,Normaal,Sec,Droog,Jour,En agglomération,Route communale,Avec blessé(s) leger(s),Bicyclette,Voiture,Entre 2 conducteurs: Collision frontale,1
2019,08,13,Anvers,Antwerpen,Province d’Anvers,Région flamande,51.218039,4.410273,11002,Normales,Normaal,Sec,Droog,Jour,En agglomération,Route communale,Avec blessé(s) leger(s),Bicyclette,Bicyclette,Entre 2 conducteurs: Par le côté (avant/derrière-flanc),1
2019,08,14,Anvers,Antwerpen,Province d’Anvers,Région flamande,51.299106,4.411227,11002,Normales,Normaal,Sec,Droog,Jour,Hors agglomération,Route régionale,Avec blessé(s) leger(s),Voiture,Bicyclette,Entre 2 conducteurs: Par l'arrière,0
2019,08,15,Anvers,Antwerpen,Province d’Anvers,Région flamande,51.190743,4.424279,11002,Normales,Normaal,Sec,Droog,Jour,Hors agglomération,Route régionale,Avec blessé(s) leger(s),Bicyclette,Bicyclette,Entre 2 conducteurs: Flanc contre flanc,1
2019,08,19,Anvers,Antwerpen,Province d’Anvers,Région flamande,51.181935,4.394861,11002,Normales,Normaal,Sec,Droog,Jour,En agglomération,Route communale,Avec blessé(s) leger(s),Voiture,Bicyclette,Entre 2 conducteurs: Par le côté (avant/derrière-flanc),1
2019,08,12,Anvers,Antwerpen,Province d’Anvers,Région flamande,51.22831,4.479234,11002,Normales,Normaal,Sec,Droog,Jour,En agglomération,Route communale,Avec blessé(s) leger(s),Voiture,Bicyclette,Entre 2 conducteurs: Par le côté (avant/derrière-flanc),1
2019,08,19,Anvers,Antwerpen,Province d’Anvers,Région flamande,51.208841,4.4738,11002,Normales,Normaal,Sec,Droog,Jour,En agglomération,Route régionale,Avec blessé(s) leger(s),Bicyclette,Voiture,Entre 2 conducteurs: Par l'arrière,0
2019,08,08,Anvers,Antwerpen,Province d’Anvers,Région flamande,51.218218,4.406275,11002,Normales,Normaal,Sec,Droog,Jour,En agglomération,Route communale,Avec blessé(s) leger(s),Camionnette,Bicyclette,Entre 2 conducteurs: Par l'arrière,0
2019,08,18,Anvers,Antwerpen,Province d’Anvers,Région flamande,51.241621,4.433961,11002,Normales,Normaal,Sec,Droog,Jour,En agglomération,Route régionale,Avec blessé(s) leger(s),Piéton,Bicyclette,Avec un piéton,0
2019,08,17,Anvers,Antwerpen,Province d’Anvers,Région flamande,51.209748,4.408049,11002,Normales,Normaal,Sec,Droog,Jour,En agglomération,Route régionale,Avec blessé(s) leger(s),Bicyclette,Bicyclette,Entre 2 conducteurs: Collision frontale,1
2019,08,18,Anvers,Antwerpen,Province d’Anvers,Région flamande,51.191969,4.446206,11002,Normales,Normaal,Sec,Droog,Jour,En agglomération,Route communale,Avec blessé(s) leger(s),Cyclomoteur,Voiture,Entre 2 conducteurs: Collision frontale,0
2019,08,04,Anvers,Antwerpen,Province d’Anvers,Région flamande,51.233352,4.411086,11002,Pluie,Regenval,"Humide, mouillé, flaques","Nat, plassen","Nuit, éclairage public présent et allumé",En agglomération,Route communale,Avec blessé(s) leger(s),Voiture,Bicyclette,Entre 2 conducteurs: Par le côté (avant/derrière-flanc),1
2019,08,16,Anvers,Antwerpen,Province d’Anvers,Région flamande,51.23506,4.42808,11002,Normales,Normaal,Sec,Droog,Jour,En agglomération,Route régionale,Avec blessé(s) leger(s),Bicyclette,Bicyclette,Entre 2 conducteurs: Par le côté (avant/derrière-flanc),1
2019,08,19,Anvers,Antwerpen,Province d’Anvers,Région flamande,51.198794,4.413734,11002,Normales,Normaal,Sec,Droog,Jour,En agglomération,Route communale,Avec blessé(s) leger(s),Cyclomoteur,usager/obstacle,Usager contre obstacle situé hors chaussée,0
2019,08,00,Anvers,Antwerpen,Province d’Anvers,Région flamande,51.225009,4.414802,11002,Normales,Normaal,Sec,Droog,"Nuit, éclairage public présent et allumé",En agglomération,Route régionale,Avec blessé(s) leger(s),Bicyclette,Cyclomoteur,Entre 2 conducteurs: Par le côté (avant/derrière-flanc),0
2019,08,07,Anvers,Antwerpen,Province d’Anvers,Région flamande,51.184478,4.399329,11002,Normales,Normaal,Sec,Droog,Jour,En agglomération,Route communale,Avec blessé(s) leger(s),Motocyclette,Autres,Entre 2 conducteurs: Flanc contre flanc,0
2019,08,13,Anvers,Antwerpen,Province d’Anvers,Région flamande,51.204042,4.415418,11002,Normales,Normaal,Sec,Droog,Jour,En agglomération,Route communale,Avec blessé(s) leger(s),Bicyclette,Bicyclette,Entre 2 conducteurs: Par le côté (avant/derrière-flanc),0
2019,08,18,Anvers,Antwerpen,Province d’Anvers,Région flamande,51.218299,4.413549,11002,Normales,Normaal,Sec,Droog,Jour,En agglomération,Route communale,Avec blessé(s) leger(s),Bicyclette,Piéton,Avec un piéton,0
2019,08,19,Anvers,Antwerpen,Province d’Anvers,Région flamande,51.199927,4.457902,11002,Normales,Normaal,Sec,Droog,Jour,En agglomération,Route communale,Avec blessé(s) leger(s),Voiture,Cyclomoteur,Entre 2 conducteurs: Par le côté (avant/derrière-flanc),1
2019,08,17,Anvers,Antwerpen,Province d’Anvers,Région flamande,51.183196,4.39389,11002,Normales,Normaal,Sec,Droog,Jour,En agglomération,Route communale,Avec blessé(s) leger(s),Voiture,Bicyclette,Entre 2 conducteurs: Par le côté (avant/derrière-flanc),1
2019,08,18,Anvers,Antwerpen,Province d’Anvers,Région flamande,51.22912,4.424382,11002,Normales,Normaal,Sec,Droog,Jour,En agglomération,Route communale,Avec blessé(s) leger(s),Bicyclette,Piéton,Avec un piéton,0
2019,08,07,Anvers,Antwerpen,Province d’Anvers,Région flamande,51.18655,4.375263,11002,Normales,Normaal,Sec,Droog,Jour,En agglomération,Route régionale,Avec blessé(s) leger(s),Bicyclette,Bicyclette,Entre 2 conducteurs: Par le côté (avant/derrière-flanc),1
2019,08,18,Anvers,Antwerpen,Province d’Anvers,Région flamande,51.155941,4.382648,11002,Normales,Normaal,Sec,Droog,Jour,inconnu,Route régionale,Avec blessé(s) leger(s),Bicyclette,Voiture,Entre 2 conducteurs: Par le côté (avant/derrière-flanc),1
2019,08,16,Anvers,Antwerpen,Province d’Anvers,Région flamande,51.193751,4.414297,11002,Normales,Normaal,Sec,Droog,Jour,En agglomération,Route communale,Avec blessé(s) leger(s),Bicyclette,Voiture,Entre 2 conducteurs: Par le côté (avant/derrière-flanc),1
2019,08,22,Anvers,Antwerpen,Province d’Anvers,Région flamande,51.209713,4.463669,11002,Normales,Normaal,Sec,Droog,"Nuit, éclairage public présent et allumé",En agglomération,Route régionale,Avec blessé(s) leger(s),Bicyclette,usager/obstacle,Usager contre obstacle situé hors chaussée,1
2019,08,07,Anvers,Antwerpen,Province d’Anvers,Région flamande,51.185203,4.39197,11002,Normales,Normaal,Sec,Droog,Jour,En agglomération,Route régionale,Avec blessé(s) grave(s),Bicyclette,Piéton,Avec un piéton,0
2019,08,14,Anvers,Antwerpen,Province d’Anvers,Région flamande,51.228611,4.470105,11002,Normales,Normaal,Sec,Droog,Jour,En agglomération,Route communale,Avec blessé(s) leger(s),Bicyclette,Bicyclette,Entre 2 conducteurs: Par l'arrière,1
2019,08,00,Anvers,Antwerpen,Province d’Anvers,Région flamande,,,11002,Normales,Normaal,"Humide, mouillé, flaques","Nat, plassen","Nuit, éclairage public présent et allumé",Hors agglomération,Route communale,Avec blessé(s) leger(s),Bicyclette,usager seul,"Un seul usager, pas d'obstacle (chute incl.)",0
2019,08,08,Anvers,Antwerpen,Province d’Anvers,Région flamande,51.217328,4.419556,11002,Normales,Normaal,Sec,Droog,Jour,En agglomération,Route communale,Avec blessé(s) leger(s),Bicyclette,Bicyclette,Entre 2 conducteurs: Par le côté (avant/derrière-flanc),0
2019,08,13,Anvers,Antwerpen,Province d’Anvers,Région flamande,51.163187,4.385321,11002,Normales,Normaal,Sec,Droog,Jour,Hors agglomération,Route régionale,Avec blessé(s) leger(s),Voiture,Bicyclette,Entre 2 conducteurs: Par le côté (avant/derrière-flanc),1
2019,08,23,Anvers,Antwerpen,Province d’Anvers,Région flamande,51.220947,4.396961,11002,Normales,Normaal,Sec,Droog,"Nuit, éclairage public présent et allumé",En agglomération,Route communale,Avec blessé(s) leger(s),Voiture,Motocyclette,Entre 2 conducteurs: Par l'arrière,0
2019,08,12,Zwijndrecht,Zwijndrecht,Province d’Anvers,Région flamande,51.210554,4.345898,11056,Normales,Normaal,Sec,Droog,Jour,En agglomération,Route communale,Avec blessé(s) grave(s),Camionnette,Bicyclette,Entre 2 conducteurs: Par le côté (avant/derrière-flanc),0
2019,08,22,Hemiksem,Hemiksem,Province d’Anvers,Région flamande,51.135153,4.335233,11018,Normales,Normaal,Sec,Droog,"Nuit, éclairage public présent et allumé",En agglomération,Route régionale,Avec blessé(s) leger(s),Bicyclette,Bicyclette,Entre 2 conducteurs: Par le côté (avant/derrière-flanc),0
2019,08,14,Hemiksem,Hemiksem,Province d’Anvers,Région flamande,51.133203,4.339049,11018,Normales,Normaal,Sec,Droog,Jour,En agglomération,Route communale,Avec blessé(s) leger(s),Voiture,Bicyclette,Entre 2 conducteurs: Par le côté (avant/derrière-flanc),0
2019,08,20,Hemiksem,Hemiksem,Province d’Anvers,Région flamande,51.144372,4.347325,11018,Normales,Normaal,Sec,Droog,Jour,En agglomération,Route communale,Avec blessé(s) leger(s),Bicyclette,Voiture,Entre 2 conducteurs: Collision frontale,1
2019,08,07,Rumst,Rumst,Province d’Anvers,Région flamande,51.080972,4.431653,11037,Normales,Normaal,Sec,Droog,Jour,En agglomération,Route communale,Avec blessé(s) leger(s),Bicyclette,Piéton,Avec un piéton,0
2019,08,13,Boom,Boom,Province d’Anvers,Région flamande,51.094702,4.366265,11005,Normales,Normaal,Sec,Droog,Jour,En agglomération,Route régionale,Avec blessé(s) leger(s),Voiture,Bicyclette,Entre 2 conducteurs: Par le côté (avant/derrière-flanc),1
2019,08,13,Hemiksem,Hemiksem,Province d’Anvers,Région flamande,51.142466,4.338163,11018,Normales,Normaal,"Verglas, neige","Ijzel, sneeuw",Jour,En agglomération,Route régionale,Avec blessé(s) leger(s),Cyclomoteur,Voiture,Entre 2 conducteurs: Par le côté (avant/derrière-flanc),0
2019,08,07,Rumst,Rumst,Province d’Anvers,Région flamande,51.077459,4.445103,11037,Normales,Normaal,Sec,Droog,Jour,En agglomération,Route communale,Avec blessé(s) leger(s),Bicyclette,Cyclomoteur,Entre 2 conducteurs: Par l'arrière,0
2019,08,08,Rumst,Rumst,Province d’Anvers,Région flamande,51.099648,4.414921,11037,Normales,Normaal,Sec,Droog,Jour,En agglomération,Route communale,Avec blessé(s) leger(s),Camionnette,Bicyclette,Entre 2 conducteurs: Flanc contre flanc,0
2019,08,16,Hemiksem,Hemiksem,Province d’Anvers,Région flamande,51.134499,4.335296,11018,Normales,Normaal,Sec,Droog,Jour,En agglomération,Route régionale,Avec blessé(s) leger(s),Voiture,Cyclomoteur,Entre 2 conducteurs: Par le côté (avant/derrière-flanc),1
2019,08,20,Niel,Niel,Province d’Anvers,Région flamande,51.103853,4.333054,11030,Normales,Normaal,Sec,Droog,"Nuit, éclairage public présent et allumé",En agglomération,Route régionale,Avec blessé(s) leger(s),Voiture,Bicyclette,Entre 2 conducteurs: Par le côté (avant/derrière-flanc),1
2019,08,14,Rumst,Rumst,Province d’Anvers,Région flamande,51.106432,4.37237,11037,Normales,Normaal,Sec,Droog,Jour,En agglomération,Route communale,Avec blessé(s) leger(s),Bicyclette,Voiture,Entre 2 conducteurs: Par le côté (avant/derrière-flanc),0
2019,08,13,Boom,Boom,Province d’Anvers,Région flamande,51.090773,4.36517,11005,Normales,Normaal,Sec,Droog,Jour,En agglomération,Route régionale,Avec blessé(s) leger(s),Cyclomoteur,Voiture,Entre 2 conducteurs: Flanc contre flanc,1
2019,08,08,Kapellen,Kapellen,Province d’Anvers,Région flamande,,,11023,Normales,Normaal,Sec,Droog,Jour,En agglomération,Route régionale,Avec blessé(s) leger(s),Voiture,Bicyclette,Entre 2 conducteurs: Par le côté (avant/derrière-flanc),1
2019,08,17,Stabroek,Stabroek,Province d’Anvers,Région flamande,51.308436,4.405945,11044,Normales,Normaal,Sec,Droog,Jour,En agglomération,Route communale,Avec blessé(s) leger(s),Voiture,Bicyclette,Entre 2 conducteurs: Par le côté (avant/derrière-flanc),1
2019,08,14,Stabroek,Stabroek,Province d’Anvers,Région flamande,51.332598,4.366479,11044,Normales,Normaal,Sec,Droog,Jour,En agglomération,Route régionale,Avec blessé(s) grave(s),Bicyclette,Bicyclette,Entre 2 conducteurs: Collision frontale,0
2019,08,23,Schilde,Schilde,Province d’Anvers,Région flamande,51.241693,4.538919,11039,"Inconnues, indéterminées",Onbekend,"Inconnu, indéterminé",Onbekend,"Inconnu, indéterminé",Hors agglomération,Route communale,Avec blessé(s) grave(s),Bicyclette,Voiture,Entre 2 conducteurs: Par l'arrière,1
2019,08,18,Aartselaar,Aartselaar,Province d’Anvers,Région flamande,51.117573,4.394421,11001,Normales,Normaal,Sec,Droog,Jour,Hors agglomération,Route communale,Avec blessé(s) leger(s),Voiture,Motocyclette,Entre 2 conducteurs: Par l'arrière,1
2019,08,12,Kontich,Kontich,Province d’Anvers,Région flamande,51.133333,4.445794,11024,Normales,Normaal,Sec,Droog,Jour,En agglomération,Route régionale,Avec blessé(s) leger(s),Bicyclette,Voiture,Entre 2 conducteurs: Par le côté (avant/derrière-flanc),0
2019,08,16,Anvers,Antwerpen,Province d’Anvers,Région flamande,51.151774,4.398211,11002,Normales,Normaal,Sec,Droog,Jour,Hors agglomération,Route régionale,Avec blessé(s) leger(s),Bicyclette,Bicyclette,Entre 2 conducteurs: Par le côté (avant/derrière-flanc),0
2019,08,12,Aartselaar,Aartselaar,Province d’Anvers,Région flamande,51.144214,4.364131,11001,"Autre (fumée épaisse,...)","Andere (dikke rook,...)",Sec,Droog,Jour,Hors agglomération,Route communale,Avec blessé(s) leger(s),Bicyclette,Bicyclette,Entre 2 conducteurs: Collision frontale,0
2019,08,10,Kontich,Kontich,Province d’Anvers,Région flamande,51.13825,4.451637,11024,Normales,Normaal,Sec,Droog,Jour,En agglomération,Route régionale,Avec blessé(s) grave(s),Bicyclette,Bicyclette,Entre 2 conducteurs: Par le côté (avant/derrière-flanc),0
2019,08,10,Kontich,Kontich,Province d’Anvers,Région flamande,51.124585,4.45942,11024,Normales,Normaal,Sec,Droog,Jour,En agglomération,Route communale,Avec blessé(s) leger(s),Bicyclette,Voiture,Entre 2 conducteurs: Par le côté (avant/derrière-flanc),0
2019,08,14,Kontich,Kontich,Province d’Anvers,Région flamande,51.13664,4.457685,11024,Normales,Normaal,Sec,Droog,Jour,Hors agglomération,Route régionale,Avec blessé(s) grave(s),Voiture,Bicyclette,Entre 2 conducteurs: Par le côté (avant/derrière-flanc),0
2019,08,18,Aartselaar,Aartselaar,Province d’Anvers,Région flamande,51.139754,4.394838,11001,Normales,Normaal,Sec,Droog,Jour,En agglomération,Route communale,Avec blessé(s) leger(s),Camionnette,Cyclomoteur,Entre 2 conducteurs: Par le côté (avant/derrière-flanc),0
2019,08,16,Edegem,Edegem,Province d’Anvers,Région flamande,51.15512,4.43198,11013,Normales,Normaal,Sec,Droog,Jour,En agglomération,Route régionale,Avec blessé(s) leger(s),Cyclomoteur,Bicyclette,Entre 2 conducteurs: Par le côté (avant/derrière-flanc),0
2019,08,08,Edegem,Edegem,Province d’Anvers,Région flamande,51.160186,4.445598,11013,Normales,Normaal,Sec,Droog,Jour,En agglomération,Route communale,Avec blessé(s) leger(s),Bicyclette,Voiture,Entre 2 conducteurs: Par le côté (avant/derrière-flanc),1
2019,08,12,Kalmthout,Kalmthout,Province d’Anvers,Région flamande,51.389449,4.470051,11022,Normales,Normaal,Sec,Droog,Jour,En agglomération,Route communale,Avec blessé(s) grave(s),Bicyclette,usager seul,"Un seul usager, pas d'obstacle (chute incl.)",1
2019,08,14,Wuustwezel,Wuustwezel,Province d’Anvers,Région flamande,51.416729,4.542506,11053,Normales,Normaal,Sec,Droog,Jour,Hors agglomération,Route communale,Avec blessé(s) grave(s),Bicyclette,Voiture,Entre 2 conducteurs: Par le côté (avant/derrière-flanc),1
2019,08,14,Kalmthout,Kalmthout,Province d’Anvers,Région flamande,51.381543,4.473203,11022,Normales,Normaal,Propre,Proper,Jour,En agglomération,Route régionale,Avec blessé(s) leger(s),Voiture,Bicyclette,Entre 2 conducteurs: Par le côté (avant/derrière-flanc),0
2019,08,16,Wuustwezel,Wuustwezel,Province d’Anvers,Région flamande,51.36229,4.511882,11053,Normales,Normaal,Sec,Droog,Jour,Hors agglomération,Route communale,Avec blessé(s) leger(s),Cyclomoteur,Autres,Entre 2 conducteurs: Par le côté (avant/derrière-flanc),0
2019,08,17,Wuustwezel,Wuustwezel,Province d’Anvers,Région flamande,51.394541,4.603769,11053,Normales,Normaal,Propre,Proper,Jour,En agglomération,Route communale,Avec blessé(s) leger(s),Cyclomoteur,usager/obstacle,Usager contre obstacle situé hors chaussée,0
2019,08,17,Kalmthout,Kalmthout,Province d’Anvers,Région flamande,51.367735,4.461593,11022,"Inconnues, indéterminées",Onbekend,"Inconnu, indéterminé",Onbekend,"Inconnu, indéterminé",inconnu,Route communale,Avec blessé(s) leger(s),Bicyclette,Bicyclette,Entre 2 conducteurs: Flanc contre flanc,0
2019,08,21,Wuustwezel,Wuustwezel,Province d’Anvers,Région flamande,51.409373,4.669525,11053,Normales,Normaal,Sec,Droog,"Aube, crépuscule",Hors agglomération,Route communale,Avec blessé(s) grave(s),Voiture,Bicyclette,Entre 2 conducteurs: Par le côté (avant/derrière-flanc),1
2019,08,17,Wommelgem,Wommelgem,Province d’Anvers,Région flamande,51.196115,4.507389,11052,Normales,Normaal,Sec,Droog,Jour,En agglomération,Route régionale,Avec blessé(s) leger(s),Voiture,Cyclomoteur,Entre 2 conducteurs: Par le côté (avant/derrière-flanc),0
2019,08,14,Wijnegem,Wijnegem,Province d’Anvers,Région flamande,51.237212,4.490508,11050,Normales,Normaal,"Humide, mouillé, flaques","Nat, plassen",Jour,Hors agglomération,Route communale,Avec blessé(s) leger(s),Voiture,Bicyclette,Entre 2 conducteurs: Par le côté (avant/derrière-flanc),0
2019,08,11,Boechout,Boechout,Province d’Anvers,Région flamande,51.168754,4.492467,11004,Pluie,Regenval,"Humide, mouillé, flaques","Nat, plassen",Jour,Hors agglomération,Route régionale,Avec blessé(s) grave(s),Voiture,Cyclomoteur,Entre 2 conducteurs: Par le côté (avant/derrière-flanc),1
2019,08,15,Wommelgem,Wommelgem,Province d’Anvers,Région flamande,51.205918,4.524826,11052,Normales,Normaal,Sec,Droog,Jour,En agglomération,Route communale,Avec blessé(s) leger(s),Voiture,Bicyclette,Entre 2 conducteurs: Par l'arrière,0