year,month,hour,municipality_fr,municipality_nl,province_fr,region_fr,latitude,longitude,nis_code,weather_fr,weather_nl,road_condition_fr,road_condition_nl,light_condition_fr,build_up_area_fr,road_type_fr,severity_fr,road_user1_fr,road_user2_fr,collision_type_fr,at_crossway
2019,08,16,Borsbeek,Borsbeek,Province d’Anvers,Région flamande,,,11007,Normales,Normaal,Sec,Droog,Jour,Hors agglomération,Route régionale,Avec blessé(s) leger(s),Motocyclette,Voiture,Entre 2 conducteurs: Flanc contre flanc,0
2019,08,15,Wommelgem,Wommelgem,Province d’Anvers,Région flamande,51.196673,4.513354,11052,Normales,Normaal,Sec,Droog,Jour,En agglomération,Route régionale,Avec blessé(s) leger(s),Bicyclette,usager/obstacle,Usager contre obstacle situé sur la chaussée,0
2019,08,09,Mortsel,Mortsel,Province d’Anvers,Région flamande,51.170525,4.452688,11029,"Inconnues, indéterminées",Onbekend,"Inconnu, indéterminé",Onbekend,Jour,En agglomération,Route régionale,Avec blessé(s) leger(s),Bicyclette,usager/obstacle,Usager contre obstacle situé hors chaussée,0
2019,08,15,Borsbeek,Borsbeek,Province d’Anvers,Région flamande,51.187706,4.490409,11007,"Inconnues, indéterminées",Onbekend,"Inconnu, indéterminé",Onbekend,Jour,Hors agglomération,Route communale,Avec blessé(s) leger(s),Bicyclette,Voiture,Entre 2 conducteurs: Par le côté (avant/derrière-flanc),1
2019,08,16,Boechout,Boechout,Province d’Anvers,Région flamande,51.16016,4.525352,11004,Normales,Normaal,Sec,Droog,Jour,En agglomération,Route communale,Avec blessé(s) leger(s),Voiture,Bicyclette,Entre 2 conducteurs: Par le côté (avant/derrière-flanc),1
2019,08,19,Wommelgem,Wommelgem,Province d’Anvers,Région flamande,51.202649,4.522422,11052,Normales,Normaal,Sec,Droog,Jour,En agglomération,Route communale,Avec blessé(s) grave(s),Bicyclette,Voiture,Entre 2 conducteurs: Flanc contre flanc,0
2019,08,09,Wijnegem,Wijnegem,Province d’Anvers,Région flamande,51.233457,4.49959,11050,Normales,Normaal,Sec,Droog,Jour,Hors agglomération,Route régionale,Avec blessé(s) leger(s),Camionnette,Bicyclette,Entre 2 conducteurs: Par le côté (avant/derrière-flanc),1
2019,08,16,Mortsel,Mortsel,Province d’Anvers,Région flamande,51.169102,4.467151,11029,"Inconnues, indéterminées",Onbekend,"Inconnu, indéterminé",Onbekend,Jour,inconnu,Route régionale,Avec blessé(s) leger(s),Bicyclette,Piéton,Avec un piéton,0
2019,08,01,Wommelgem,Wommelgem,Province d’Anvers,Région flamande,,,11052,"Inconnues, indéterminées",Onbekend,"Inconnu, indéterminé",Onbekend,"Nuit, pas d'éclairage public présent",En agglomération,Route communale,Avec blessé(s) leger(s),Bicyclette,usager seul,"Un seul usager, pas d'obstacle (chute incl.)",0
2019,08,17,Borsbeek,Borsbeek,Province d’Anvers,Région flamande,51.19825,4.47705,11007,Normales,Normaal,Sec,Droog,Jour,En agglomération,Route communale,Avec blessé(s) leger(s),Voiture,Bicyclette,Entre 2 conducteurs: Par le côté (avant/derrière-flanc),1
2019,08,11,Brasschaat,Brasschaat,Province d’Anvers,Région flamande,51.281749,4.475483,11008,Normales,Normaal,Sec,Droog,Jour,Hors agglomération,Route régionale,Avec blessé(s) leger(s),Voiture,Bicyclette,Entre 2 conducteurs: Par le côté (avant/derrière-flanc),0
2019,08,06,Brasschaat,Brasschaat,Province d’Anvers,Région flamande,51.31328,4.513415,11008,Normales,Normaal,Sec,Droog,Jour,Hors agglomération,Route régionale,Avec blessé(s) grave(s),Voiture,Bicyclette,Entre 2 conducteurs: Par le côté (avant/derrière-flanc),1
2019,08,12,Brasschaat,Brasschaat,Province d’Anvers,Région flamande,,,11008,Normales,Normaal,Sec,Droog,Jour,En agglomération,Route régionale,Avec blessé(s) leger(s),Voiture,Bicyclette,Entre 2 conducteurs: Collision frontale,0
2019,08,16,Brasschaat,Brasschaat,Province d’Anvers,Région flamande,51.307921,4.507466,11008,Pluie,Regenval,"Humide, mouillé, flaques","Nat, plassen",Jour,Hors agglomération,Route régionale,Avec blessé(s) leger(s),Voiture,Motocyclette,Entre 2 conducteurs: Collision frontale,1
2019,08,07,Brasschaat,Brasschaat,Province d’Anvers,Région flamande,,,11008,Normales,Normaal,"Inconnu, indéterminé",Onbekend,Jour,En agglomération,Route communale,Avec blessé(s) leger(s),Autres,Bicyclette,Entre 2 conducteurs: Par le côté (avant/derrière-flanc),0
2019,08,08,Schoten,Schoten,Province d’Anvers,Région flamande,51.242772,4.472559,11040,Normales,Normaal,Sec,Droog,Jour,En agglomération,Route communale,Avec blessé(s) leger(s),Voiture,Bicyclette,Entre 2 conducteurs: Collision frontale,1
2019,08,13,Schoten,Schoten,Province d’Anvers,Région flamande,51.268002,4.463744,11040,Normales,Normaal,Sec,Droog,Jour,En agglomération,Route régionale,Avec blessé(s) leger(s),Cyclomoteur,Cyclomoteur,Entre 2 conducteurs: Collision frontale,0
2019,08,20,Schoten,Schoten,Province d’Anvers,Région flamande,51.275317,4.522663,11040,Normales,Normaal,Sec,Droog,Jour,Hors agglomération,Route régionale,Avec blessé(s) leger(s),Motocyclette,Voiture,Entre 2 conducteurs: Par l'arrière,0
2019,08,11,Schoten,Schoten,Province d’Anvers,Région flamande,51.243386,4.463345,11040,"Inconnues, indéterminées",Onbekend,"Inconnu, indéterminé",Onbekend,Jour,En agglomération,Route communale,Avec blessé(s) leger(s),Bicyclette,usager/obstacle,Usager contre obstacle situé sur la chaussée,1
2019,08,16,Schoten,Schoten,Province d’Anvers,Région flamande,51.295369,4.549747,11040,Normales,Normaal,Sec,Droog,Jour,Hors agglomération,Route régionale,Avec blessé(s) leger(s),Voiture,Motocyclette,Entre 2 conducteurs: Par le côté (avant/derrière-flanc),1
2019,08,10,Schoten,Schoten,Province d’Anvers,Région flamande,51.240378,4.476927,11040,Normales,Normaal,Sec,Droog,Jour,Hors agglomération,Route communale,Avec blessé(s) leger(s),Bicyclette,Bicyclette,Entre 2 conducteurs: Flanc contre flanc,0
2019,08,02,Schoten,Schoten,Province d’Anvers,Région flamande,51.256168,4.506945,11040,"Inconnues, indéterminées",Onbekend,"Inconnu, indéterminé",Onbekend,"Nuit, éclairage public présent, mais pas allumé",En agglomération,Route communale,Avec blessé(s) leger(s),Bicyclette,Voiture,Avec un piéton,0
2019,08,15,Ranst,Ranst,Province d’Anvers,Région flamande,51.193968,4.550707,11035,Normales,Normaal,Sec,Droog,Jour,Hors agglomération,Route régionale,Avec blessé(s) leger(s),Voiture,Cyclomoteur,Entre 2 conducteurs: Par le côté (avant/derrière-flanc),0
2019,08,17,Ranst,Ranst,Province d’Anvers,Région flamande,51.211335,4.625067,11035,Normales,Normaal,Sec,Droog,Jour,Hors agglomération,Route communale,Avec blessé(s) leger(s),Voiture,Bicyclette,Entre 2 conducteurs: Collision frontale,1
2019,08,13,Zandhoven,Zandhoven,Province d’Anvers,Région flamande,51.201207,4.644572,11054,Normales,Normaal,Sec,Droog,Jour,Hors agglomération,Route régionale,Avec blessé(s) leger(s),Voiture,Bicyclette,Entre 2 conducteurs: Par le côté (avant/derrière-flanc),0
2019,08,09,Ranst,Ranst,Province d’Anvers,Région flamande,51.193268,4.552123,11035,Normales,Normaal,Sec,Droog,Jour,Hors agglomération,Route régionale,Avec blessé(s) leger(s),Camionnette,Motocyclette,Entre 2 conducteurs: Par l'arrière,1
2019,08,17,Malle,Malle,Province d’Anvers,Région flamande,,,11057,"Inconnues, indéterminées",Onbekend,"Inconnu, indéterminé",Onbekend,Jour,En agglomération,Route régionale,Avec blessé(s) leger(s),Bicyclette,Bicyclette,Entre 2 conducteurs: Par l'arrière,0
2019,08,13,Brecht,Brecht,Province d’Anvers,Région flamande,51.291502,4.568372,11009,Normales,Normaal,Sec,Droog,Jour,En agglomération,Route communale,Avec blessé(s) leger(s),Voiture,Bicyclette,Entre 2 conducteurs: Par le côté (avant/derrière-flanc),1
2019,08,07,Zoersel,Zoersel,Province d’Anvers,Région flamande,,,11055,Normales,Normaal,Sec,Droog,Jour,Hors agglomération,Route communale,Avec blessé(s) leger(s),Voiture,Bicyclette,Entre 2 conducteurs: Par le côté (avant/derrière-flanc),1
2019,08,17,Turnhout,Turnhout,Province d’Anvers,Région flamande,51.337893,4.926421,13040,Normales,Normaal,Sec,Droog,Jour,Hors agglomération,Route communale,Avec blessé(s) leger(s),Motocyclette,usager/obstacle,Usager contre obstacle situé sur la chaussée,0
2019,08,16,Zoersel,Zoersel,Province d’Anvers,Région flamande,51.24676,4.703921,11055,Normales,Normaal,Sec,Droog,Jour,Hors agglomération,Route régionale,Avec blessé(s) leger(s),Motocyclette,Camionnette,Entre 2 conducteurs: Par l'arrière,0
2019,08,18,Zoersel,Zoersel,Province d’Anvers,Région flamande,51.268086,4.665293,11055,Normales,Normaal,Sec,Droog,Jour,Hors agglomération,Route communale,Avec blessé(s) leger(s),Voiture,Bicyclette,Entre 2 conducteurs: Collision frontale,1
2019,08,16,Brecht,Brecht,Province d’Anvers,Région flamande,51.30236,4.569483,11009,Normales,Normaal,Sec,Droog,Jour,En agglomération,Route communale,Avec blessé(s) leger(s),Bicyclette,Cyclomoteur,Entre 2 conducteurs: Flanc contre flanc,1
2019,08,14,Zoersel,Zoersel,Province d’Anvers,Région flamande,51.259986,4.710981,11055,Normales,Normaal,Sec,Droog,Jour,Hors agglomération,Route régionale,Avec tué(s),Motocyclette,Autres,Entre 2 conducteurs: Flanc contre flanc,0
2019,08,17,Bornem,Bornem,Province d’Anvers,Région flamande,51.103303,4.234228,12007,Normales,Normaal,Sec,Droog,Jour,En agglomération,Route régionale,Avec blessé(s) leger(s),Voiture,Bicyclette,Entre 2 conducteurs: Par le côté (avant/derrière-flanc),1
2019,08,17,Bornem,Bornem,Province d’Anvers,Région flamande,51.113654,4.204226,12007,Normales,Normaal,"Inconnu, indéterminé",Onbekend,Jour,Hors agglomération,Route communale,Avec blessé(s) grave(s),Bicyclette,Bicyclette,Entre 2 conducteurs: Par l'arrière,0
2019,08,16,Puurs-Sint-Amands,Puurs-Sint-Amands,Province d’Anvers,Région flamande,51.075166,4.272979,12041,Normales,Normaal,Sec,Droog,Jour,En agglomération,Route régionale,Avec blessé(s) leger(s),Voiture,Motocyclette,Entre 2 conducteurs: Par l'arrière,1
2019,08,08,Bornem,Bornem,Province d’Anvers,Région flamande,51.093283,4.21599,12007,Normales,Normaal,Sec,Droog,Jour,En agglomération,Route communale,Avec blessé(s) leger(s),Bicyclette,Voiture,Entre 2 conducteurs: Flanc contre flanc,0
2019,08,13,Puurs-Sint-Amands,Puurs-Sint-Amands,Province d’Anvers,Région flamande,51.060585,4.28156,12041,Normales,Normaal,Sec,Droog,Jour,En agglomération,Route communale,Avec blessé(s) grave(s),Voiture,Bicyclette,Entre 2 conducteurs: Par le côté (avant/derrière-flanc),0
2019,08,18,Bornem,Bornem,Province d’Anvers,Région flamande,51.103496,4.190256,12007,Normales,Normaal,Sec,Droog,Jour,Hors agglomération,Route communale,Avec blessé(s) leger(s),Bicyclette,Bicyclette,Entre 2 conducteurs: Collision frontale,0
2019,08,08,Sint-Katelijne-Waver,Sint-Katelijne-Waver,Province d’Anvers,Région flamande,51.056212,4.479707,12035,Normales,Normaal,Sec+Propre,Droog+Proper,Jour,Hors agglomération,Route régionale,Avec blessé(s) leger(s),Voiture,Bicyclette,Entre 2 conducteurs: Flanc contre flanc,1
2019,08,11,Bonheiden,Bonheiden,Province d’Anvers,Région flamande,51.030369,4.524048,12005,Normales,Normaal,Sec,Droog,Jour,Hors agglomération,Route communale,Avec blessé(s) leger(s),Voiture,Bicyclette,Entre 2 conducteurs: Par le côté (avant/derrière-flanc),1
2019,08,17,Bonheiden,Bonheiden,Province d’Anvers,Région flamande,,,12005,Normales,Normaal,Sec,Droog,Jour,Hors agglomération,Route communale,Avec blessé(s) leger(s),Cyclomoteur,Voiture,Entre 2 conducteurs: Par le côté (avant/derrière-flanc),1
2019,08,17,Putte,Putte,Province d’Anvers,Région flamande,51.056457,4.632453,12029,Normales,Normaal,Sec+Propre,Droog+Proper,Jour,En agglomération,Route régionale,Avec blessé(s) leger(s),Voiture,Bicyclette,Entre 2 conducteurs: Par le côté (avant/derrière-flanc),1
2019,08,09,Duffel,Duffel,Province d’Anvers,Région flamande,51.099839,4.505976,12009,Normales,Normaal,Sec,Droog,Jour,En agglomération,Route communale,Avec blessé(s) leger(s),Voiture,Cyclomoteur,Entre 2 conducteurs: Par le côté (avant/derrière-flanc),1
2019,08,16,Bonheiden,Bonheiden,Province d’Anvers,Région flamande,51.043731,4.537618,12005,Normales,Normaal,Sec,Droog,Jour,Hors agglomération,Route communale,Avec blessé(s) leger(s),Bicyclette,Camionnette,Entre 2 conducteurs: Par l'arrière,0
2019,08,13,Duffel,Duffel,Province d’Anvers,Région flamande,51.09358,4.51998,12009,Normales,Normaal,Sec,Droog,Jour,Hors agglomération,Route régionale,Avec blessé(s) leger(s),Cyclomoteur,Bicyclette,Entre 2 conducteurs: Collision frontale,1
2019,08,11,Duffel,Duffel,Province d’Anvers,Région flamande,51.093479,4.509397,12009,Normales,Normaal,Sec,Droog,Jour,En agglomération,Route régionale,Avec blessé(s) leger(s),Bicyclette,Camionnette,Entre 2 conducteurs: Par le côté (avant/derrière-flanc),1
2019,08,13,Lierre,Lier,Province d’Anvers,Région flamande,,,12021,Normales,Normaal,Sec,Droog,Jour,Hors agglomération,Route régionale,Avec blessé(s) leger(s),Voiture,Bicyclette,Entre 2 conducteurs: Par le côté (avant/derrière-flanc),0
2019,08,23,Lierre,Lier,Province d’Anvers,Région flamande,51.13124,4.531651,12021,Pluie,Regenval,"Humide, mouillé, flaques","Nat, plassen","Nuit, éclairage public présent et allumé",Hors agglomération,Route communale,Avec blessé(s) leger(s),Voiture,Bicyclette,Entre 2 conducteurs: Par le côté (avant/derrière-flanc),1
2019,08,10,Lierre,Lier,Province d’Anvers,Région flamande,51.139226,4.572718,12021,Normales,Normaal,Sec,Droog,Jour,En agglomération,Route régionale,Avec blessé(s) grave(s),Voiture,Cyclomoteur,Entre 2 conducteurs: Par le côté (avant/derrière-flanc),1
2019,08,17,Lierre,Lier,Province d’Anvers,Région flamande,51.130797,4.569703,12021,Normales,Normaal,Sec,Droog,Jour,En agglomération,Route régionale,Avec blessé(s) leger(s),Autres,Bicyclette,Entre 2 conducteurs: Flanc contre flanc,0
2019,08,13,Heist-op-den-Berg,Heist-op-den-Berg,Province d’Anvers,Région flamande,51.013336,4.710082,12014,Normales,Normaal,Sec,Droog,Jour,En agglomération,Route communale,Avec blessé(s) leger(s),Bicyclette,usager/obstacle,Usager contre obstacle situé hors chaussée,0
2019,08,09,Heist-op-den-Berg,Heist-op-den-Berg,Province d’Anvers,Région flamande,,,12014,Normales,Normaal,Sec,Droog,Jour,Hors agglomération,Route communale,Avec blessé(s) grave(s),Voiture,Bicyclette,Entre 2 conducteurs: Collision frontale,1
2019,08,20,Heist-op-den-Berg,Heist-op-den-Berg,Province d’Anvers,Région flamande,51.075126,4.715988,12014,Normales,Normaal,Sec,Droog,Jour,En agglomération,Route communale,Avec blessé(s) leger(s),Voiture,Cyclomoteur,Entre 2 conducteurs: Par le côté (avant/derrière-flanc),1
2019,08,20,Merksplas,Merksplas,Province d’Anvers,Région flamande,51.382817,4.899675,13023,Normales,Normaal,Sec,Droog,"Nuit, pas d'éclairage public présent",Hors agglomération,Route communale,Avec tué(s),Motocyclette,usager/obstacle,Usager contre obstacle situé hors chaussée,0
2019,08,16,Hoogstraten,Hoogstraten,Province d’Anvers,Région flamande,,,13014,Normales,Normaal,Sec,Droog,Jour,En agglomération,Route régionale,Avec blessé(s) leger(s),Bicyclette,Bicyclette,Entre 2 conducteurs: Collision frontale,0
2019,08,15,Hoogstraten,Hoogstraten,Province d’Anvers,Région flamande,51.398563,4.794465,13014,Normales,Normaal,Sec,Droog,Jour,En agglomération,Route communale,Avec blessé(s) leger(s),Voiture,Bicyclette,Entre 2 conducteurs: Par l'arrière,0
2019,08,18,Turnhout,Turnhout,Province d’Anvers,Région flamande,51.322224,4.941752,13040,Normales,Normaal,Sec,Droog,Jour,En agglomération,Route communale,Avec blessé(s) leger(s),Bicyclette,Voiture,Entre 2 conducteurs: Flanc contre flanc,0
2019,08,13,Turnhout,Turnhout,Province d’Anvers,Région flamande,51.325079,4.938845,13040,Normales,Normaal,Sec,Droog,Jour,En agglomération,Route communale,Avec blessé(s) leger(s),Cyclomoteur,Voiture,Entre 2 conducteurs: Par le côté (avant/derrière-flanc),1
2019,08,12,Kasterlee,Kasterlee,Province d’Anvers,Région flamande,51.239248,4.900902,13017,Normales,Normaal,Sec,Droog,Jour,En agglomération,Route communale,Avec blessé(s) grave(s),Voiture,Bicyclette,Entre 2 conducteurs: Par le côté (avant/derrière-flanc),1
2019,08,17,Turnhout,Turnhout,Province d’Anvers,Région flamande,51.324607,4.943629,13040,Normales,Normaal,Sec,Droog,Jour,En agglomération,Route communale,Avec blessé(s) leger(s),Bicyclette,Voiture,Entre 2 conducteurs: Flanc contre flanc,0
2019,08,16,Kasterlee,Kasterlee,Province d’Anvers,Région flamande,51.240568,4.899305,13017,"Inconnues, indéterminées",Onbekend,Sec,Droog,Jour,En agglomération,Route communale,Avec blessé(s) grave(s),Bicyclette,usager/obstacle,Usager contre obstacle situé hors chaussée,0
2019,08,14,Oud-Turnhout,Oud-Turnhout,Province d’Anvers,Région flamande,51.317876,4.98226,13031,Normales,Normaal,Sec,Droog,Jour,En agglomération,Route régionale,Avec blessé(s) leger(s),Voiture,Cyclomoteur,Entre 2 conducteurs: Par le côté (avant/derrière-flanc),1
2019,08,11,Turnhout,Turnhout,Province d’Anvers,Région flamande,51.323641,4.949617,13040,Normales,Normaal,Sec,Droog,Jour,En agglomération,Route communale,Avec blessé(s) leger(s),Bicyclette,Motocyclette,Entre 2 conducteurs: Par le côté (avant/derrière-flanc),1
2019,08,21,Turnhout,Turnhout,Province d’Anvers,Région flamande,51.331287,4.948398,13040,Normales,Normaal,Sec,Droog,"Nuit, éclairage public présent et allumé",En agglomération,Route communale,Avec blessé(s) leger(s),Bicyclette,Voiture,Entre 2 conducteurs: Par le côté (avant/derrière-flanc),0
2019,08,14,Vosselaar,Vosselaar,Province d’Anvers,Région flamande,51.301708,4.881776,13046,Normales,Normaal,Sec,Droog,Jour,En agglomération,Route communale,Avec blessé(s) leger(s),Voiture,Bicyclette,Entre 2 conducteurs: Par le côté (avant/derrière-flanc),1
2019,08,13,Turnhout,Turnhout,Province d’Anvers,Région flamande,51.328011,4.943479,13040,Normales,Normaal,Sec,Droog,Jour,En agglomération,Route communale,Avec blessé(s) leger(s),Motocyclette,usager seul,"Un seul usager, pas d'obstacle (chute incl.)",1
2019,08,10,Turnhout,Turnhout,Province d’Anvers,Région flamande,51.313587,4.925785,13040,Normales,Normaal,Sec,Droog,Jour,En agglomération,Route régionale,Avec blessé(s) leger(s),Voiture,Cyclomoteur,Entre 2 conducteurs: Par le côté (avant/derrière-flanc),1
2019,08,08,Turnhout,Turnhout,Province d’Anvers,Région flamande,,,13040,Normales,Normaal,Sec,Droog,Jour,En agglomération,Route communale,Avec blessé(s) leger(s),Bicyclette,Piéton,Avec un piéton,0
2019,08,11,Beerse,Beerse,Province d’Anvers,Région flamande,51.308256,4.841192,13004,Normales,Normaal,Sec,Droog,Jour,Hors agglomération,Route régionale,Avec blessé(s) leger(s),Camion,Bicyclette,Entre 2 conducteurs: Par le côté (avant/derrière-flanc),1
2019,08,18,Turnhout,Turnhout,Province d’Anvers,Région flamande,51.331405,4.95697,13040,Normales,Normaal,Sec,Droog,Jour,En agglomération,Route régionale,Avec blessé(s) leger(s),Bicyclette,Voiture,Entre 2 conducteurs: Par le côté (avant/derrière-flanc),0
2019,08,17,Kasterlee,Kasterlee,Province d’Anvers,Région flamande,51.2007,4.907627,13017,Normales,Normaal,Sec,Droog,Jour,Hors agglomération,Route communale,Avec blessé(s) leger(s),Voiture,Bicyclette,Entre 2 conducteurs: Flanc contre flanc,0
2019,08,22,Beerse,Beerse,Province d’Anvers,Région flamande,51.324537,4.856038,13004,Normales,Normaal,Sec,Droog,"Nuit, éclairage public présent et allumé",En agglomération,Route régionale,Avec tué(s),Camion,Bicyclette,Entre 2 conducteurs: Par le côté (avant/derrière-flanc),0
2019,08,21,Westerlo,Westerlo,Province d’Anvers,Région flamande,51.107777,4.914789,13049,Normales,Normaal,Sec,Droog,"Nuit, éclairage public présent et allumé",En agglomération,Route communale,Avec blessé(s) leger(s),Bicyclette,Bicyclette,Entre 2 conducteurs: Par l'arrière,0
2019,08,14,Heist-op-den-Berg,Heist-op-den-Berg,Province d’Anvers,Région flamande,,,12014,Normales,Normaal,Sec,Droog,Jour,Hors agglomération,Route communale,Avec blessé(s) leger(s),Bicyclette,Voiture,Entre 2 conducteurs: Par l'arrière,1
2019,08,16,Hulshout,Hulshout,Province d’Anvers,Région flamande,51.072608,4.804433,13016,Normales,Normaal,Sec,Droog,Jour,Hors agglomération,Route communale,Avec blessé(s) leger(s),Voiture,Bicyclette,Entre 2 conducteurs: Collision frontale,1
2019,08,16,Herselt,Herselt,Province d’Anvers,Région flamande,51.03527,4.824397,13013,Normales,Normaal,Sec,Droog,Jour,Hors agglomération,Route communale,Avec blessé(s) leger(s),Bicyclette,Bicyclette,Entre 2 conducteurs: Par le côté (avant/derrière-flanc),0
2019,08,18,Westerlo,Westerlo,Province d’Anvers,Région flamande,51.11265,4.912755,13049,Normales,Normaal,Sec,Droog,Jour,Hors agglomération,Route communale,Avec blessé(s) leger(s),Camionnette,Cyclomoteur,Entre 2 conducteurs: Par le côté (avant/derrière-flanc),1
2019,08,14,Geel,Geel,Province d’Anvers,Région flamande,51.157156,4.993798,13008,Normales,Normaal,Sec,Droog,Jour,En agglomération,Route régionale,Avec blessé(s) leger(s),Bicyclette,Voiture,Entre 2 conducteurs: Par le côté (avant/derrière-flanc),1
2019,08,16,Geel,Geel,Province d’Anvers,Région flamande,,,13008,Normales,Normaal,Sec,Droog,Jour,Hors agglomération,Route communale,Avec blessé(s) grave(s),Bicyclette,Bicyclette,Entre 2 conducteurs: Flanc contre flanc,0
2019,08,09,Geel,Geel,Province d’Anvers,Région flamande,51.148349,4.98306,13008,Normales,Normaal,Sec,Droog,Jour,Hors agglomération,Route régionale,Avec blessé(s) leger(s),Voiture,Bicyclette,Entre 2 conducteurs: Par le côté (avant/derrière-flanc),1
2019,08,08,Geel,Geel,Province d’Anvers,Région flamande,51.162707,4.990715,13008,Normales,Normaal,Sec,Droog,Jour,En agglomération,Route régionale,Avec blessé(s) leger(s),Voiture,Bicyclette,Entre 2 conducteurs: Par le côté (avant/derrière-flanc),1
2019,08,15,Beerse,Beerse,Province d’Anvers,Région flamande,51.311459,4.864212,13004,Normales,Normaal,Sec,Droog,Jour,Hors agglomération,Route régionale,Avec blessé(s) leger(s),Bicyclette,Voiture,Entre 2 conducteurs: Par le côté (avant/derrière-flanc),1
2019,08,14,Retie,Retie,Province d’Anvers,Région flamande,51.261317,5.091428,13036,Normales,Normaal,Sec,Droog,Jour,En agglomération,Route régionale,Avec blessé(s) leger(s),Bicyclette,Voiture,Entre 2 conducteurs: Par le côté (avant/derrière-flanc),0
2019,08,19,Mol,Mol,Province d’Anvers,Région flamande,51.194653,5.112421,13025,Normales,Normaal,Sec,Droog,Jour,Hors agglomération,Route communale,Avec blessé(s) leger(s),Voiture,Bicyclette,Entre 2 conducteurs: Par le côté (avant/derrière-flanc),1
2019,08,17,Dessel,Dessel,Province d’Anvers,Région flamande,51.234194,5.162484,13006,Normales,Normaal,Sec,Droog,Jour,Hors agglomération,Route communale,Avec blessé(s) leger(s),Bicyclette,Voiture,Entre 2 conducteurs: Par le côté (avant/derrière-flanc),1
2019,08,13,Balen,Balen,Province d’Anvers,Région flamande,51.170383,5.167737,13003,Normales,Normaal,Sec,Droog,Jour,Hors agglomération,Route régionale,Avec blessé(s) leger(s),Bicyclette,Bicyclette,Entre 2 conducteurs: Flanc contre flanc,1
2019,08,21,Herenthout,Herenthout,Province d’Anvers,Région flamande,51.141377,4.757422,13012,Normales,Normaal,Sec,Droog,"Nuit, éclairage public présent et allumé",En agglomération,Route communale,Avec blessé(s) leger(s),Voiture,Bicyclette,Entre 2 conducteurs: Par le côté (avant/derrière-flanc),0
2019,08,16,Herentals,Herentals,Province d’Anvers,Région flamande,51.178691,4.828144,13011,Normales,Normaal,Sec,Droog,Jour,En agglomération,Route communale,Avec blessé(s) leger(s),Voiture,Cyclomoteur,Entre 2 conducteurs: Par le côté (avant/derrière-flanc),1
2019,08,14,Herenthout,Herenthout,Province d’Anvers,Région flamande,51.14044,4.752162,13012,Normales,Normaal,Sec,Droog,Jour,En agglomération,Route communale,Avec blessé(s) leger(s),Cyclomoteur,Voiture,Entre 2 conducteurs: Par le côté (avant/derrière-flanc),1
2019,08,06,Herentals,Herentals,Province d’Anvers,Région flamande,51.167002,4.847259,13011,Normales,Normaal,Sec,Droog,Jour,Hors agglomération,Route régionale,Avec blessé(s) leger(s),Voiture,Bicyclette,Entre 2 conducteurs: Par le côté (avant/derrière-flanc),0
2019,08,09,Grobbendonk,Grobbendonk,Province d’Anvers,Région flamande,51.192671,4.737762,13010,Normales,Normaal,Sec,Droog,Jour,En agglomération,Route communale,Avec blessé(s) grave(s),Voiture,Bicyclette,Entre 2 conducteurs: Par le côté (avant/derrière-flanc),0
2019,08,23,Olen,Olen,Province d’Anvers,Région flamande,51.153918,4.851832,13029,Normales,Normaal,Sec,Droog,"Nuit, éclairage public présent et allumé",Hors agglomération,Route régionale,Avec blessé(s) grave(s),Cyclomoteur,usager/obstacle,Usager contre obstacle situé hors chaussée,0
2019,08,19,Herentals,Herentals,Province d’Anvers,Région flamande,51.18,4.855844,13011,Normales,Normaal,Sec,Droog,Jour,En agglomération,Route communale,Avec blessé(s) leger(s),Voiture,Bicyclette,Entre 2 conducteurs: Par le côté (avant/derrière-flanc),0
2019,08,14,Herenthout,Herenthout,Province d’Anvers,Région flamande,51.131316,4.763505,13012,Normales,Normaal,Sec,Droog,Jour,En agglomération,Route communale,Avec blessé(s) leger(s),Bicyclette,Voiture,Entre 2 conducteurs: Par le côté (avant/derrière-flanc),0
2019,08,18,Peer,Peer,Province de Limbourg,Région flamande,51.154532,5.502903,72030,Normales,Normaal,Sec,Droog,Jour,En agglomération,Route communale,Avec blessé(s) leger(s),Cyclomoteur,usager/obstacle,Usager contre obstacle situé hors chaussée,0
2019,08,15,Lommel,Lommel,Province de Limbourg,Région flamande,51.254388,5.312126,72020,Normales,Normaal,Propre,Proper,Jour,Hors agglomération,Route régionale,Avec blessé(s) leger(s),Voiture,Bicyclette,Entre 2 conducteurs: Par l'arrière,1
2019,08,14,Lommel,Lommel,Province de Limbourg,Région flamande,51.16386,5.269501,72020,Normales,Normaal,Sec,Droog,Jour,En agglomération,Route régionale,Avec blessé(s) grave(s),Autres,Bicyclette,Entre 2 conducteurs: Flanc contre flanc,0
2019,08,18,Lommel,Lommel,Province de Limbourg,Région flamande,51.224919,5.307847,72020,Normales,Normaal,Sec,Droog,Jour,Hors agglomération,Route communale,Avec blessé(s) leger(s),Voiture,Bicyclette,Entre 2 conducteurs: Par le côté (avant/derrière-flanc),1
2019,08,16,Lommel,Lommel,Province de Limbourg,Région flamande,51.234775,5.371498,72020,Normales,Normaal,Sec,Droog,Jour,En agglomération,Route communale,Avec blessé(s) leger(s),Cyclomoteur,Voiture,Entre 2 conducteurs: Par le côté (avant/derrière-flanc),0
2019,08,13,Lommel,Lommel,Province de Limbourg,Région flamande,51.23433,5.374759,72020,Normales,Normaal,"Humide, mouillé, flaques","Nat, plassen",Jour,En agglomération,Route régionale,Avec blessé(s) leger(s),Voiture,Bicyclette,Entre 2 conducteurs: Par le côté (avant/derrière-flanc),0