year,month,hour,municipality_fr,municipality_nl,province_fr,region_fr,latitude,longitude,nis_code,weather_fr,weather_nl,road_condition_fr,road_condition_nl,light_condition_fr,build_up_area_fr,road_type_fr,severity_fr,road_user1_fr,road_user2_fr,collision_type_fr,at_crossway
2019,08,11,Pelt,Pelt,Province de Limbourg,Région flamande,,,72043,Normales,Normaal,Sec,Droog,Jour,Hors agglomération,Route régionale,Avec blessé(s) leger(s),Bicyclette,Voiture,Entre 2 conducteurs: Par le côté (avant/derrière-flanc),1
2019,08,18,Pelt,Pelt,Province de Limbourg,Région flamande,51.223742,5.375219,72043,Normales,Normaal,Sec,Droog,Jour,Hors agglomération,Route communale,Avec blessé(s) leger(s),Voiture,Bicyclette,Entre 2 conducteurs: Par le côté (avant/derrière-flanc),1
2019,08,05,Hamont-Achel,Hamont-Achel,Province de Limbourg,Région flamande,51.272805,5.469411,72037,"Inconnues, indéterminées",Onbekend,Sec,Droog,"Aube, crépuscule",Hors agglomération,Route communale,Avec blessé(s) leger(s),Bicyclette,usager seul,"Un seul usager, pas d'obstacle (chute incl.)",0
2019,08,13,Pelt,Pelt,Province de Limbourg,Région flamande,51.214956,5.425468,72043,Normales,Normaal,Sec,Droog,Jour,En agglomération,Route régionale,Avec blessé(s) leger(s),Bicyclette,Voiture,Entre 2 conducteurs: Par le côté (avant/derrière-flanc),1
2019,08,10,Hamont-Achel,Hamont-Achel,Province de Limbourg,Région flamande,51.279602,5.477387,72037,Normales,Normaal,Sec,Droog,Jour,En agglomération,Route communale,Avec blessé(s) leger(s),Bicyclette,Voiture,Entre 2 conducteurs: Collision frontale,0
2019,08,11,Pelt,Pelt,Province de Limbourg,Région flamande,51.233892,5.386705,72043,Normales,Normaal,Sec,Droog,Jour,Hors agglomération,Route communale,Avec blessé(s) leger(s),Motocyclette,Camionnette,Entre 2 conducteurs: Flanc contre flanc,1
2019,08,13,Tessenderlo,Tessenderlo,Province de Limbourg,Région flamande,51.067366,5.039417,71057,Normales,Normaal,Sec,Droog,Jour,En agglomération,Route régionale,Avec blessé(s) leger(s),Voiture,Bicyclette,Entre 2 conducteurs: Par le côté (avant/derrière-flanc),1
2019,08,17,Beringen,Beringen,Province de Limbourg,Région flamande,51.066804,5.199308,71004,Normales,Normaal,Sec,Droog,Jour,Hors agglomération,Route communale,Avec blessé(s) leger(s),Bicyclette,Bicyclette,Entre 2 conducteurs: Par le côté (avant/derrière-flanc),1
2019,08,16,Heusden-Zolder,Heusden-Zolder,Province de Limbourg,Région flamande,51.028643,5.23438,71070,Normales,Normaal,Sec,Droog,Jour,En agglomération,Route communale,Avec blessé(s) leger(s),Bicyclette,Bicyclette,Entre 2 conducteurs: Collision frontale,1
2019,08,07,Heusden-Zolder,Heusden-Zolder,Province de Limbourg,Région flamande,,,71070,Normales,Normaal,Sec,Droog,Jour,En agglomération,Route régionale,Avec blessé(s) leger(s),Cyclomoteur,Voiture,Entre 2 conducteurs: Flanc contre flanc,1
2019,08,16,Heusden-Zolder,Heusden-Zolder,Province de Limbourg,Région flamande,,,71070,Normales,Normaal,Sec,Droog,Jour,En agglomération,Route régionale,Avec blessé(s) leger(s),Voiture,Bicyclette,Entre 2 conducteurs: Par le côté (avant/derrière-flanc),0
2019,08,14,Heusden-Zolder,Heusden-Zolder,Province de Limbourg,Région flamande,50.997069,5.24861,71070,Normales,Normaal,Sec,Droog,Jour,En agglomération,Route communale,Avec blessé(s) leger(s),Voiture,Bicyclette,Entre 2 conducteurs: Par le côté (avant/derrière-flanc),0
2019,08,14,Heusden-Zolder,Heusden-Zolder,Province de Limbourg,Région flamande,51.016455,5.335623,71070,Normales,Normaal,Sec,Droog,Jour,En agglomération,Route communale,Avec blessé(s) leger(s),Cyclomoteur,usager seul,"Un seul usager, pas d'obstacle (chute incl.)",0
2019,08,17,Gingelom,Gingelom,Province de Limbourg,Région flamande,50.721824,5.13023,71017,Normales,Normaal,Sec,Droog,Jour,En agglomération,Route communale,Avec blessé(s) leger(s),Cyclomoteur,usager seul,"Un seul usager, pas d'obstacle (chute incl.)",0
2019,08,14,Saint-Trond,Sint-Truiden,Province de Limbourg,Région flamande,50.814147,5.164654,71053,Normales,Normaal,Sec,Droog,Jour,En agglomération,Route régionale,Avec blessé(s) leger(s),Camionnette,Bicyclette,Entre 2 conducteurs: Par le côté (avant/derrière-flanc),0
2019,08,10,Saint-Trond,Sint-Truiden,Province de Limbourg,Région flamande,,,71053,Normales,Normaal,"Sale (sable, gravier, feuilles,...)","Vuil (zand, grint, bladeren,...)",Jour,Hors agglomération,Route communale,Avec blessé(s) leger(s),Motocyclette,usager/obstacle,Usager contre obstacle situé sur la chaussée,0
2019,08,23,Halen,Halen,Province de Limbourg,Région flamande,,,71020,"Inconnues, indéterminées",Onbekend,"Inconnu, indéterminé",Onbekend,"Inconnu, indéterminé",En agglomération,Route communale,Avec blessé(s) grave(s),Voiture,Bicyclette,Entre 2 conducteurs: Par le côté (avant/derrière-flanc),0
2019,08,12,Saint-Trond,Sint-Truiden,Province de Limbourg,Région flamande,50.814082,5.164037,71053,Normales,Normaal,Sec,Droog,Jour,En agglomération,Route régionale,Avec blessé(s) leger(s),Voiture,Cyclomoteur,Entre 2 conducteurs: Par le côté (avant/derrière-flanc),0
2019,08,17,Nieuwerkerken,Nieuwerkerken,Province de Limbourg,Région flamande,,,71045,Normales,Normaal,Sec,Droog,Jour,En agglomération,Route communale,Avec blessé(s) grave(s),Bicyclette,usager seul,"Un seul usager, pas d'obstacle (chute incl.)",0
2019,08,16,Saint-Trond,Sint-Truiden,Province de Limbourg,Région flamande,50.808837,5.194136,71053,Normales,Normaal,Sec,Droog,Jour,En agglomération,Route régionale,Avec blessé(s) leger(s),Voiture,Bicyclette,Entre 2 conducteurs: Par le côté (avant/derrière-flanc),0
2019,08,17,Nieuwerkerken,Nieuwerkerken,Province de Limbourg,Région flamande,50.886477,5.211043,71045,Normales,Normaal,Sec,Droog,Jour,En agglomération,Route communale,Avec blessé(s) leger(s),Voiture,Cyclomoteur,Entre 2 conducteurs: Collision frontale,1
2019,08,17,Bourg-Léopold,Leopoldsburg,Province de Limbourg,Région flamande,51.114569,5.24922,71034,Normales,Normaal,Sec,Droog,Jour,En agglomération,Route régionale,Avec blessé(s) leger(s),Voiture,Motocyclette,Entre 2 conducteurs: Par l'arrière,1
2019,08,06,Peer,Peer,Province de Limbourg,Région flamande,51.1811,5.476385,72030,Normales,Normaal,Sec,Droog,"Aube, crépuscule",Hors agglomération,Route régionale,Avec blessé(s) grave(s),Camion,Bicyclette,Entre 2 conducteurs: Par l'arrière,0
2019,08,15,Bourg-Léopold,Leopoldsburg,Province de Limbourg,Région flamande,51.111584,5.23713,71034,Normales,Normaal,Sec,Droog,Jour,Hors agglomération,Route régionale,Avec blessé(s) grave(s),Motocyclette,Camionnette,Entre 2 conducteurs: Par le côté (avant/derrière-flanc),0
2019,08,16,Peer,Peer,Province de Limbourg,Région flamande,51.135298,5.497062,72030,Normales,Normaal,Sec,Droog,Jour,Hors agglomération,Route régionale,Avec blessé(s) leger(s),Cyclomoteur,Voiture,Entre 2 conducteurs: Par le côté (avant/derrière-flanc),1
2019,08,21,Heers,Heers,Province de Limbourg,Région flamande,50.754612,5.302892,73022,Normales,Normaal,Propre,Proper,"Nuit, éclairage public présent et allumé",En agglomération,Route régionale,Avec blessé(s) grave(s),Motocyclette,usager/obstacle,Usager contre obstacle situé hors chaussée,0
2019,08,13,Kortessem,Kortessem,Province de Limbourg,Région flamande,,,73040,Normales,Normaal,"Sale (sable, gravier, feuilles,...)","Vuil (zand, grint, bladeren,...)",Jour,En agglomération,Route communale,Avec blessé(s) leger(s),Bicyclette,usager seul,"Un seul usager, pas d'obstacle (chute incl.)",0
2019,08,11,Alken,Alken,Province de Limbourg,Région flamande,50.874166,5.304098,73001,Normales,Normaal,Sec,Droog,Jour,En agglomération,Route communale,Avec blessé(s) leger(s),Cyclomoteur,usager/obstacle,Usager contre obstacle situé hors chaussée,0
2019,08,12,Looz,Borgloon,Province de Limbourg,Région flamande,50.798242,5.356135,73009,"Inconnues, indéterminées",Onbekend,"Inconnu, indéterminé",Onbekend,Jour,inconnu,Route régionale,Avec blessé(s) leger(s),Bicyclette,usager seul,"Un seul usager, pas d'obstacle (chute incl.)",1
2019,08,22,Alken,Alken,Province de Limbourg,Région flamande,50.865198,5.266779,73001,Normales,Normaal,Sec,Droog,"Nuit, éclairage public présent et allumé",Hors agglomération,Route communale,Avec blessé(s) leger(s),Voiture,Bicyclette,Entre 2 conducteurs: Collision frontale,0
2019,08,19,Tongres,Tongeren,Province de Limbourg,Région flamande,50.774687,5.469391,73083,Normales,Normaal,Sec,Droog,Jour,En agglomération,Route régionale,Avec blessé(s) leger(s),Camionnette,Cyclomoteur,Entre 2 conducteurs: Par le côté (avant/derrière-flanc),1
2019,08,18,Tongres,Tongeren,Province de Limbourg,Région flamande,50.783349,5.46572,73083,Normales,Normaal,Sec,Droog,Jour,En agglomération,Route régionale,Avec blessé(s) grave(s),Motocyclette,usager/obstacle,Usager contre obstacle situé hors chaussée,0
2019,08,14,Tongres,Tongeren,Province de Limbourg,Région flamande,50.768185,5.536423,73083,"Inconnues, indéterminées",Onbekend,"Inconnu, indéterminé",Onbekend,Jour,inconnu,Route communale,Avec blessé(s) grave(s),Bicyclette,Bicyclette,Entre 2 conducteurs: Par l'arrière,0
2019,08,16,Bilzen,Bilzen,Province de Limbourg,Région flamande,50.864915,5.506168,73006,Normales,Normaal,Sec,Droog,Jour,En agglomération,Route régionale,Avec blessé(s) leger(s),Voiture,Cyclomoteur,Entre 2 conducteurs: Par le côté (avant/derrière-flanc),0
2019,08,18,Bilzen,Bilzen,Province de Limbourg,Région flamande,50.8731,5.522116,73006,Normales,Normaal,Sec,Droog,Jour,En agglomération,Route régionale,Avec blessé(s) leger(s),Voiture,Cyclomoteur,Entre 2 conducteurs: Par le côté (avant/derrière-flanc),0
2019,08,09,Riemst,Riemst,Province de Limbourg,Région flamande,,,73066,Normales,Normaal,Sec,Droog,Jour,Hors agglomération,Route communale,Avec blessé(s) leger(s),Bicyclette,Bicyclette,Entre 2 conducteurs: Par l'arrière,0
2019,08,08,Bilzen,Bilzen,Province de Limbourg,Région flamande,50.868639,5.510423,73006,Normales,Normaal,Sec,Droog,Jour,En agglomération,Route régionale,Avec blessé(s) leger(s),Voiture,Bicyclette,Entre 2 conducteurs: Par le côté (avant/derrière-flanc),1
2019,08,15,Bilzen,Bilzen,Province de Limbourg,Région flamande,50.876832,5.575861,73006,Normales,Normaal,Sec,Droog,Jour,En agglomération,Route communale,Avec blessé(s) leger(s),Bicyclette,Voiture,Entre 2 conducteurs: Par le côté (avant/derrière-flanc),1
2019,08,13,Riemst,Riemst,Province de Limbourg,Région flamande,50.809534,5.599957,73066,Normales,Normaal,Sec,Droog,Jour,En agglomération,Route régionale,Avec blessé(s) leger(s),Cyclomoteur,Voiture,Entre 2 conducteurs: Par le côté (avant/derrière-flanc),1
2019,08,03,Bilzen,Bilzen,Province de Limbourg,Région flamande,50.885802,5.505933,73006,Normales,Normaal,Sec,Droog,"Nuit, éclairage public présent et allumé",Hors agglomération,Route communale,Avec blessé(s) leger(s),Cyclomoteur,usager/obstacle,Usager contre obstacle situé hors chaussée,1
2019,08,18,Fourons,Voeren,Province de Limbourg,Région flamande,,,73109,Normales,Normaal,Sec,Droog,Jour,Hors agglomération,Route communale,Avec blessé(s) grave(s),Bicyclette,Voiture,Entre 2 conducteurs: Flanc contre flanc,0
2019,08,08,Maaseik,Maaseik,Province de Limbourg,Région flamande,51.049567,5.664862,72021,Normales,Normaal,Sec,Droog,Jour,Hors agglomération,Route communale,Avec blessé(s) leger(s),Voiture,Bicyclette,Entre 2 conducteurs: Par le côté (avant/derrière-flanc),0
2019,08,12,Maaseik,Maaseik,Province de Limbourg,Région flamande,,,72021,Normales,Normaal,Sec,Droog,Jour,En agglomération,Route régionale,Avec blessé(s) leger(s),Voiture,Cyclomoteur,Entre 2 conducteurs: Par le côté (avant/derrière-flanc),0
2019,08,13,Maaseik,Maaseik,Province de Limbourg,Région flamande,51.087411,5.698573,72021,Normales,Normaal,Sec,Droog,Jour,En agglomération,Route communale,Avec blessé(s) leger(s),Motocyclette,Voiture,Entre 2 conducteurs: Par le côté (avant/derrière-flanc),0
2019,08,20,Bree,Bree,Province de Limbourg,Région flamande,51.141914,5.600822,72004,Normales,Normaal,Sec,Droog,"Aube, crépuscule",En agglomération,Route régionale,Avec blessé(s) grave(s),Bicyclette,usager seul,"Un seul usager, pas d'obstacle (chute incl.)",1
2019,08,12,Genk,Genk,Province de Limbourg,Région flamande,50.967105,5.505955,71016,Normales,Normaal,Sec,Droog,Jour,En agglomération,Route régionale,Avec blessé(s) leger(s),Bicyclette,Bicyclette,Entre 2 conducteurs: Flanc contre flanc,0
2019,08,11,Zutendaal,Zutendaal,Province de Limbourg,Région flamande,50.911918,5.537997,71067,Normales,Normaal,Sec,Droog,Jour,Hors agglomération,Route régionale,Avec blessé(s) leger(s),Voiture,Bicyclette,Entre 2 conducteurs: Par le côté (avant/derrière-flanc),0
2019,08,22,Genk,Genk,Province de Limbourg,Région flamande,50.982261,5.534152,71016,Normales,Normaal,Sec,Droog,"Nuit, éclairage public présent et allumé",Hors agglomération,Route régionale,Avec blessé(s) leger(s),Cyclomoteur,usager/obstacle,Usager contre obstacle situé hors chaussée,1
2019,08,19,Houthalen-Helchteren,Houthalen-Helchteren,Province de Limbourg,Région flamande,51.031225,5.376459,72039,Normales,Normaal,Sec,Droog,"Aube, crépuscule",En agglomération,Route régionale,Avec blessé(s) leger(s),Voiture,Motocyclette,Entre 2 conducteurs: Par le côté (avant/derrière-flanc),1
2019,08,14,Genk,Genk,Province de Limbourg,Région flamande,50.964263,5.487768,71016,Normales,Normaal,Sec,Droog,Jour,En agglomération,Route communale,Avec blessé(s) leger(s),Voiture,Cyclomoteur,Entre 2 conducteurs: Par le côté (avant/derrière-flanc),0
2019,08,19,Bree,Bree,Province de Limbourg,Région flamande,51.139241,5.607846,72004,Normales,Normaal,Sec,Droog,Jour,Hors agglomération,Route régionale,Avec blessé(s) leger(s),Bicyclette,Voiture,Entre 2 conducteurs: Par le côté (avant/derrière-flanc),1
2019,08,14,Zutendaal,Zutendaal,Province de Limbourg,Région flamande,50.93612,5.557231,71067,Normales,Normaal,Sec,Droog,Jour,Hors agglomération,Route régionale,Avec blessé(s) grave(s),Camionnette,Motocyclette,Entre 2 conducteurs: Par l'arrière,0
2019,08,09,Bree,Bree,Province de Limbourg,Région flamande,51.126748,5.656505,72004,Normales,Normaal,Sec,Droog,Jour,Hors agglomération,Route communale,Avec blessé(s) leger(s),Bicyclette,usager seul,"Un seul usager, pas d'obstacle (chute incl.)",0
2019,08,09,Bocholt,Bocholt,Province de Limbourg,Région flamande,51.173366,5.579638,72003,Normales,Normaal,Sec,Droog,Jour,En agglomération,Route régionale,Avec blessé(s) leger(s),Voiture,Bicyclette,Entre 2 conducteurs: Collision frontale,0
2019,08,16,Houthalen-Helchteren,Houthalen-Helchteren,Province de Limbourg,Région flamande,51.032073,5.380934,72039,"Inconnues, indéterminées",Onbekend,"Humide, mouillé, flaques","Nat, plassen",Jour,En agglomération,Route communale,Avec blessé(s) leger(s),Camionnette,Bicyclette,Entre 2 conducteurs: Par le côté (avant/derrière-flanc),1
2019,08,13,Genk,Genk,Province de Limbourg,Région flamande,50.963924,5.471477,71016,Normales,Normaal,Sec,Droog,Jour,Hors agglomération,Route régionale,Avec blessé(s) leger(s),Cyclomoteur,Bicyclette,Entre 2 conducteurs: Collision frontale,0
2019,08,14,Bocholt,Bocholt,Province de Limbourg,Région flamande,51.191129,5.510907,72003,Normales,Normaal,Sec,Droog,Jour,Hors agglomération,Route régionale,Avec blessé(s) leger(s),Camion,Bicyclette,Entre 2 conducteurs: Par l'arrière,1
2019,08,10,Houthalen-Helchteren,Houthalen-Helchteren,Province de Limbourg,Région flamande,51.024023,5.375139,72039,Normales,Normaal,Sec,Droog,Jour,Hors agglomération,Route communale,Avec blessé(s) leger(s),Bicyclette,Voiture,Entre 2 conducteurs: Par le côté (avant/derrière-flanc),1
2019,08,20,Genk,Genk,Province de Limbourg,Région flamande,50.972763,5.484119,71016,Normales,Normaal,Sec,Droog,"Aube, crépuscule",En agglomération,Route communale,Avec blessé(s) leger(s),Bicyclette,Voiture,Entre 2 conducteurs: Par le côté (avant/derrière-flanc),1
2019,08,14,Houthalen-Helchteren,Houthalen-Helchteren,Province de Limbourg,Région flamande,51.031246,5.376615,72039,Normales,Normaal,Sec,Droog,Jour,En agglomération,Route régionale,Avec blessé(s) leger(s),Cyclomoteur,Bicyclette,Entre 2 conducteurs: Par le côté (avant/derrière-flanc),1
2019,08,12,Bocholt,Bocholt,Province de Limbourg,Région flamande,,,72003,Normales,Normaal,Sec,Droog,Jour,Hors agglomération,Route régionale,Avec blessé(s) leger(s),Voiture,Motocyclette,Entre 2 conducteurs: Flanc contre flanc,0
2019,08,19,Genk,Genk,Province de Limbourg,Région flamande,50.992418,5.535153,71016,Normales,Normaal,Sec,Droog,Jour,Hors agglomération,Route régionale,Avec blessé(s) grave(s),Voiture,Motocyclette,Entre 2 conducteurs: Par le côté (avant/derrière-flanc),1
2019,08,22,Houthalen-Helchteren,Houthalen-Helchteren,Province de Limbourg,Région flamande,51.052793,5.382013,72039,Normales,Normaal,Sec,Droog,"Nuit, éclairage public présent et allumé",En agglomération,Route régionale,Avec blessé(s) grave(s),Voiture,Bicyclette,Entre 2 conducteurs: Par le côté (avant/derrière-flanc),1
2019,08,19,Kinrooi,Kinrooi,Province de Limbourg,Région flamande,,,72018,Normales,Normaal,Sec+Propre,Droog+Proper,Jour,Hors agglomération,Route communale,Avec blessé(s) grave(s),Motocyclette,usager/obstacle,Usager contre obstacle situé hors chaussée,0
2019,08,02,Oudsbergen,Oudsbergen,Province de Limbourg,Région flamande,51.05193,5.586181,72042,Normales,Normaal,Sec,Droog,"Nuit, éclairage public présent et allumé",Hors agglomération,Route communale,Avec tué(s),Voiture,Bicyclette,Entre 2 conducteurs: Par l'arrière,0
2019,08,13,Genk,Genk,Province de Limbourg,Région flamande,,,71016,Normales,Normaal,Sec,Droog,Jour,En agglomération,Route communale,Avec blessé(s) leger(s),Voiture,Cyclomoteur,Entre 2 conducteurs: Par le côté (avant/derrière-flanc),1
2019,08,23,Oudsbergen,Oudsbergen,Province de Limbourg,Région flamande,51.111146,5.501114,72042,Normales,Normaal,Sec,Droog,"Nuit, éclairage public présent et allumé",Hors agglomération,Route communale,Avec blessé(s) leger(s),Motocyclette,usager/obstacle,Usager contre obstacle situé hors chaussée,0
2019,08,20,Genk,Genk,Province de Limbourg,Région flamande,50.96144,5.505226,71016,Normales,Normaal,Sec,Droog,"Aube, crépuscule",En agglomération,Route communale,Avec blessé(s) leger(s),Bicyclette,Voiture,Entre 2 conducteurs: Par le côté (avant/derrière-flanc),1
2019,08,23,Bocholt,Bocholt,Province de Limbourg,Région flamande,51.188592,5.518264,72003,Normales,Normaal,Sec,Droog,"Nuit, éclairage public présent et allumé",En agglomération,Route communale,Avec blessé(s) leger(s),Cyclomoteur,usager seul,"Un seul usager, pas d'obstacle (chute incl.)",0
2019,08,22,Genk,Genk,Province de Limbourg,Région flamande,50.967135,5.451636,71016,Normales,Normaal,Sec,Droog,"Nuit, éclairage public présent et allumé",En agglomération,Route communale,Avec blessé(s) leger(s),Bicyclette,usager seul,"Un seul usager, pas d'obstacle (chute incl.)",0
2019,08,17,Louvain,Leuven,Province du Brabant flamand,Région flamande,50.874145,4.719902,24062,Normales,Normaal,Sec,Droog,Jour,En agglomération,Route régionale,Avec blessé(s) leger(s),Bicyclette,Bicyclette,Entre 2 conducteurs: Collision frontale,0
2019,08,15,Louvain,Leuven,Province du Brabant flamand,Région flamande,50.880865,4.715097,24062,Normales,Normaal,Sec,Droog,Jour,En agglomération,Route régionale,Avec blessé(s) leger(s),Bicyclette,Piéton,Avec un piéton,0
2019,08,15,Louvain,Leuven,Province du Brabant flamand,Région flamande,50.850069,4.722877,24062,Normales,Normaal,Sec,Droog,Jour,En agglomération,Route communale,Avec blessé(s) leger(s),Voiture,Cyclomoteur,Entre 2 conducteurs: Flanc contre flanc,0
2019,08,09,Louvain,Leuven,Province du Brabant flamand,Région flamande,50.867417,4.70936,24062,Normales,Normaal,Sec,Droog,Jour,En agglomération,Route communale,Avec blessé(s) leger(s),Bicyclette,Piéton,Avec un piéton,1
2019,08,14,Louvain,Leuven,Province du Brabant flamand,Région flamande,50.88701,4.707468,24062,Normales,Normaal,Sec,Droog,Jour,En agglomération,Route communale,Avec blessé(s) leger(s),Bicyclette,usager seul,"Un seul usager, pas d'obstacle (chute incl.)",0
2019,08,17,Louvain,Leuven,Province du Brabant flamand,Région flamande,50.879975,4.71567,24062,Normales,Normaal,Sec,Droog,Jour,En agglomération,Route communale,Avec blessé(s) grave(s),Bicyclette,Bicyclette,Entre 2 conducteurs: Collision frontale,0
2019,08,14,Louvain,Leuven,Province du Brabant flamand,Région flamande,50.873665,4.714448,24062,Normales,Normaal,Sec,Droog,Jour,En agglomération,Route régionale,Avec blessé(s) leger(s),Motocyclette,Voiture,Entre 2 conducteurs: Par l'arrière,1
2019,08,08,Louvain,Leuven,Province du Brabant flamand,Région flamande,50.867394,4.70054,24062,Normales,Normaal,Sec,Droog,Jour,En agglomération,Route communale,Avec blessé(s) leger(s),Voiture,Bicyclette,Entre 2 conducteurs: Par le côté (avant/derrière-flanc),0
2019,08,11,Louvain,Leuven,Province du Brabant flamand,Région flamande,50.861862,4.681111,24062,Normales,Normaal,Sec,Droog,Jour,En agglomération,Route communale,Avec blessé(s) leger(s),Piéton,Bicyclette,Avec un piéton,1
2019,08,17,Louvain,Leuven,Province du Brabant flamand,Région flamande,50.882249,4.717271,24062,Normales,Normaal,Sec,Droog,Jour,En agglomération,Route communale,Avec blessé(s) leger(s),Bicyclette,Bicyclette,Entre 2 conducteurs: Collision frontale,0
2019,08,18,Louvain,Leuven,Province du Brabant flamand,Région flamande,50.879965,4.707416,24062,Normales,Normaal,Sec,Droog,Jour,En agglomération,Route communale,Avec blessé(s) leger(s),Piéton,Bicyclette,Avec un piéton,0
2019,08,09,Louvain,Leuven,Province du Brabant flamand,Région flamande,50.871866,4.69206,24062,Normales,Normaal,Sec,Droog,Jour,En agglomération,Route régionale,Avec blessé(s) leger(s),Bicyclette,Piéton,Avec un piéton,0
2019,08,08,Louvain,Leuven,Province du Brabant flamand,Région flamande,50.887759,4.689098,24062,"Inconnues, indéterminées",Onbekend,Sec,Droog,Jour,Hors agglomération,Route régionale,Avec blessé(s) leger(s),Bicyclette,Bicyclette,Entre 2 conducteurs: Flanc contre flanc,0
2019,08,04,Louvain,Leuven,Province du Brabant flamand,Région flamande,50.879152,4.700744,24062,Normales,Normaal,Sec,Droog,"Nuit, éclairage public présent et allumé",En agglomération,Route communale,Avec blessé(s) leger(s),Bicyclette,usager/obstacle,Usager contre obstacle situé sur la chaussée,0
2019,08,17,Louvain,Leuven,Province du Brabant flamand,Région flamande,50.871975,4.716285,24062,Normales,Normaal,Sec,Droog,Jour,En agglomération,Route communale,Avec blessé(s) leger(s),Bicyclette,Piéton,Avec un piéton,1
2019,08,10,Louvain,Leuven,Province du Brabant flamand,Région flamande,50.871804,4.722487,24062,Normales,Normaal,Sec,Droog,Jour,En agglomération,Route régionale,Avec blessé(s) leger(s),Bicyclette,Voiture,Entre 2 conducteurs: Par le côté (avant/derrière-flanc),0
2019,08,18,Louvain,Leuven,Province du Brabant flamand,Région flamande,50.869056,4.707957,24062,Normales,Normaal,Sec,Droog,Jour,En agglomération,Route régionale,Avec blessé(s) leger(s),Camionnette,Cyclomoteur,Entre 2 conducteurs: Par le côté (avant/derrière-flanc),1
2019,08,17,Louvain,Leuven,Province du Brabant flamand,Région flamande,50.933781,4.706948,24062,Normales,Normaal,Propre,Proper,Jour,En agglomération,Route communale,Avec blessé(s) grave(s),Bicyclette,usager seul,"Un seul usager, pas d'obstacle (chute incl.)",0
2019,08,11,Louvain,Leuven,Province du Brabant flamand,Région flamande,50.861862,4.681111,24062,Normales,Normaal,Sec,Droog,Jour,En agglomération,Route communale,Avec blessé(s) leger(s),Bicyclette,usager seul,"Un seul usager, pas d'obstacle (chute incl.)",1
2019,08,08,Louvain,Leuven,Province du Brabant flamand,Région flamande,50.875691,4.708424,24062,Normales,Normaal,Sec,Droog,Jour,En agglomération,Route communale,Avec blessé(s) leger(s),Voiture,Bicyclette,Entre 2 conducteurs: Par le côté (avant/derrière-flanc),1
2019,08,10,Tielt-Winge,Tielt-Winge,Province du Brabant flamand,Région flamande,50.906652,4.903726,24135,Normales,Normaal,Sec,Droog,Jour,Hors agglomération,Route communale,Avec blessé(s) leger(s),Bicyclette,Bicyclette,Entre 2 conducteurs: Flanc contre flanc,1
2019,08,14,Bekkevoort,Bekkevoort,Province du Brabant flamand,Région flamande,,,24008,"Inconnues, indéterminées",Onbekend,"Inconnu, indéterminé",Onbekend,Jour,Hors agglomération,Route communale,Avec blessé(s) leger(s),Bicyclette,usager seul,"Un seul usager, pas d'obstacle (chute incl.)",0
2019,08,22,Tielt-Winge,Tielt-Winge,Province du Brabant flamand,Région flamande,50.942489,4.908929,24135,Normales,Normaal,Sec,Droog,"Nuit, éclairage public présent et allumé",En agglomération,Route communale,Avec blessé(s) grave(s),Bicyclette,usager/obstacle,Usager contre obstacle situé hors chaussée,1
2019,08,18,Glabbeek,Glabbeek,Province du Brabant flamand,Région flamande,50.869678,4.914542,24137,Normales,Normaal,Sec,Droog,Jour,Hors agglomération,Route communale,Avec blessé(s) leger(s),Voiture,Bicyclette,Entre 2 conducteurs: Par le côté (avant/derrière-flanc),1
2019,08,16,Bekkevoort,Bekkevoort,Province du Brabant flamand,Région flamande,50.943232,4.969353,24008,Normales,Normaal,Sec,Droog,Jour,En agglomération,Route régionale,Avec blessé(s) leger(s),Voiture,Cyclomoteur,Entre 2 conducteurs: Par le côté (avant/derrière-flanc),0
2019,08,18,Tielt-Winge,Tielt-Winge,Province du Brabant flamand,Région flamande,50.930662,4.85785,24135,Normales,Normaal,Propre,Proper,Jour,En agglomération,Route communale,Avec blessé(s) leger(s),Voiture,Cyclomoteur,Entre 2 conducteurs: Par le côté (avant/derrière-flanc),0
2019,08,11,Geetbets,Geetbets,Province du Brabant flamand,Région flamande,50.893089,5.111518,24028,Normales,Normaal,Sec,Droog,Jour,En agglomération,Route communale,Avec blessé(s) leger(s),Bicyclette,usager/obstacle,Usager contre obstacle situé hors chaussée,0
2019,08,17,Boutersem,Boutersem,Province du Brabant flamand,Région flamande,50.834294,4.854324,24016,Normales,Normaal,Sec,Droog,Jour,Hors agglomération,Route régionale,Avec blessé(s) leger(s),Bicyclette,Cyclomoteur,Entre 2 conducteurs: Par l'arrière,0
2019,08,16,Holsbeek,Holsbeek,Province du Brabant flamand,Région flamande,,,24043,"Inconnues, indéterminées",Onbekend,"Inconnu, indéterminé",Onbekend,Jour,Hors agglomération,Route communale,Avec blessé(s) leger(s),Bicyclette,usager/obstacle,Usager contre obstacle situé sur la chaussée,0
2019,08,15,Lubbeek,Lubbeek,Province du Brabant flamand,Région flamande,50.881148,4.81295,24066,Normales,Normaal,Sec,Droog,Jour,Hors agglomération,Route communale,Avec blessé(s) grave(s),Bicyclette,usager/obstacle,Usager contre obstacle situé sur la chaussée,0