year,month,hour,municipality_fr,municipality_nl,province_fr,region_fr,latitude,longitude,nis_code,weather_fr,weather_nl,road_condition_fr,road_condition_nl,light_condition_fr,build_up_area_fr,road_type_fr,severity_fr,road_user1_fr,road_user2_fr,collision_type_fr,at_crossway
2019,08,17,Lubbeek,Lubbeek,Province du Brabant flamand,Région flamande,50.899216,4.793936,24066,Normales,Normaal,Sec,Droog,Jour,Hors agglomération,Route communale,Avec blessé(s) leger(s),Camionnette,Bicyclette,Entre 2 conducteurs: Par le côté (avant/derrière-flanc),1
2019,08,17,Lubbeek,Lubbeek,Province du Brabant flamand,Région flamande,50.89959,4.837809,24066,"Inconnues, indéterminées",Onbekend,Sec,Droog,Jour,Hors agglomération,Route régionale,Avec blessé(s) leger(s),Voiture,Motocyclette,Entre 2 conducteurs: Par l'arrière,0
2019,08,16,Herent,Herent,Province du Brabant flamand,Région flamande,50.90424,4.68559,24038,Normales,Normaal,Sec,Droog,Jour,Hors agglomération,Route communale,Avec blessé(s) leger(s),Bicyclette,Bicyclette,Entre 2 conducteurs: Collision frontale,1
2019,08,19,Herent,Herent,Province du Brabant flamand,Région flamande,50.900996,4.621158,24038,Normales,Normaal,Sec,Droog,Jour,En agglomération,Route communale,Avec blessé(s) leger(s),Bicyclette,usager/obstacle,Usager contre obstacle situé sur la chaussée,0
2019,08,08,Kortenberg,Kortenberg,Province du Brabant flamand,Région flamande,50.8874,4.540543,24055,Normales,Normaal,Sec,Droog,Jour,En agglomération,Route régionale,Avec blessé(s) leger(s),Bicyclette,Voiture,Entre 2 conducteurs: Par le côté (avant/derrière-flanc),0
2019,08,17,Aarschot,Aarschot,Province du Brabant flamand,Région flamande,50.999416,4.83445,24001,Normales,Normaal,Sec,Droog,Jour,En agglomération,Route régionale,Avec tué(s),Motocyclette,Voiture,Entre 2 conducteurs: Par le côté (avant/derrière-flanc),0
2019,08,20,Aarschot,Aarschot,Province du Brabant flamand,Région flamande,50.975608,4.910907,24001,Normales,Normaal,Propre,Proper,"Nuit, éclairage public présent et allumé",Hors agglomération,Route régionale,Avec blessé(s) leger(s),Motocyclette,Camionnette,Entre 2 conducteurs: Par le côté (avant/derrière-flanc),0
2019,08,15,Aarschot,Aarschot,Province du Brabant flamand,Région flamande,50.994108,4.842827,24001,Normales,Normaal,Sec,Droog,Jour,Hors agglomération,Route régionale,Avec blessé(s) leger(s),Voiture,Bicyclette,Entre 2 conducteurs: Par le côté (avant/derrière-flanc),0
2019,08,23,Aarschot,Aarschot,Province du Brabant flamand,Région flamande,51.013172,4.871304,24001,Normales,Normaal,Sec,Droog,"Nuit, éclairage public présent et allumé",Hors agglomération,Route régionale,Avec blessé(s) grave(s),Motocyclette,usager/obstacle,Usager contre obstacle situé hors chaussée,0
2019,08,18,Keerbergen,Keerbergen,Province du Brabant flamand,Région flamande,51.003162,4.687529,24048,Normales,Normaal,Sec,Droog,Jour,Hors agglomération,Route communale,Avec blessé(s) leger(s),Bicyclette,usager seul,"Un seul usager, pas d'obstacle (chute incl.)",0
2019,08,08,Keerbergen,Keerbergen,Province du Brabant flamand,Région flamande,51.006475,4.62882,24048,Normales,Normaal,Sec,Droog,Jour,En agglomération,Route communale,Avec blessé(s) leger(s),Bicyclette,usager/obstacle,Usager contre obstacle situé hors chaussée,0
2019,08,08,Montaigu-Zichem,Scherpenheuvel-Zichem,Province du Brabant flamand,Région flamande,,,24134,Normales,Normaal,Sec,Droog,Jour,En agglomération,Route communale,Avec blessé(s) grave(s),Autres,Bicyclette,Entre 2 conducteurs: Par le côté (avant/derrière-flanc),0
2019,08,16,Diest,Diest,Province du Brabant flamand,Région flamande,,,24020,Normales,Normaal,Sec,Droog,Jour,En agglomération,Route régionale,Avec blessé(s) leger(s),Bicyclette,Voiture,Entre 2 conducteurs: Par le côté (avant/derrière-flanc),0
2019,08,09,Montaigu-Zichem,Scherpenheuvel-Zichem,Province du Brabant flamand,Région flamande,50.97869,4.947639,24134,Normales,Normaal,Sec,Droog,Jour,Hors agglomération,Route régionale,Avec blessé(s) grave(s),Voiture,Bicyclette,Entre 2 conducteurs: Par le côté (avant/derrière-flanc),0
2019,08,16,Diest,Diest,Province du Brabant flamand,Région flamande,50.989037,5.080278,24020,Normales,Normaal,Sec,Droog,Jour,Hors agglomération,Route communale,Avec blessé(s) leger(s),Camionnette,Bicyclette,Entre 2 conducteurs: Par le côté (avant/derrière-flanc),0
2019,08,08,Tremelo,Tremelo,Province du Brabant flamand,Région flamande,50.998604,4.721033,24109,Normales,Normaal,Sec+Propre,Droog+Proper,Jour,Hors agglomération,Route communale,Avec blessé(s) leger(s),Voiture,Bicyclette,Entre 2 conducteurs: Par le côté (avant/derrière-flanc),1
2019,08,08,Rotselaar,Rotselaar,Province du Brabant flamand,Région flamande,50.942497,4.738901,24094,Normales,Normaal,Sec+Propre,Droog+Proper,Jour,Hors agglomération,Route régionale,Avec blessé(s) leger(s),Voiture,Bicyclette,Entre 2 conducteurs: Par le côté (avant/derrière-flanc),0
2019,08,12,Tremelo,Tremelo,Province du Brabant flamand,Région flamande,50.988863,4.70895,24109,Normales,Normaal,Sec+Propre,Droog+Proper,Jour,En agglomération,Route communale,Avec blessé(s) leger(s),Autobus,Motocyclette,Entre 2 conducteurs: Par le côté (avant/derrière-flanc),1
2019,08,16,Tremelo,Tremelo,Province du Brabant flamand,Région flamande,51.00644,4.735083,24109,Normales,Normaal,Sec,Droog,Jour,Hors agglomération,Route communale,Avec blessé(s) leger(s),Voiture,Bicyclette,Entre 2 conducteurs: Par le côté (avant/derrière-flanc),1
2019,08,17,Rotselaar,Rotselaar,Province du Brabant flamand,Région flamande,50.946667,4.75017,24094,Normales,Normaal,Sec+Propre,Droog+Proper,Jour,En agglomération,Route régionale,Avec blessé(s) leger(s),Voiture,Bicyclette,Entre 2 conducteurs: Par le côté (avant/derrière-flanc),1
2019,08,14,Zaventem,Zaventem,Province du Brabant flamand,Région flamande,50.880459,4.482092,23094,Normales,Normaal,Sec,Droog,Jour,En agglomération,Route communale,Avec blessé(s) leger(s),Bicyclette,Voiture,Entre 2 conducteurs: Par le côté (avant/derrière-flanc),1
2019,08,22,Zaventem,Zaventem,Province du Brabant flamand,Région flamande,50.881147,4.466592,23094,Normales,Normaal,Sec,Droog,"Nuit, éclairage public présent et allumé",En agglomération,Route régionale,Mortellement blessé(s),Camionnette,Bicyclette,Entre 2 conducteurs: Par le côté (avant/derrière-flanc),1
2019,08,12,Wezembeek-Oppem,Wezembeek-Oppem,Province du Brabant flamand,Région flamande,50.848156,4.474812,23103,Normales,Normaal,"Humide, mouillé, flaques","Nat, plassen",Jour,Hors agglomération,Route communale,Avec blessé(s) leger(s),Cyclomoteur,Camionnette,Entre 2 conducteurs: Flanc contre flanc,0
2019,08,08,Kraainem,Kraainem,Province du Brabant flamand,Région flamande,50.848802,4.472873,23099,Normales,Normaal,Sec,Droog,Jour,En agglomération,Route régionale,Avec blessé(s) leger(s),Voiture,Motocyclette,Entre 2 conducteurs: Par le côté (avant/derrière-flanc),0
2019,08,21,Wezembeek-Oppem,Wezembeek-Oppem,Province du Brabant flamand,Région flamande,50.853512,4.483944,23103,Normales,Normaal,"Humide, mouillé, flaques","Nat, plassen","Aube, crépuscule",En agglomération,Route communale,Avec blessé(s) leger(s),Bicyclette,Voiture,Entre 2 conducteurs: Par le côté (avant/derrière-flanc),1
2019,08,19,Hoeilaart,Hoeilaart,Province du Brabant flamand,Région flamande,50.761022,4.455189,23033,Normales,Normaal,Sec,Droog,Jour,En agglomération,Route communale,Avec blessé(s) leger(s),Bicyclette,Voiture,Entre 2 conducteurs: Par le côté (avant/derrière-flanc),1
2019,08,14,Hoeilaart,Hoeilaart,Province du Brabant flamand,Région flamande,50.762154,4.500681,23033,Normales,Normaal,Sec,Droog,Jour,En agglomération,Route communale,Avec blessé(s) leger(s),Bicyclette,Voiture,Entre 2 conducteurs: Par le côté (avant/derrière-flanc),1
2019,08,21,Overijse,Overijse,Province du Brabant flamand,Région flamande,,,23062,Normales,Normaal,Sec,Droog,"Nuit, éclairage public présent et allumé",Hors agglomération,Route régionale,Avec blessé(s) leger(s),Bicyclette,Bicyclette,Entre 2 conducteurs: Collision frontale,0
2019,08,18,Overijse,Overijse,Province du Brabant flamand,Région flamande,,,23062,Normales,Normaal,Sec,Droog,Jour,En agglomération,Route régionale,Avec blessé(s) leger(s),Motocyclette,Voiture,Entre 2 conducteurs: Par l'arrière,0
2019,08,19,Drogenbos,Drogenbos,Province du Brabant flamand,Région flamande,50.805532,4.301724,23098,Normales,Normaal,Sec,Droog,Jour,Hors agglomération,Route régionale,Avec blessé(s) leger(s),Autobus,Bicyclette,Entre 2 conducteurs: Flanc contre flanc,0
2019,08,18,Lennik,Lennik,Province du Brabant flamand,Région flamande,,,23104,Normales,Normaal,Sec,Droog,Jour,En agglomération,Route communale,Avec blessé(s) leger(s),Bicyclette,usager/obstacle,Usager contre obstacle situé sur la chaussée,0
2019,08,10,Pepingen,Pepingen,Province du Brabant flamand,Région flamande,50.768746,4.136815,23064,Normales,Normaal,"Sale (sable, gravier, feuilles,...)","Vuil (zand, grint, bladeren,...)",Jour,Hors agglomération,Route régionale,Avec blessé(s) leger(s),Bicyclette,usager/obstacle,Usager contre obstacle situé sur la chaussée,1
2019,08,16,Lennik,Lennik,Province du Brabant flamand,Région flamande,,,23104,Normales,Normaal,Sec,Droog,Jour,Hors agglomération,Route communale,Avec blessé(s) leger(s),Bicyclette,Piéton,Avec un piéton,0
2019,08,09,Lennik,Lennik,Province du Brabant flamand,Région flamande,,,23104,Normales,Normaal,Sec,Droog,Jour,Hors agglomération,Route communale,Avec blessé(s) leger(s),Motocyclette,usager seul,"Un seul usager, pas d'obstacle (chute incl.)",1
2019,08,17,Liedekerke,Liedekerke,Province du Brabant flamand,Région flamande,,,23044,Normales,Normaal,Sec,Droog,Jour,En agglomération,Route régionale,Avec blessé(s) grave(s),Motocyclette,usager seul,"Un seul usager, pas d'obstacle (chute incl.)",0
2019,08,13,Vilvorde,Vilvoorde,Province du Brabant flamand,Région flamande,,,23088,"Inconnues, indéterminées",Onbekend,"Inconnu, indéterminé",Onbekend,Jour,inconnu,Route régionale,Avec blessé(s) leger(s),Bicyclette,usager/obstacle,Usager contre obstacle situé sur la chaussée,0
2019,08,18,Ternat,Ternat,Province du Brabant flamand,Région flamande,50.855392,4.154186,23086,Normales,Normaal,Sec,Droog,Jour,Hors agglomération,Route régionale,Avec blessé(s) leger(s),Voiture,Motocyclette,Entre 2 conducteurs: Par l'arrière,1
2019,08,17,Roosdaal,Roosdaal,Province du Brabant flamand,Région flamande,50.82555,4.074278,23097,Normales,Normaal,Sec,Droog,Jour,En agglomération,Route communale,Avec tué(s),Bicyclette,usager seul,"Un seul usager, pas d'obstacle (chute incl.)",0
2019,08,11,Liedekerke,Liedekerke,Province du Brabant flamand,Région flamande,50.870595,4.081473,23044,Normales,Normaal,Sec,Droog,Jour,En agglomération,Route communale,Avec blessé(s) leger(s),Bicyclette,Voiture,Entre 2 conducteurs: Par le côté (avant/derrière-flanc),1
2019,08,01,Affligem,Affligem,Province du Brabant flamand,Région flamande,50.892499,4.126269,23105,Normales,Normaal,"Humide, mouillé, flaques","Nat, plassen","Nuit, éclairage public présent et allumé",En agglomération,Route communale,Avec blessé(s) leger(s),Motocyclette,usager seul,"Un seul usager, pas d'obstacle (chute incl.)",0
2019,08,07,Merchtem,Merchtem,Province du Brabant flamand,Région flamande,50.918061,4.289427,23052,Normales,Normaal,Sec,Droog,Jour,Hors agglomération,Route communale,Avec blessé(s) grave(s),Camion,Motocyclette,Entre 2 conducteurs: Par le côté (avant/derrière-flanc),1
2019,08,15,Opwijk,Opwijk,Province du Brabant flamand,Région flamande,50.96316,4.215782,23060,Pluie,Regenval,"Humide, mouillé, flaques","Nat, plassen",Jour,En agglomération,Route régionale,Avec blessé(s) leger(s),Bicyclette,Bicyclette,Entre 2 conducteurs: Par le côté (avant/derrière-flanc),0
2019,08,12,Londerzeel,Londerzeel,Province du Brabant flamand,Région flamande,51.03255,4.292592,23045,Normales,Normaal,Sec,Droog,Jour,En agglomération,Route communale,Avec blessé(s) leger(s),Voiture,Bicyclette,Entre 2 conducteurs: Par le côté (avant/derrière-flanc),0
2019,08,11,Londerzeel,Londerzeel,Province du Brabant flamand,Région flamande,51.007072,4.323771,23045,Pluie,Regenval,"Humide, mouillé, flaques","Nat, plassen",Jour,En agglomération,Route communale,Avec blessé(s) leger(s),Motocyclette,usager seul,"Un seul usager, pas d'obstacle (chute incl.)",0
2019,08,17,Kapelle-op-den-Bos,Kapelle-op-den-Bos,Province du Brabant flamand,Région flamande,51.014376,4.35942,23039,Normales,Normaal,Sec,Droog,Jour,En agglomération,Route communale,Avec blessé(s) grave(s),Bicyclette,Voiture,Entre 2 conducteurs: Par l'arrière,0
2019,08,11,Kapelle-op-den-Bos,Kapelle-op-den-Bos,Province du Brabant flamand,Région flamande,50.980957,4.350128,23039,Normales,Normaal,Sec,Droog,Jour,En agglomération,Route communale,Avec blessé(s) leger(s),Piéton,Cyclomoteur,Avec un piéton,0
2019,08,15,Grimbergen,Grimbergen,Province du Brabant flamand,Région flamande,50.904948,4.337712,23025,Normales,Normaal,Sec,Droog,Jour,En agglomération,Route communale,Avec blessé(s) leger(s),Voiture,Bicyclette,Entre 2 conducteurs: Par le côté (avant/derrière-flanc),0
2019,08,08,Grimbergen,Grimbergen,Province du Brabant flamand,Région flamande,50.93216,4.370767,23025,Normales,Normaal,Sec,Droog,Jour,En agglomération,Route communale,Avec blessé(s) leger(s),Bicyclette,usager seul,"Un seul usager, pas d'obstacle (chute incl.)",0
2019,08,22,Grimbergen,Grimbergen,Province du Brabant flamand,Région flamande,50.929699,4.381861,23025,Pluie,Regenval,"Humide, mouillé, flaques","Nat, plassen","Nuit, éclairage public présent et allumé",En agglomération,Route régionale,Avec blessé(s) leger(s),Motocyclette,usager seul,"Un seul usager, pas d'obstacle (chute incl.)",0
2019,08,07,Machelen,Machelen,Province du Brabant flamand,Région flamande,50.919103,4.448971,23047,Normales,Normaal,Sec,Droog,Jour,En agglomération,Route régionale,Avec blessé(s) leger(s),Voiture,Bicyclette,Entre 2 conducteurs: Par le côté (avant/derrière-flanc),0
2019,08,21,Vilvorde,Vilvoorde,Province du Brabant flamand,Région flamande,50.912087,4.390477,23088,Normales,Normaal,Sec,Droog,"Aube, crépuscule",Hors agglomération,Route communale,Avec blessé(s) grave(s),Camionnette,Motocyclette,Entre 2 conducteurs: Par le côté (avant/derrière-flanc),1
2019,08,16,Zemst,Zemst,Province du Brabant flamand,Région flamande,50.984192,4.463274,23096,Normales,Normaal,Sec,Droog,Jour,En agglomération,Route régionale,Avec blessé(s) leger(s),Voiture,Bicyclette,Entre 2 conducteurs: Par le côté (avant/derrière-flanc),1
2019,08,10,Zemst,Zemst,Province du Brabant flamand,Région flamande,50.962546,4.455073,23096,Normales,Normaal,Sec,Droog,Jour,En agglomération,Route régionale,Avec blessé(s) leger(s),Voiture,Bicyclette,Entre 2 conducteurs: Par l'arrière,1
2019,08,15,Zemst,Zemst,Province du Brabant flamand,Région flamande,50.986925,4.47012,23096,Normales,Normaal,Sec,Droog,Jour,En agglomération,Route régionale,Avec blessé(s) leger(s),Voiture,Cyclomoteur,Entre 2 conducteurs: Par le côté (avant/derrière-flanc),0
2019,08,10,Gand,Gent,Province de Flandre orientale,Région flamande,51.022662,3.711602,44021,Normales,Normaal,Sec,Droog,Jour,En agglomération,Route communale,Avec blessé(s) leger(s),Motocyclette,Voiture,Entre 2 conducteurs: Collision frontale,1
2019,08,16,Gand,Gent,Province de Flandre orientale,Région flamande,51.078954,3.690292,44021,Normales,Normaal,Sec,Droog,Jour,En agglomération,Route communale,Avec blessé(s) leger(s),Voiture,Bicyclette,Entre 2 conducteurs: Par le côté (avant/derrière-flanc),1
2019,08,15,Gand,Gent,Province de Flandre orientale,Région flamande,51.030116,3.72256,44021,Normales,Normaal,Sec,Droog,Jour,En agglomération,Route communale,Avec blessé(s) leger(s),Voiture,Bicyclette,Entre 2 conducteurs: Par le côté (avant/derrière-flanc),1
2019,08,01,Gand,Gent,Province de Flandre orientale,Région flamande,51.033171,3.742271,44021,Normales,Normaal,Sec+Propre,Droog+Proper,"Nuit, éclairage public présent et allumé",En agglomération,Route régionale,Avec blessé(s) grave(s),Bicyclette,Voiture,Entre 2 conducteurs: Flanc contre flanc,0
2019,08,20,Gand,Gent,Province de Flandre orientale,Région flamande,51.034009,3.756326,44021,Normales,Normaal,Sec,Droog,"Aube, crépuscule",Hors agglomération,Route régionale,Avec blessé(s) leger(s),Motocyclette,Voiture,Entre 2 conducteurs: Flanc contre flanc,0
2019,08,08,Gand,Gent,Province de Flandre orientale,Région flamande,51.076736,3.797132,44021,Normales,Normaal,Sec,Droog,Jour,En agglomération,Route communale,Avec blessé(s) leger(s),Bicyclette,Bicyclette,Entre 2 conducteurs: Flanc contre flanc,1
2019,08,16,Gand,Gent,Province de Flandre orientale,Région flamande,51.07557,3.746039,44021,Normales,Normaal,Sec,Droog,Jour,Hors agglomération,Route communale,Avec blessé(s) leger(s),Bicyclette,Voiture,Entre 2 conducteurs: Par le côté (avant/derrière-flanc),1
2019,08,16,Gand,Gent,Province de Flandre orientale,Région flamande,,,44021,Normales,Normaal,Sec,Droog,Jour,En agglomération,Route régionale,Avec blessé(s) leger(s),Cyclomoteur,Voiture,Entre 2 conducteurs: Par le côté (avant/derrière-flanc),1
2019,08,10,Gand,Gent,Province de Flandre orientale,Région flamande,51.05522,3.726569,44021,Normales,Normaal,Sec,Droog,Jour,En agglomération,Route communale,Avec blessé(s) leger(s),Voiture,Bicyclette,Entre 2 conducteurs: Collision frontale,0
2019,08,13,Gand,Gent,Province de Flandre orientale,Région flamande,51.072446,3.709161,44021,Normales,Normaal,Sec,Droog,Jour,En agglomération,Route communale,Avec blessé(s) grave(s),Voiture,Bicyclette,Entre 2 conducteurs: Par le côté (avant/derrière-flanc),1
2019,08,12,Gand,Gent,Province de Flandre orientale,Région flamande,51.064586,3.718281,44021,Normales,Normaal,Sec,Droog,Jour,En agglomération,Route régionale,Avec blessé(s) leger(s),Bicyclette,Bicyclette,Entre 2 conducteurs: Par le côté (avant/derrière-flanc),1
2019,08,16,Gand,Gent,Province de Flandre orientale,Région flamande,51.078697,3.669948,44021,"Inconnues, indéterminées",Onbekend,Sec,Droog,Jour,En agglomération,Route communale,Avec blessé(s) leger(s),Bicyclette,usager/obstacle,Usager contre obstacle situé sur la chaussée,1
2019,08,17,Gand,Gent,Province de Flandre orientale,Région flamande,51.035026,3.738775,44021,Normales,Normaal,Propre,Proper,Jour,En agglomération,Route régionale,Avec blessé(s) leger(s),Voiture,Bicyclette,Entre 2 conducteurs: Par le côté (avant/derrière-flanc),1
2019,08,20,Gand,Gent,Province de Flandre orientale,Région flamande,51.072725,3.707953,44021,Normales,Normaal,Sec,Droog,Jour,En agglomération,Route communale,Avec blessé(s) leger(s),Bicyclette,Voiture,Entre 2 conducteurs: Par l'arrière,1
2019,08,13,Gand,Gent,Province de Flandre orientale,Région flamande,51.030549,3.76338,44021,Normales,Normaal,Sec,Droog,Jour,Hors agglomération,Route régionale,Avec blessé(s) leger(s),Voiture,Bicyclette,Entre 2 conducteurs: Par le côté (avant/derrière-flanc),0
2019,08,17,Gand,Gent,Province de Flandre orientale,Région flamande,51.036255,3.696946,44021,Normales,Normaal,Sec,Droog,Jour,En agglomération,Route communale,Avec blessé(s) leger(s),Bicyclette,Voiture,Entre 2 conducteurs: Par le côté (avant/derrière-flanc),0
2019,08,08,Gand,Gent,Province de Flandre orientale,Région flamande,51.044011,3.721799,44021,Normales,Normaal,"Humide, mouillé, flaques","Nat, plassen",Jour,En agglomération,Route communale,Avec blessé(s) leger(s),Bicyclette,usager/obstacle,Usager contre obstacle situé sur la chaussée,0
2019,08,22,Gand,Gent,Province de Flandre orientale,Région flamande,,,44021,Normales,Normaal,"Humide, mouillé, flaques","Nat, plassen","Nuit, éclairage public présent et allumé",En agglomération,Route communale,Avec blessé(s) leger(s),Voiture,Motocyclette,Entre 2 conducteurs: Par le côté (avant/derrière-flanc),0
2019,08,16,Gand,Gent,Province de Flandre orientale,Région flamande,51.036721,3.716166,44021,Normales,Normaal,Sec,Droog,Jour,En agglomération,Route régionale,Avec blessé(s) leger(s),Bicyclette,Voiture,Entre 2 conducteurs: Par le côté (avant/derrière-flanc),1
2019,08,12,Gand,Gent,Province de Flandre orientale,Région flamande,51.071658,3.709782,44021,Normales,Normaal,Sec,Droog,Jour,En agglomération,Route communale,Avec blessé(s) grave(s),Voiture,Cyclomoteur,Entre 2 conducteurs: Par l'arrière,0
2019,08,17,Gand,Gent,Province de Flandre orientale,Région flamande,51.054963,3.72619,44021,Normales,Normaal,Sec,Droog,Jour,En agglomération,Route communale,Avec blessé(s) leger(s),Voiture,Bicyclette,Entre 2 conducteurs: Par l'arrière,0
2019,08,17,Gand,Gent,Province de Flandre orientale,Région flamande,51.059088,3.704436,44021,Normales,Normaal,Sec,Droog,Jour,En agglomération,Route communale,Avec blessé(s) leger(s),Voiture,Bicyclette,Entre 2 conducteurs: Collision frontale,0
2019,08,17,Gand,Gent,Province de Flandre orientale,Région flamande,51.024574,3.709582,44021,Normales,Normaal,Sec,Droog,Jour,En agglomération,Route régionale,Avec blessé(s) leger(s),Bicyclette,Bicyclette,Entre 2 conducteurs: Collision frontale,1
2019,08,18,Gand,Gent,Province de Flandre orientale,Région flamande,51.068989,3.729605,44021,Normales,Normaal,Sec,Droog,Jour,En agglomération,Route communale,Avec blessé(s) leger(s),Bicyclette,Voiture,Entre 2 conducteurs: Par le côté (avant/derrière-flanc),1
2019,08,18,Gand,Gent,Province de Flandre orientale,Région flamande,51.055242,3.69605,44021,Normales,Normaal,Sec,Droog,Jour,En agglomération,Route régionale,Avec blessé(s) leger(s),Voiture,Bicyclette,Entre 2 conducteurs: Flanc contre flanc,0
2019,08,18,Gand,Gent,Province de Flandre orientale,Région flamande,51.067048,3.720428,44021,Normales,Normaal,Sec,Droog,Jour,En agglomération,Route régionale,Avec blessé(s) leger(s),Voiture,Cyclomoteur,Entre 2 conducteurs: Par le côté (avant/derrière-flanc),1
2019,08,12,Gand,Gent,Province de Flandre orientale,Région flamande,51.067523,3.73273,44021,Normales,Normaal,Sec,Droog,Jour,inconnu,Route communale,Avec blessé(s) leger(s),Cyclomoteur,usager/obstacle,Usager contre obstacle situé hors chaussée,0
2019,08,11,Gand,Gent,Province de Flandre orientale,Région flamande,51.054888,3.705496,44021,Normales,Normaal,Sec,Droog,Jour,En agglomération,Route régionale,Avec blessé(s) leger(s),Bicyclette,usager seul,"Un seul usager, pas d'obstacle (chute incl.)",0
2019,08,09,Gand,Gent,Province de Flandre orientale,Région flamande,51.042081,3.719213,44021,"Autre (fumée épaisse,...)","Andere (dikke rook,...)",Sec,Droog,Jour,En agglomération,Route régionale,Avec blessé(s) leger(s),Motocyclette,usager seul,"Un seul usager, pas d'obstacle (chute incl.)",1
2019,08,16,Gand,Gent,Province de Flandre orientale,Région flamande,51.065083,3.753006,44021,Normales,Normaal,Sec,Droog,Jour,En agglomération,Route régionale,Avec blessé(s) grave(s),Bicyclette,usager/obstacle,Usager contre obstacle situé hors chaussée,0
2019,08,18,Gand,Gent,Province de Flandre orientale,Région flamande,51.016754,3.710054,44021,Normales,Normaal,Sec,Droog,Jour,Hors agglomération,Autoroute,Avec blessé(s) leger(s),Bicyclette,Bicyclette,Entre 2 conducteurs: Flanc contre flanc,0
2019,08,05,Gand,Gent,Province de Flandre orientale,Région flamande,51.051999,3.754592,44021,Normales,Normaal,Sec,Droog,"Nuit, éclairage public présent et allumé",En agglomération,Route régionale,Avec blessé(s) grave(s),Autobus,Motocyclette,Entre 2 conducteurs: Collision frontale,1
2019,08,11,Gand,Gent,Province de Flandre orientale,Région flamande,51.061897,3.703272,44021,Normales,Normaal,Sec,Droog,Jour,En agglomération,Route communale,Avec blessé(s) leger(s),Bicyclette,Bicyclette,Entre 2 conducteurs: Par le côté (avant/derrière-flanc),0
2019,08,08,Gand,Gent,Province de Flandre orientale,Région flamande,51.074632,3.741765,44021,Normales,Normaal,Sec,Droog,Jour,En agglomération,Route régionale,Avec blessé(s) leger(s),Bicyclette,Voiture,Entre 2 conducteurs: Par le côté (avant/derrière-flanc),1
2019,08,16,Gand,Gent,Province de Flandre orientale,Région flamande,51.076581,3.712583,44021,Normales,Normaal,Sec,Droog,Jour,En agglomération,Route communale,Avec blessé(s) leger(s),Bicyclette,Voiture,Entre 2 conducteurs: Flanc contre flanc,1
2019,08,02,Gand,Gent,Province de Flandre orientale,Région flamande,51.058378,3.710093,44021,Normales,Normaal,Sec,Droog,"Nuit, éclairage public présent et allumé",En agglomération,Route régionale,Avec blessé(s) leger(s),Motocyclette,usager seul,"Un seul usager, pas d'obstacle (chute incl.)",0
2019,08,23,Gand,Gent,Province de Flandre orientale,Région flamande,51.040221,3.743868,44021,"Inconnues, indéterminées",Onbekend,"Inconnu, indéterminé",Onbekend,"Inconnu, indéterminé",En agglomération,Route régionale,Avec blessé(s) leger(s),Cyclomoteur,Bicyclette,Entre 2 conducteurs: Flanc contre flanc,0
2019,08,12,Gand,Gent,Province de Flandre orientale,Région flamande,51.04242,3.738672,44021,Normales,Normaal,Sec,Droog,Jour,En agglomération,Route communale,Avec blessé(s) leger(s),Bicyclette,Piéton,Avec un piéton,1
2019,08,07,Gand,Gent,Province de Flandre orientale,Région flamande,,,44021,"Inconnues, indéterminées",Onbekend,"Inconnu, indéterminé",Onbekend,"Aube, crépuscule",En agglomération,Route régionale,Avec blessé(s) leger(s),Bicyclette,Voiture,Entre 2 conducteurs: Par le côté (avant/derrière-flanc),1
2019,08,00,Gand,Gent,Province de Flandre orientale,Région flamande,,,44021,Normales,Normaal,Propre,Proper,"Nuit, éclairage public présent et allumé",En agglomération,Route communale,Avec blessé(s) leger(s),Voiture,Bicyclette,Entre 2 conducteurs: Par le côté (avant/derrière-flanc),1
2019,08,18,Gand,Gent,Province de Flandre orientale,Région flamande,51.052428,3.699695,44021,"Inconnues, indéterminées",Onbekend,"Inconnu, indéterminé",Onbekend,"Inconnu, indéterminé",En agglomération,Route régionale,Avec blessé(s) leger(s),Bicyclette,Voiture,Entre 2 conducteurs: Flanc contre flanc,1
2019,08,15,Gand,Gent,Province de Flandre orientale,Région flamande,51.006545,3.719663,44021,Normales,Normaal,Sec,Droog,Jour,En agglomération,Route communale,Avec blessé(s) leger(s),Bicyclette,usager seul,"Un seul usager, pas d'obstacle (chute incl.)",0
2019,08,14,Gand,Gent,Province de Flandre orientale,Région flamande,51.053189,3.700458,44021,Normales,Normaal,Sec,Droog,Jour,En agglomération,Route communale,Avec blessé(s) leger(s),Voiture,Cyclomoteur,Entre 2 conducteurs: Par le côté (avant/derrière-flanc),1