year,month,hour,municipality_fr,municipality_nl,province_fr,region_fr,latitude,longitude,nis_code,weather_fr,weather_nl,road_condition_fr,road_condition_nl,light_condition_fr,build_up_area_fr,road_type_fr,severity_fr,road_user1_fr,road_user2_fr,collision_type_fr,at_crossway
2019,08,15,Lochristi,Lochristi,Province de Flandre orientale,Région flamande,51.117196,3.890834,44034,Normales,Normaal,Sec,Droog,Jour,En agglomération,Route communale,Avec blessé(s) grave(s),Cyclomoteur,usager/obstacle,Usager contre obstacle situé hors chaussée,0
2019,08,16,Lochristi,Lochristi,Province de Flandre orientale,Région flamande,51.096254,3.833059,44034,"Inconnues, indéterminées",Onbekend,"Inconnu, indéterminé",Onbekend,"Inconnu, indéterminé",inconnu,Route régionale,Avec blessé(s) leger(s),Camionnette,Bicyclette,Entre 2 conducteurs: Flanc contre flanc,1
2019,08,12,Zelzate,Zelzate,Province de Flandre orientale,Région flamande,51.196517,3.826753,43018,Normales,Normaal,Sec,Droog,Jour,En agglomération,Route communale,Avec blessé(s) leger(s),Voiture,Bicyclette,Entre 2 conducteurs: Flanc contre flanc,0
2019,08,14,Wachtebeke,Wachtebeke,Province de Flandre orientale,Région flamande,51.173448,3.850133,44073,Normales,Normaal,Sec,Droog,Jour,En agglomération,Route régionale,Avec blessé(s) leger(s),Motocyclette,Voiture,Entre 2 conducteurs: Par le côté (avant/derrière-flanc),0
2019,08,16,Zelzate,Zelzate,Province de Flandre orientale,Région flamande,,,43018,"Inconnues, indéterminées",Onbekend,Sec,Droog,Jour,En agglomération,Route communale,Avec blessé(s) leger(s),Bicyclette,Cyclomoteur,Entre 2 conducteurs: Par le côté (avant/derrière-flanc),0
2019,08,19,Lochristi,Lochristi,Province de Flandre orientale,Région flamande,51.078635,3.88012,44034,Normales,Normaal,Sec,Droog,Jour,En agglomération,Route communale,Avec blessé(s) leger(s),Voiture,Motocyclette,Entre 2 conducteurs: Par le côté (avant/derrière-flanc),0
2019,08,17,Lokeren,Lokeren,Province de Flandre orientale,Région flamande,51.102691,3.96832,46014,Normales,Normaal,Sec,Droog,Jour,En agglomération,Route communale,Avec blessé(s) leger(s),Bicyclette,Bicyclette,Entre 2 conducteurs: Par le côté (avant/derrière-flanc),1
2019,08,15,Eeklo,Eeklo,Province de Flandre orientale,Région flamande,51.18177,3.576053,43005,Normales,Normaal,Sec,Droog,Jour,En agglomération,Route communale,Avec blessé(s) grave(s),Bicyclette,usager seul,"Un seul usager, pas d'obstacle (chute incl.)",0
2019,08,19,Kaprijke,Kaprijke,Province de Flandre orientale,Région flamande,51.185684,3.642717,43007,Normales,Normaal,Sec,Droog,Jour,Hors agglomération,Route régionale,Avec blessé(s) leger(s),Autres,Motocyclette,Entre 2 conducteurs: Par le côté (avant/derrière-flanc),1
2019,08,15,Eeklo,Eeklo,Province de Flandre orientale,Région flamande,51.18017,3.568836,43005,Normales,Normaal,Sec,Droog,Jour,En agglomération,Route communale,Avec blessé(s) leger(s),Bicyclette,Bicyclette,Entre 2 conducteurs: Par l'arrière,1
2019,08,00,Kaprijke,Kaprijke,Province de Flandre orientale,Région flamande,51.185118,3.611318,43007,"Inconnues, indéterminées",Onbekend,"Inconnu, indéterminé",Onbekend,"Inconnu, indéterminé",En agglomération,Route communale,Avec blessé(s) grave(s),Bicyclette,usager/obstacle,Usager contre obstacle situé hors chaussée,0
2019,08,19,Eeklo,Eeklo,Province de Flandre orientale,Région flamande,51.185355,3.566081,43005,Normales,Normaal,Sec,Droog,Jour,En agglomération,Route communale,Avec blessé(s) leger(s),Bicyclette,usager seul,"Un seul usager, pas d'obstacle (chute incl.)",0
2019,08,15,Kaprijke,Kaprijke,Province de Flandre orientale,Région flamande,51.237449,3.616684,43007,"Inconnues, indéterminées",Onbekend,"Inconnu, indéterminé",Onbekend,Jour,Hors agglomération,Route régionale,Avec blessé(s) leger(s),Bicyclette,usager/obstacle,Usager contre obstacle situé hors chaussée,0
2019,08,02,Eeklo,Eeklo,Province de Flandre orientale,Région flamande,51.204414,3.572292,43005,Normales,Normaal,Sec,Droog,"Nuit, éclairage public présent et allumé",Hors agglomération,Route régionale,Avec blessé(s) grave(s),Bicyclette,usager seul,"Un seul usager, pas d'obstacle (chute incl.)",0
2019,08,16,Eeklo,Eeklo,Province de Flandre orientale,Région flamande,51.19917,3.554074,43005,Normales,Normaal,Sec,Droog,Jour,En agglomération,Route régionale,Avec blessé(s) leger(s),Voiture,Bicyclette,Entre 2 conducteurs: Par le côté (avant/derrière-flanc),1
2019,08,18,Eeklo,Eeklo,Province de Flandre orientale,Région flamande,51.189418,3.529749,43005,"Inconnues, indéterminées",Onbekend,"Inconnu, indéterminé",Onbekend,"Inconnu, indéterminé",Hors agglomération,Route régionale,Avec blessé(s) leger(s),Voiture,Cyclomoteur,Entre 2 conducteurs: Par le côté (avant/derrière-flanc),1
2019,08,11,Eeklo,Eeklo,Province de Flandre orientale,Région flamande,51.187085,3.56081,43005,Normales,Normaal,Sec,Droog,Jour,En agglomération,Route régionale,Avec blessé(s) leger(s),Bicyclette,Cyclomoteur,Entre 2 conducteurs: Collision frontale,0
2019,08,15,Sint-Laureins,Sint-Laureins,Province de Flandre orientale,Région flamande,,,43014,Normales,Normaal,Sec,Droog,Jour,Hors agglomération,Route communale,Avec blessé(s) grave(s),Bicyclette,Bicyclette,Entre 2 conducteurs: Flanc contre flanc,0
2019,08,17,Kaprijke,Kaprijke,Province de Flandre orientale,Région flamande,51.186355,3.628557,43007,Normales,Normaal,Sec,Droog,Jour,En agglomération,Route communale,Avec blessé(s) leger(s),Voiture,Bicyclette,Entre 2 conducteurs: Par l'arrière,1
2019,08,17,Destelbergen,Destelbergen,Province de Flandre orientale,Région flamande,51.034106,3.810869,44013,Normales,Normaal,Sec,Droog,Jour,En agglomération,Route communale,Avec blessé(s) leger(s),Voiture,Bicyclette,Entre 2 conducteurs: Flanc contre flanc,0
2019,08,09,Brakel,Brakel,Province de Flandre orientale,Région flamande,,,45059,"Inconnues, indéterminées",Onbekend,"Inconnu, indéterminé",Onbekend,Jour,inconnu,Route communale,Avec blessé(s) leger(s),Bicyclette,Autres,Entre 2 conducteurs: Par le côté (avant/derrière-flanc),0
2019,08,18,Merelbeke,Merelbeke,Province de Flandre orientale,Région flamande,,,44043,Normales,Normaal,Sec,Droog,Jour,Hors agglomération,Autoroute,Avec blessé(s) leger(s),Bicyclette,Voiture,Entre 2 conducteurs: Par le côté (avant/derrière-flanc),0
2019,08,18,Merelbeke,Merelbeke,Province de Flandre orientale,Région flamande,51.002671,3.765229,44043,Normales,Normaal,Sec,Droog,Jour,En agglomération,Route communale,Avec blessé(s) leger(s),Voiture,Bicyclette,Entre 2 conducteurs: Par le côté (avant/derrière-flanc),1
2019,08,20,Merelbeke,Merelbeke,Province de Flandre orientale,Région flamande,50.963299,3.754953,44043,Normales,Normaal,Sec,Droog,"Nuit, éclairage public présent et allumé",En agglomération,Route communale,Avec blessé(s) leger(s),Camionnette,Motocyclette,Entre 2 conducteurs: Collision frontale,1
2019,08,17,Merelbeke,Merelbeke,Province de Flandre orientale,Région flamande,51.021609,3.752786,44043,Normales,Normaal,Sec,Droog,Jour,En agglomération,Route régionale,Avec blessé(s) leger(s),Voiture,Bicyclette,Entre 2 conducteurs: Flanc contre flanc,1
2019,08,15,Oosterzele,Oosterzele,Province de Flandre orientale,Région flamande,50.952212,3.814466,44052,Normales,Normaal,Sec,Droog,Jour,En agglomération,Route communale,Avec blessé(s) leger(s),Bicyclette,usager/obstacle,Usager contre obstacle situé sur la chaussée,0
2019,08,09,Merelbeke,Merelbeke,Province de Flandre orientale,Région flamande,,,44043,Normales,Normaal,Sec,Droog,Jour,Hors agglomération,Route communale,Avec blessé(s) leger(s),Bicyclette,Bicyclette,Entre 2 conducteurs: Flanc contre flanc,0
2019,08,08,Melle,Melle,Province de Flandre orientale,Région flamande,50.994454,3.801408,44040,Normales,Normaal,Sec,Droog,Jour,En agglomération,Route régionale,Avec blessé(s) leger(s),Voiture,Bicyclette,Entre 2 conducteurs: Par le côté (avant/derrière-flanc),0
2019,08,11,Destelbergen,Destelbergen,Province de Flandre orientale,Région flamande,51.054233,3.821327,44013,Normales,Normaal,Sec,Droog,Jour,En agglomération,Route communale,Avec blessé(s) grave(s),Bicyclette,Bicyclette,Entre 2 conducteurs: Par le côté (avant/derrière-flanc),0
2019,08,16,Destelbergen,Destelbergen,Province de Flandre orientale,Région flamande,51.028428,3.791039,44013,Normales,Normaal,Sec,Droog,Jour,En agglomération,Route régionale,Avec blessé(s) grave(s),Voiture,Bicyclette,Entre 2 conducteurs: Par le côté (avant/derrière-flanc),1
2019,08,03,Gavere,Gavere,Province de Flandre orientale,Région flamande,50.950577,3.685933,44020,Normales,Normaal,Sec,Droog,"Nuit, éclairage public présent et allumé",En agglomération,Route communale,Avec blessé(s) leger(s),Voiture,Bicyclette,Entre 2 conducteurs: Par le côté (avant/derrière-flanc),0
2019,08,18,Sint-Martens-Latem,Sint-Martens-Latem,Province de Flandre orientale,Région flamande,51.006599,3.627495,44064,Normales,Normaal,Sec,Droog,Jour,Hors agglomération,Route régionale,Avec blessé(s) leger(s),Bicyclette,usager seul,"Un seul usager, pas d'obstacle (chute incl.)",0
2019,08,08,Sint-Martens-Latem,Sint-Martens-Latem,Province de Flandre orientale,Région flamande,51.012354,3.641707,44064,Normales,Normaal,Sec+Propre,Droog+Proper,Jour,Hors agglomération,Route régionale,Avec blessé(s) leger(s),Voiture,Bicyclette,Entre 2 conducteurs: Par le côté (avant/derrière-flanc),0
2019,08,17,Gavere,Gavere,Province de Flandre orientale,Région flamande,50.933107,3.640385,44020,Normales,Normaal,Sec,Droog,Jour,En agglomération,Route communale,Avec blessé(s) leger(s),Bicyclette,usager seul,"Un seul usager, pas d'obstacle (chute incl.)",0
2019,08,19,Nazareth,Nazareth,Province de Flandre orientale,Région flamande,50.958042,3.55958,44048,Normales,Normaal,Sec,Droog,Jour,Hors agglomération,Route régionale,Avec blessé(s) leger(s),Bicyclette,usager seul,"Un seul usager, pas d'obstacle (chute incl.)",0
2019,08,16,Nazareth,Nazareth,Province de Flandre orientale,Région flamande,50.958596,3.59734,44048,"Autre (fumée épaisse,...)","Andere (dikke rook,...)",Sec,Droog,Jour,En agglomération,Route régionale,Avec blessé(s) leger(s),Bicyclette,usager/obstacle,Usager contre obstacle situé hors chaussée,0
2019,08,18,Sint-Martens-Latem,Sint-Martens-Latem,Province de Flandre orientale,Région flamande,51.002516,3.642267,44064,Normales,Normaal,Sec,Droog,Jour,En agglomération,Route communale,Avec blessé(s) leger(s),Bicyclette,usager seul,"Un seul usager, pas d'obstacle (chute incl.)",0
2019,08,11,Evergem,Evergem,Province de Flandre orientale,Région flamande,51.11262,3.705927,44019,Normales,Normaal,Sec,Droog,Jour,En agglomération,Route communale,Avec blessé(s) leger(s),Cyclomoteur,Voiture,Entre 2 conducteurs: Par le côté (avant/derrière-flanc),1
2019,08,21,Assenede,Assenede,Province de Flandre orientale,Région flamande,51.20512,3.766061,43002,Normales,Normaal,Sec,Droog,"Nuit, éclairage public présent et allumé",Hors agglomération,Route régionale,Avec blessé(s) leger(s),Cyclomoteur,Bicyclette,Entre 2 conducteurs: Par le côté (avant/derrière-flanc),0
2019,08,20,Evergem,Evergem,Province de Flandre orientale,Région flamande,,,44019,Normales,Normaal,Sec,Droog,"Nuit, éclairage public présent et allumé",Hors agglomération,Route régionale,Avec blessé(s) leger(s),Cyclomoteur,usager seul,"Un seul usager, pas d'obstacle (chute incl.)",0
2019,08,21,Assenede,Assenede,Province de Flandre orientale,Région flamande,51.227112,3.711724,43002,Normales,Normaal,Sec,Droog,"Nuit, éclairage public présent et allumé",Hors agglomération,Route régionale,Avec blessé(s) grave(s),Autres,Bicyclette,Entre 2 conducteurs: Flanc contre flanc,1
2019,08,17,Evergem,Evergem,Province de Flandre orientale,Région flamande,,,44019,Normales,Normaal,Sec,Droog,Jour,Hors agglomération,Route régionale,Avec blessé(s) leger(s),Bicyclette,Bicyclette,Entre 2 conducteurs: Par l'arrière,0
2019,08,18,Assenede,Assenede,Province de Flandre orientale,Région flamande,51.221999,3.75155,43002,Normales,Normaal,Sec,Droog,Jour,En agglomération,Route régionale,Avec blessé(s) leger(s),Voiture,Bicyclette,Entre 2 conducteurs: Par le côté (avant/derrière-flanc),1
2019,08,12,Evergem,Evergem,Province de Flandre orientale,Région flamande,51.139659,3.731946,44019,Pluie,Regenval,"Humide, mouillé, flaques","Nat, plassen",Jour,En agglomération,Route régionale,Avec blessé(s) leger(s),Voiture,Bicyclette,Entre 2 conducteurs: Par le côté (avant/derrière-flanc),0
2019,08,17,Evergem,Evergem,Province de Flandre orientale,Région flamande,51.135825,3.680003,44019,Normales,Normaal,Sec,Droog,Jour,En agglomération,Route régionale,Avec blessé(s) leger(s),Voiture,Bicyclette,Entre 2 conducteurs: Par le côté (avant/derrière-flanc),0
2019,08,17,Evergem,Evergem,Province de Flandre orientale,Région flamande,51.111476,3.702786,44019,Normales,Normaal,Sec,Droog,Jour,En agglomération,Route communale,Avec blessé(s) leger(s),Voiture,Cyclomoteur,Entre 2 conducteurs: Par le côté (avant/derrière-flanc),1
2019,08,14,Aalter,Aalter,Province de Flandre orientale,Région flamande,,,44084,Normales,Normaal,"Sale (sable, gravier, feuilles,...)","Vuil (zand, grint, bladeren,...)",Jour,Hors agglomération,Route communale,Avec blessé(s) leger(s),Bicyclette,usager seul,"Un seul usager, pas d'obstacle (chute incl.)",0
2019,08,09,Aalter,Aalter,Province de Flandre orientale,Région flamande,,,44084,Pluie,Regenval,"Humide, mouillé, flaques","Nat, plassen",Jour,Hors agglomération,Route communale,Avec blessé(s) grave(s),Voiture,Bicyclette,Entre 2 conducteurs: Par le côté (avant/derrière-flanc),1
2019,08,03,Maldegem,Maldegem,Province de Flandre orientale,Région flamande,51.208984,3.446425,43010,Normales,Normaal,Sec,Droog,"Nuit, éclairage public présent et allumé",En agglomération,Route régionale,Avec blessé(s) leger(s),Cyclomoteur,usager seul,"Un seul usager, pas d'obstacle (chute incl.)",0
2019,08,16,Gand,Gent,Province de Flandre orientale,Région flamande,51.039885,3.73523,44021,"Inconnues, indéterminées",Onbekend,"Inconnu, indéterminé",Onbekend,"Inconnu, indéterminé",En agglomération,Route régionale,Avec blessé(s) leger(s),Voiture,Bicyclette,Entre 2 conducteurs: Par le côté (avant/derrière-flanc),0
2019,08,13,Maldegem,Maldegem,Province de Flandre orientale,Région flamande,51.204206,3.453419,43010,Normales,Normaal,Sec,Droog,Jour,En agglomération,Route régionale,Avec blessé(s) leger(s),Voiture,Bicyclette,Entre 2 conducteurs: Flanc contre flanc,0
2019,08,13,Maldegem,Maldegem,Province de Flandre orientale,Région flamande,51.198218,3.385057,43010,Normales,Normaal,Sec,Droog,Jour,Hors agglomération,Route communale,Avec blessé(s) leger(s),Bicyclette,Voiture,Entre 2 conducteurs: Par le côté (avant/derrière-flanc),1
2019,08,13,Maldegem,Maldegem,Province de Flandre orientale,Région flamande,51.194459,3.48005,43010,Normales,Normaal,Sec,Droog,Jour,En agglomération,Route communale,Avec blessé(s) grave(s),Bicyclette,usager seul,"Un seul usager, pas d'obstacle (chute incl.)",1
2019,08,07,Maldegem,Maldegem,Province de Flandre orientale,Région flamande,51.209373,3.444296,43010,Normales,Normaal,Sec+Propre,Droog+Proper,Jour,En agglomération,Route régionale,Avec blessé(s) leger(s),Voiture,Bicyclette,Entre 2 conducteurs: Par le côté (avant/derrière-flanc),0
2019,08,12,Maldegem,Maldegem,Province de Flandre orientale,Région flamande,,,43010,Normales,Normaal,Sec+Propre,Droog+Proper,Jour,Hors agglomération,Route communale,Avec blessé(s) leger(s),Bicyclette,usager seul,"Un seul usager, pas d'obstacle (chute incl.)",0
2019,08,11,Mont-de-l’Enclus,Mont-de-l’Enclus,Province de Hainaut,Région wallonne,,,57095,Normales,Normaal,Sec,Droog,Jour,Hors agglomération,Route communale,Avec blessé(s) leger(s),Bicyclette,Bicyclette,Entre 2 conducteurs: Collision frontale,0
2019,08,15,Audenarde,Oudenaarde,Province de Flandre orientale,Région flamande,50.838222,3.657324,45035,Normales,Normaal,Sec,Droog,Jour,En agglomération,Route communale,Avec blessé(s) leger(s),Bicyclette,usager seul,"Un seul usager, pas d'obstacle (chute incl.)",0
2019,08,07,Audenarde,Oudenaarde,Province de Flandre orientale,Région flamande,50.862047,3.598229,45035,Normales,Normaal,Sec,Droog,Jour,Hors agglomération,Route régionale,Avec blessé(s) leger(s),Bicyclette,Camion,Entre 2 conducteurs: Par le côté (avant/derrière-flanc),0
2019,08,05,Kluisbergen,Kluisbergen,Province de Flandre orientale,Région flamande,50.776075,3.551692,45060,Normales,Normaal,Sec,Droog,"Nuit, pas d'éclairage public présent",Hors agglomération,Route communale,Avec blessé(s) grave(s),Bicyclette,usager seul,"Un seul usager, pas d'obstacle (chute incl.)",0
2019,08,11,Aalter,Aalter,Province de Flandre orientale,Région flamande,,,44084,"Inconnues, indéterminées",Onbekend,"Inconnu, indéterminé",Onbekend,Jour,Hors agglomération,inconnu,Avec blessé(s) leger(s),Voiture,Bicyclette,Entre 2 conducteurs: Par le côté (avant/derrière-flanc),0
2019,08,21,Audenarde,Oudenaarde,Province de Flandre orientale,Région flamande,,,45035,Normales,Normaal,Sec,Droog,"Nuit, éclairage public présent et allumé",Hors agglomération,Route régionale,Avec blessé(s) leger(s),Voiture,Cyclomoteur,Entre 2 conducteurs: Flanc contre flanc,0
2019,08,17,Audenarde,Oudenaarde,Province de Flandre orientale,Région flamande,50.841852,3.575764,45035,Normales,Normaal,Sec,Droog,Jour,Hors agglomération,Route communale,Avec blessé(s) leger(s),Voiture,Cyclomoteur,Entre 2 conducteurs: Par le côté (avant/derrière-flanc),0
2019,08,21,Audenarde,Oudenaarde,Province de Flandre orientale,Région flamande,50.82634,3.604163,45035,Normales,Normaal,Sec,Droog,"Nuit, éclairage public présent et allumé",Hors agglomération,Route régionale,Avec blessé(s) grave(s),Voiture,Motocyclette,Entre 2 conducteurs: Par le côté (avant/derrière-flanc),1
2019,08,17,Brakel,Brakel,Province de Flandre orientale,Région flamande,50.793983,3.748505,45059,Normales,Normaal,Sec,Droog,Jour,Hors agglomération,Route régionale,Avec blessé(s) grave(s),Voiture,Motocyclette,Entre 2 conducteurs: Par l'arrière,0
2019,08,11,Brakel,Brakel,Province de Flandre orientale,Région flamande,,,45059,Normales,Normaal,"Humide, mouillé, flaques","Nat, plassen",Jour,En agglomération,Route régionale,Avec blessé(s) leger(s),Voiture,Bicyclette,Entre 2 conducteurs: Flanc contre flanc,0
2019,08,17,Maarkedal,Maarkedal,Province de Flandre orientale,Région flamande,50.820941,3.651546,45064,Normales,Normaal,"Sale (sable, gravier, feuilles,...)","Vuil (zand, grint, bladeren,...)",Jour,Hors agglomération,Route communale,Avec blessé(s) leger(s),Cyclomoteur,usager/obstacle,Usager contre obstacle situé sur la chaussée,1
2019,08,10,Maarkedal,Maarkedal,Province de Flandre orientale,Région flamande,50.80402,3.698877,45064,Normales,Normaal,Sec,Droog,Jour,Hors agglomération,Route communale,Avec blessé(s) grave(s),Bicyclette,usager seul,"Un seul usager, pas d'obstacle (chute incl.)",0
2019,08,09,Renaix,Ronse,Province de Flandre orientale,Région flamande,50.749693,3.592576,45041,Pluie,Regenval,Propre,Proper,Jour,En agglomération,Route régionale,Avec blessé(s) leger(s),Bicyclette,Voiture,Entre 2 conducteurs: Par le côté (avant/derrière-flanc),0
2019,08,20,Renaix,Ronse,Province de Flandre orientale,Région flamande,50.749702,3.591801,45041,Normales,Normaal,Sec,Droog,"Aube, crépuscule",En agglomération,Route régionale,Avec blessé(s) leger(s),Bicyclette,Bicyclette,Entre 2 conducteurs: Par le côté (avant/derrière-flanc),0
2019,08,12,Grammont,Geraardsbergen,Province de Flandre orientale,Région flamande,50.772447,3.868832,41018,Normales,Normaal,Sec,Droog,Jour,En agglomération,Route régionale,Avec blessé(s) leger(s),Voiture,Motocyclette,Entre 2 conducteurs: Par l'arrière,1
2019,08,19,Brakel,Brakel,Province de Flandre orientale,Région flamande,,,45059,Normales,Normaal,Sec,Droog,Jour,En agglomération,Route communale,Avec blessé(s) leger(s),Bicyclette,Bicyclette,Entre 2 conducteurs: Collision frontale,0
2019,08,16,Grammont,Geraardsbergen,Province de Flandre orientale,Région flamande,50.778109,3.872554,41018,Normales,Normaal,Sec,Droog,Jour,En agglomération,Route régionale,Avec blessé(s) leger(s),Voiture,Bicyclette,Entre 2 conducteurs: Flanc contre flanc,0
2019,08,16,Zottegem,Zottegem,Province de Flandre orientale,Région flamande,,,41081,Normales,Normaal,Sec,Droog,Jour,En agglomération,Route communale,Avec blessé(s) leger(s),Bicyclette,usager seul,"Un seul usager, pas d'obstacle (chute incl.)",0
2019,08,10,Sint-Lievens-Houtem,Sint-Lievens-Houtem,Province de Flandre orientale,Région flamande,50.920238,3.857923,41063,Pluie,Regenval,"Humide, mouillé, flaques","Nat, plassen",Jour,En agglomération,Route régionale,Avec blessé(s) leger(s),Voiture,Bicyclette,Entre 2 conducteurs: Par le côté (avant/derrière-flanc),1
2019,08,10,Zottegem,Zottegem,Province de Flandre orientale,Région flamande,50.886897,3.841564,41081,Normales,Normaal,Sec,Droog,Jour,Hors agglomération,Route communale,Avec blessé(s) leger(s),Bicyclette,usager seul,"Un seul usager, pas d'obstacle (chute incl.)",0
2019,08,20,Zottegem,Zottegem,Province de Flandre orientale,Région flamande,50.871666,3.834071,41081,Normales,Normaal,Sec,Droog,Jour,En agglomération,Route communale,Avec blessé(s) leger(s),Voiture,Motocyclette,Entre 2 conducteurs: Par le côté (avant/derrière-flanc),0
2019,08,07,Herzele,Herzele,Province de Flandre orientale,Région flamande,50.905119,3.893951,41027,Normales,Normaal,Sec,Droog,Jour,En agglomération,Route régionale,Avec blessé(s) leger(s),Voiture,Bicyclette,Collision en chaîne (3 conducteurs ou plus),1
2019,08,18,Zottegem,Zottegem,Province de Flandre orientale,Région flamande,50.868108,3.790964,41081,Normales,Normaal,Sec,Droog,Jour,En agglomération,Route régionale,Avec blessé(s) leger(s),Bicyclette,Bicyclette,Entre 2 conducteurs: Par le côté (avant/derrière-flanc),0
2019,08,13,Zottegem,Zottegem,Province de Flandre orientale,Région flamande,50.86215,3.829292,41081,Normales,Normaal,Sec,Droog,Jour,En agglomération,Route communale,Avec blessé(s) leger(s),Bicyclette,Bicyclette,Entre 2 conducteurs: Par le côté (avant/derrière-flanc),1
2019,08,14,Herzele,Herzele,Province de Flandre orientale,Région flamande,50.884159,3.891669,41027,Normales,Normaal,Sec,Droog,Jour,En agglomération,Route régionale,Avec blessé(s) leger(s),Voiture,Bicyclette,Entre 2 conducteurs: Par le côté (avant/derrière-flanc),0
2019,08,11,Zottegem,Zottegem,Province de Flandre orientale,Région flamande,50.873485,3.834752,41081,Normales,Normaal,Sec,Droog,Jour,En agglomération,Route régionale,Avec blessé(s) leger(s),Cyclomoteur,Camionnette,Entre 2 conducteurs: Par le côté (avant/derrière-flanc),1
2019,08,14,Zottegem,Zottegem,Province de Flandre orientale,Région flamande,50.850694,3.778342,41081,Normales,Normaal,Sec,Droog,Jour,Hors agglomération,Route communale,Avec blessé(s) leger(s),Motocyclette,usager seul,"Un seul usager, pas d'obstacle (chute incl.)",1
2019,08,11,Zottegem,Zottegem,Province de Flandre orientale,Région flamande,50.874648,3.833249,41081,Normales,Normaal,Sec,Droog,Jour,Hors agglomération,Route régionale,Avec blessé(s) leger(s),Bicyclette,usager/obstacle,Usager contre obstacle situé hors chaussée,0
2019,08,19,Zottegem,Zottegem,Province de Flandre orientale,Région flamande,50.898551,3.829134,41081,Normales,Normaal,Sec,Droog,Jour,Hors agglomération,Route régionale,Avec blessé(s) leger(s),Bicyclette,Voiture,Entre 2 conducteurs: Par le côté (avant/derrière-flanc),1
2019,08,13,Zottegem,Zottegem,Province de Flandre orientale,Région flamande,50.869456,3.808638,41081,Normales,Normaal,Sec,Droog,Jour,En agglomération,Route communale,Avec blessé(s) leger(s),Voiture,Bicyclette,Entre 2 conducteurs: Flanc contre flanc,1
2019,08,23,Zottegem,Zottegem,Province de Flandre orientale,Région flamande,,,41081,Normales,Normaal,Sec,Droog,"Nuit, éclairage public présent, mais pas allumé",En agglomération,Route communale,Avec blessé(s) leger(s),Bicyclette,usager seul,"Un seul usager, pas d'obstacle (chute incl.)",0
2019,08,11,Herzele,Herzele,Province de Flandre orientale,Région flamande,50.884454,3.893125,41027,Normales,Normaal,Sec,Droog,Jour,En agglomération,Route régionale,Avec blessé(s) leger(s),Bicyclette,Voiture,Entre 2 conducteurs: Par le côté (avant/derrière-flanc),1
2019,08,02,Sint-Niklaas,Sint-Niklaas,Province de Flandre orientale,Région flamande,51.169824,4.139155,46021,Normales,Normaal,Sec,Droog,"Nuit, éclairage public présent et allumé",En agglomération,Route régionale,Avec blessé(s) leger(s),Motocyclette,usager/obstacle,Usager contre obstacle situé hors chaussée,1
2019,08,10,Sint-Niklaas,Sint-Niklaas,Province de Flandre orientale,Région flamande,51.177396,4.13219,46021,Normales,Normaal,Sec,Droog,Jour,En agglomération,Route communale,Avec blessé(s) leger(s),Bicyclette,Bicyclette,Entre 2 conducteurs: Flanc contre flanc,1
2019,08,13,Sint-Niklaas,Sint-Niklaas,Province de Flandre orientale,Région flamande,51.168478,4.131472,46021,"Inconnues, indéterminées",Onbekend,Sec,Droog,Jour,En agglomération,Route régionale,Avec blessé(s) grave(s),Voiture,Bicyclette,Entre 2 conducteurs: Flanc contre flanc,1
2019,08,14,Sint-Niklaas,Sint-Niklaas,Province de Flandre orientale,Région flamande,51.160031,4.148616,46021,Normales,Normaal,Sec,Droog,Jour,En agglomération,Route régionale,Avec blessé(s) grave(s),Camion,Bicyclette,Entre 2 conducteurs: Par le côté (avant/derrière-flanc),1
2019,08,10,Sint-Niklaas,Sint-Niklaas,Province de Flandre orientale,Région flamande,51.173935,4.151313,46021,Normales,Normaal,Sec,Droog,Jour,En agglomération,Route régionale,Avec blessé(s) leger(s),Bicyclette,Voiture,Entre 2 conducteurs: Par le côté (avant/derrière-flanc),1
2019,08,13,Sint-Niklaas,Sint-Niklaas,Province de Flandre orientale,Région flamande,51.180629,4.142521,46021,Normales,Normaal,Sec,Droog,Jour,En agglomération,Route communale,Avec blessé(s) leger(s),Voiture,Cyclomoteur,Entre 2 conducteurs: Par le côté (avant/derrière-flanc),0
2019,08,01,Sint-Niklaas,Sint-Niklaas,Province de Flandre orientale,Région flamande,51.193717,4.177502,46021,Normales,Normaal,Sec,Droog,"Nuit, éclairage public présent et allumé",En agglomération,Route communale,Avec blessé(s) leger(s),Cyclomoteur,usager seul,"Un seul usager, pas d'obstacle (chute incl.)",0