year,month,hour,municipality_fr,municipality_nl,province_fr,region_fr,latitude,longitude,nis_code,weather_fr,weather_nl,road_condition_fr,road_condition_nl,light_condition_fr,build_up_area_fr,road_type_fr,severity_fr,road_user1_fr,road_user2_fr,collision_type_fr,at_crossway
2019,08,08,Sint-Niklaas,Sint-Niklaas,Province de Flandre orientale,Région flamande,51.162071,4.136556,46021,"Inconnues, indéterminées",Onbekend,"Inconnu, indéterminé",Onbekend,"Inconnu, indéterminé",En agglomération,Route communale,Avec blessé(s) leger(s),Bicyclette,Autres,Entre 2 conducteurs: Flanc contre flanc,0
2019,08,16,Sint-Niklaas,Sint-Niklaas,Province de Flandre orientale,Région flamande,51.16352,4.133605,46021,Normales,Normaal,Sec,Droog,Jour,En agglomération,Route communale,Avec blessé(s) leger(s),Bicyclette,usager seul,"Un seul usager, pas d'obstacle (chute incl.)",0
2019,08,17,Sint-Niklaas,Sint-Niklaas,Province de Flandre orientale,Région flamande,51.162913,4.055741,46021,"Autre (fumée épaisse,...)","Andere (dikke rook,...)",Sec,Droog,Jour,En agglomération,Route communale,Avec blessé(s) grave(s),Bicyclette,usager/obstacle,Usager contre obstacle situé hors chaussée,0
2019,08,22,Sint-Niklaas,Sint-Niklaas,Province de Flandre orientale,Région flamande,51.150701,4.132818,46021,"Inconnues, indéterminées",Onbekend,Sec,Droog,"Nuit, éclairage public présent, mais pas allumé",Hors agglomération,Route régionale,Avec blessé(s) leger(s),Bicyclette,usager/obstacle,Usager contre obstacle situé hors chaussée,0
2019,08,20,Sint-Niklaas,Sint-Niklaas,Province de Flandre orientale,Région flamande,51.155875,4.136924,46021,Normales,Normaal,Sec,Droog,Jour,En agglomération,Route communale,Avec blessé(s) leger(s),Bicyclette,Voiture,Entre 2 conducteurs: Par le côté (avant/derrière-flanc),0
2019,08,14,Sint-Niklaas,Sint-Niklaas,Province de Flandre orientale,Région flamande,51.172502,4.140651,46021,Normales,Normaal,"Humide, mouillé, flaques","Nat, plassen",Jour,En agglomération,Route communale,Avec blessé(s) leger(s),Voiture,Bicyclette,Entre 2 conducteurs: Par le côté (avant/derrière-flanc),1
2019,08,12,Sint-Niklaas,Sint-Niklaas,Province de Flandre orientale,Région flamande,51.174724,4.112308,46021,Normales,Normaal,Sec,Droog,Jour,En agglomération,Route communale,Avec blessé(s) grave(s),Voiture,Bicyclette,Entre 2 conducteurs: Par le côté (avant/derrière-flanc),1
2019,08,17,Sint-Niklaas,Sint-Niklaas,Province de Flandre orientale,Région flamande,51.166736,4.174161,46021,Normales,Normaal,Sec,Droog,Jour,Hors agglomération,Route régionale,Avec blessé(s) leger(s),Voiture,Bicyclette,Entre 2 conducteurs: Par le côté (avant/derrière-flanc),1
2019,08,13,Sint-Niklaas,Sint-Niklaas,Province de Flandre orientale,Région flamande,,,46021,"Inconnues, indéterminées",Onbekend,"Inconnu, indéterminé",Onbekend,Jour,Hors agglomération,Route régionale,Avec blessé(s) leger(s),Bicyclette,Bicyclette,Entre 2 conducteurs: Collision frontale,0
2019,08,00,Sint-Niklaas,Sint-Niklaas,Province de Flandre orientale,Région flamande,51.17232,4.14056,46021,Normales,Normaal,Sec,Droog,"Nuit, éclairage public présent et allumé",En agglomération,Route communale,Avec blessé(s) leger(s),Bicyclette,usager seul,"Un seul usager, pas d'obstacle (chute incl.)",0
2019,08,16,Sint-Niklaas,Sint-Niklaas,Province de Flandre orientale,Région flamande,51.160481,4.16384,46021,Normales,Normaal,Sec,Droog,Jour,En agglomération,Route régionale,Avec blessé(s) leger(s),Voiture,Cyclomoteur,Entre 2 conducteurs: Par le côté (avant/derrière-flanc),0
2019,08,22,Tamise,Temse,Province de Flandre orientale,Région flamande,51.122635,4.221837,46025,Normales,Normaal,Sec,Droog,"Nuit, pas d'éclairage public présent",En agglomération,Route communale,Avec blessé(s) grave(s),Bicyclette,usager seul,"Un seul usager, pas d'obstacle (chute incl.)",0
2019,08,22,Tamise,Temse,Province de Flandre orientale,Région flamande,51.124872,4.276239,46025,Normales,Normaal,Sec,Droog,"Nuit, éclairage public présent et allumé",Hors agglomération,Route communale,Avec blessé(s) leger(s),Bicyclette,usager seul,"Un seul usager, pas d'obstacle (chute incl.)",0
2019,08,19,Tamise,Temse,Province de Flandre orientale,Région flamande,51.131557,4.193004,46025,Normales,Normaal,Sec,Droog,Jour,En agglomération,Route communale,Avec blessé(s) leger(s),Cyclomoteur,Voiture,Entre 2 conducteurs: Par le côté (avant/derrière-flanc),1
2019,08,07,Tamise,Temse,Province de Flandre orientale,Région flamande,51.110329,4.143944,46025,Pluie,Regenval,"Humide, mouillé, flaques","Nat, plassen","Aube, crépuscule",Hors agglomération,Route régionale,Avec blessé(s) leger(s),Cyclomoteur,Voiture,Entre 2 conducteurs: Par le côté (avant/derrière-flanc),0
2019,08,18,Tamise,Temse,Province de Flandre orientale,Région flamande,51.13508,4.186496,46025,Normales,Normaal,Sec,Droog,Jour,Hors agglomération,Route communale,Avec blessé(s) grave(s),Voiture,Motocyclette,Entre 2 conducteurs: Par le côté (avant/derrière-flanc),1
2019,08,09,Sint-Niklaas,Sint-Niklaas,Province de Flandre orientale,Région flamande,51.151413,4.190289,46021,"Inconnues, indéterminées",Onbekend,"Inconnu, indéterminé",Onbekend,Jour,Hors agglomération,Route communale,Avec blessé(s) leger(s),Bicyclette,Camion,Entre 2 conducteurs: Collision frontale,0
2019,08,16,Tamise,Temse,Province de Flandre orientale,Région flamande,51.13042,4.194228,46025,Normales,Normaal,Sec,Droog,Jour,En agglomération,Route communale,Avec blessé(s) leger(s),Bicyclette,Cyclomoteur,Entre 2 conducteurs: Collision frontale,0
2019,08,10,Kruibeke,Kruibeke,Province de Flandre orientale,Région flamande,51.173515,4.308288,46013,Normales,Normaal,Sec,Droog,Jour,En agglomération,Route communale,Avec blessé(s) leger(s),Bicyclette,Voiture,Entre 2 conducteurs: Flanc contre flanc,1
2019,08,18,Lokeren,Lokeren,Province de Flandre orientale,Région flamande,51.109717,3.972879,46014,Normales,Normaal,"Humide, mouillé, flaques","Nat, plassen",Jour,Hors agglomération,Route régionale,Avec blessé(s) leger(s),Voiture,Bicyclette,Entre 2 conducteurs: Par le côté (avant/derrière-flanc),0
2019,08,07,Lokeren,Lokeren,Province de Flandre orientale,Région flamande,,,46014,Normales,Normaal,Sec,Droog,Jour,Hors agglomération,Route régionale,Avec blessé(s) leger(s),Camion,Motocyclette,Entre 2 conducteurs: Flanc contre flanc,1
2019,08,13,Lokeren,Lokeren,Province de Flandre orientale,Région flamande,51.111629,3.984756,46014,Normales,Normaal,Sec,Droog,Jour,En agglomération,Route régionale,Avec blessé(s) leger(s),Cyclomoteur,Piéton,Avec un piéton,0
2019,08,15,Lokeren,Lokeren,Province de Flandre orientale,Région flamande,51.103513,3.987195,46014,Normales,Normaal,Sec,Droog,Jour,En agglomération,Route communale,Avec blessé(s) grave(s),Motocyclette,Voiture,Entre 2 conducteurs: Flanc contre flanc,0
2019,08,08,Lokeren,Lokeren,Province de Flandre orientale,Région flamande,51.111149,3.983251,46014,Normales,Normaal,Sec,Droog,Jour,En agglomération,Route régionale,Avec blessé(s) leger(s),Camion,Bicyclette,Entre 2 conducteurs: Par le côté (avant/derrière-flanc),1
2019,08,17,Lokeren,Lokeren,Province de Flandre orientale,Région flamande,51.102373,3.995294,46014,Normales,Normaal,Sec,Droog,Jour,En agglomération,Route régionale,Avec blessé(s) leger(s),Voiture,Bicyclette,Entre 2 conducteurs: Par le côté (avant/derrière-flanc),1
2019,08,21,Hamme,Hamme,Province de Flandre orientale,Région flamande,51.061331,4.151661,42008,"Inconnues, indéterminées",Onbekend,Sec,Droog,"Nuit, éclairage public présent et allumé",En agglomération,Route communale,Avec blessé(s) leger(s),Voiture,Bicyclette,Entre 2 conducteurs: Par le côté (avant/derrière-flanc),0
2019,08,15,Sint-Niklaas,Sint-Niklaas,Province de Flandre orientale,Région flamande,51.132649,4.077938,46021,Normales,Normaal,Sec,Droog,Jour,Hors agglomération,Route régionale,Avec blessé(s) leger(s),Bicyclette,Bicyclette,Entre 2 conducteurs: Par le côté (avant/derrière-flanc),0
2019,08,16,Waasmunster,Waasmunster,Province de Flandre orientale,Région flamande,51.123999,4.115598,42023,Normales,Normaal,Sec,Droog,Jour,En agglomération,Route communale,Avec blessé(s) leger(s),Bicyclette,Voiture,Entre 2 conducteurs: Flanc contre flanc,0
2019,08,05,Hamme,Hamme,Province de Flandre orientale,Région flamande,,,42008,"Inconnues, indéterminées",Onbekend,"Inconnu, indéterminé",Onbekend,"Inconnu, indéterminé",En agglomération,Route communale,Avec blessé(s) leger(s),Bicyclette,Camionnette,Entre 2 conducteurs: Flanc contre flanc,0
2019,08,14,Hamme,Hamme,Province de Flandre orientale,Région flamande,,,42008,Normales,Normaal,Sec,Droog,Jour,En agglomération,Route communale,Avec blessé(s) leger(s),Voiture,Cyclomoteur,Entre 2 conducteurs: Par le côté (avant/derrière-flanc),0
2019,08,12,Berlare,Berlare,Province de Flandre orientale,Région flamande,51.016976,4.005796,42003,Normales,Normaal,Sec,Droog,Jour,En agglomération,Route régionale,Avec blessé(s) grave(s),Voiture,Motocyclette,Entre 2 conducteurs: Par l'arrière,0
2019,08,10,Zele,Zele,Province de Flandre orientale,Région flamande,51.056799,4.014939,42028,Normales,Normaal,Sec,Droog,Jour,Hors agglomération,Route régionale,Avec blessé(s) leger(s),Voiture,Bicyclette,Entre 2 conducteurs: Collision frontale,1
2019,08,06,Zele,Zele,Province de Flandre orientale,Région flamande,51.074542,4.040457,42028,Normales,Normaal,Sec,Droog,Jour,En agglomération,Route communale,Avec blessé(s) leger(s),Voiture,Bicyclette,Entre 2 conducteurs: Par le côté (avant/derrière-flanc),0
2019,08,10,Zele,Zele,Province de Flandre orientale,Région flamande,51.054312,4.038936,42028,Normales,Normaal,Sec,Droog,Jour,En agglomération,Route communale,Avec blessé(s) leger(s),Voiture,Bicyclette,Entre 2 conducteurs: Par l'arrière,1
2019,08,12,Berlare,Berlare,Province de Flandre orientale,Région flamande,,,42003,Normales,Normaal,Sec,Droog,Jour,Hors agglomération,Route communale,Avec blessé(s) leger(s),Motocyclette,usager seul,"Un seul usager, pas d'obstacle (chute incl.)",0
2019,08,16,Hamme,Hamme,Province de Flandre orientale,Région flamande,51.099023,4.128057,42008,Normales,Normaal,Sec,Droog,Jour,En agglomération,Route communale,Avec blessé(s) leger(s),Bicyclette,Voiture,Entre 2 conducteurs: Par l'arrière,1
2019,08,19,Zele,Zele,Province de Flandre orientale,Région flamande,51.068284,4.044816,42028,Normales,Normaal,Sec,Droog,Jour,En agglomération,Route régionale,Avec blessé(s) leger(s),Camion,Bicyclette,Entre 2 conducteurs: Par le côté (avant/derrière-flanc),1
2019,08,12,Zele,Zele,Province de Flandre orientale,Région flamande,51.065651,4.037505,42028,Normales,Normaal,Sec,Droog,Jour,En agglomération,Route communale,Avec blessé(s) grave(s),Voiture,Bicyclette,Entre 2 conducteurs: Par le côté (avant/derrière-flanc),0
2019,08,09,Berlare,Berlare,Province de Flandre orientale,Région flamande,51.022791,3.965328,42003,Normales,Normaal,Sec,Droog,Jour,Hors agglomération,Route communale,Avec blessé(s) grave(s),Bicyclette,Bicyclette,Entre 2 conducteurs: Collision frontale,0
2019,08,12,Buggenhout,Buggenhout,Province de Flandre orientale,Région flamande,,,42004,"Inconnues, indéterminées",Onbekend,"Inconnu, indéterminé",Onbekend,Jour,En agglomération,Route communale,Avec blessé(s) grave(s),Piéton,Bicyclette,Avec un piéton,0
2019,08,08,Lebbeke,Lebbeke,Province de Flandre orientale,Région flamande,50.998805,4.125213,42011,Normales,Normaal,Sec,Droog,Jour,Hors agglomération,Route communale,Avec blessé(s) leger(s),Bicyclette,usager/obstacle,Usager contre obstacle situé hors chaussée,0
2019,08,19,Wetteren,Wetteren,Province de Flandre orientale,Région flamande,50.999121,3.903099,42025,Normales,Normaal,Sec,Droog,Jour,Hors agglomération,Route communale,Avec blessé(s) grave(s),Voiture,Cyclomoteur,Entre 2 conducteurs: Par le côté (avant/derrière-flanc),0
2019,08,16,Wetteren,Wetteren,Province de Flandre orientale,Région flamande,51.011138,3.909136,42025,Normales,Normaal,Sec,Droog,Jour,Hors agglomération,Route régionale,Avec blessé(s) leger(s),Voiture,Cyclomoteur,Entre 2 conducteurs: Flanc contre flanc,0
2019,08,14,Wetteren,Wetteren,Province de Flandre orientale,Région flamande,,,42025,"Inconnues, indéterminées",Onbekend,"Inconnu, indéterminé",Onbekend,Jour,inconnu,Route régionale,Avec blessé(s) leger(s),Bicyclette,usager seul,"Un seul usager, pas d'obstacle (chute incl.)",0
2019,08,09,Wetteren,Wetteren,Province de Flandre orientale,Région flamande,51.007559,3.888998,42025,"Inconnues, indéterminées",Onbekend,Sec,Droog,Jour,En agglomération,Route régionale,Avec blessé(s) leger(s),Bicyclette,Voiture,Entre 2 conducteurs: Flanc contre flanc,0
2019,08,10,Wetteren,Wetteren,Province de Flandre orientale,Région flamande,,,42025,"Inconnues, indéterminées",Onbekend,"Inconnu, indéterminé",Onbekend,Jour,inconnu,Route régionale,Avec blessé(s) leger(s),Voiture,Bicyclette,Entre 2 conducteurs: Par le côté (avant/derrière-flanc),0
2019,08,17,Laarne,Laarne,Province de Flandre orientale,Région flamande,51.027248,3.842974,42010,Normales,Normaal,Sec,Droog,Jour,En agglomération,Route communale,Avec blessé(s) leger(s),Voiture,Bicyclette,Entre 2 conducteurs: Par le côté (avant/derrière-flanc),0
2019,08,08,Wetteren,Wetteren,Province de Flandre orientale,Région flamande,51.001992,3.8834,42025,Normales,Normaal,Sec,Droog,Jour,En agglomération,Route communale,Avec blessé(s) leger(s),Bicyclette,usager seul,"Un seul usager, pas d'obstacle (chute incl.)",0
2019,08,14,Wetteren,Wetteren,Province de Flandre orientale,Région flamande,50.974646,3.832348,42025,Normales,Normaal,Sec,Droog,Jour,Hors agglomération,Route régionale,Avec blessé(s) leger(s),Motocyclette,usager seul,"Un seul usager, pas d'obstacle (chute incl.)",0
2019,08,17,Denderleeuw,Denderleeuw,Province de Flandre orientale,Région flamande,50.886812,4.078006,41011,Normales,Normaal,Sec,Droog,Jour,En agglomération,Route communale,Avec blessé(s) leger(s),Bicyclette,usager seul,"Un seul usager, pas d'obstacle (chute incl.)",1
2019,08,15,Haaltert,Haaltert,Province de Flandre orientale,Région flamande,50.909378,3.985242,41024,Normales,Normaal,Sec,Droog,Jour,En agglomération,Route communale,Avec blessé(s) grave(s),Bicyclette,usager/obstacle,Usager contre obstacle situé hors chaussée,0
2019,08,11,Denderleeuw,Denderleeuw,Province de Flandre orientale,Région flamande,50.876016,4.044522,41011,"Inconnues, indéterminées",Onbekend,Sec,Droog,Jour,En agglomération,Route communale,Avec blessé(s) leger(s),Bicyclette,usager seul,"Un seul usager, pas d'obstacle (chute incl.)",0
2019,08,16,Alost,Aalst,Province de Flandre orientale,Région flamande,,,41002,Normales,Normaal,Sec,Droog,Jour,En agglomération,Route communale,Avec blessé(s) leger(s),Voiture,Bicyclette,Entre 2 conducteurs: Par le côté (avant/derrière-flanc),1
2019,08,12,Alost,Aalst,Province de Flandre orientale,Région flamande,50.912931,4.077416,41002,Normales,Normaal,Sec,Droog,Jour,En agglomération,Route communale,Avec blessé(s) leger(s),Motocyclette,usager seul,"Un seul usager, pas d'obstacle (chute incl.)",0
2019,08,12,Alost,Aalst,Province de Flandre orientale,Région flamande,50.951722,4.134457,41002,Normales,Normaal,Sec,Droog,Jour,En agglomération,Route régionale,Avec blessé(s) leger(s),Bicyclette,usager seul,"Un seul usager, pas d'obstacle (chute incl.)",0
2019,08,07,Alost,Aalst,Province de Flandre orientale,Région flamande,50.935051,4.048924,41002,Normales,Normaal,Sec,Droog,Jour,En agglomération,Route communale,Avec blessé(s) leger(s),Camionnette,Motocyclette,Entre 2 conducteurs: Par l'arrière,0
2019,08,09,Alost,Aalst,Province de Flandre orientale,Région flamande,50.914004,4.035125,41002,Normales,Normaal,Sec,Droog,Jour,En agglomération,Route communale,Avec blessé(s) leger(s),Voiture,Bicyclette,Entre 2 conducteurs: Collision frontale,1
2019,08,05,Alost,Aalst,Province de Flandre orientale,Région flamande,50.945917,4.04,41002,Normales,Normaal,Sec,Droog,"Aube, crépuscule",En agglomération,Route communale,Avec blessé(s) leger(s),Voiture,Cyclomoteur,Entre 2 conducteurs: Par le côté (avant/derrière-flanc),1
2019,08,09,Alost,Aalst,Province de Flandre orientale,Région flamande,50.930435,4.101383,41002,Normales,Normaal,Sec,Droog,Jour,En agglomération,Route communale,Avec blessé(s) leger(s),Bicyclette,Voiture,Entre 2 conducteurs: Collision frontale,0
2019,08,19,Alost,Aalst,Province de Flandre orientale,Région flamande,50.920263,4.059537,41002,Normales,Normaal,Propre,Proper,Jour,En agglomération,Route communale,Avec blessé(s) leger(s),Bicyclette,Bicyclette,Entre 2 conducteurs: Collision frontale,0
2019,08,15,Alost,Aalst,Province de Flandre orientale,Région flamande,,,41002,Normales,Normaal,Sec,Droog,Jour,En agglomération,Route communale,Avec blessé(s) leger(s),Bicyclette,usager/obstacle,Usager contre obstacle situé sur la chaussée,0
2019,08,20,Alost,Aalst,Province de Flandre orientale,Région flamande,50.932878,4.03234,41002,Normales,Normaal,Sec,Droog,"Nuit, éclairage public présent et allumé",En agglomération,Route communale,Avec blessé(s) leger(s),Voiture,Cyclomoteur,Entre 2 conducteurs: Par le côté (avant/derrière-flanc),1
2019,08,18,Alost,Aalst,Province de Flandre orientale,Région flamande,50.942086,3.996564,41002,Normales,Normaal,Sec,Droog,Jour,En agglomération,Route régionale,Avec blessé(s) leger(s),Bicyclette,Voiture,Entre 2 conducteurs: Par le côté (avant/derrière-flanc),0
2019,08,20,Alost,Aalst,Province de Flandre orientale,Région flamande,50.944557,4.052086,41002,Normales,Normaal,Sec,Droog,Jour,En agglomération,Route régionale,Avec blessé(s) leger(s),Bicyclette,Voiture,Entre 2 conducteurs: Par le côté (avant/derrière-flanc),1
2019,08,16,Lede,Lede,Province de Flandre orientale,Région flamande,50.964501,3.977196,41034,Normales,Normaal,Sec,Droog,Jour,En agglomération,Route régionale,Avec blessé(s) grave(s),Voiture,Motocyclette,Entre 2 conducteurs: Par le côté (avant/derrière-flanc),0
2019,08,15,Erpe-Mere,Erpe-Mere,Province de Flandre orientale,Région flamande,50.919019,3.963467,41082,Normales,Normaal,Sec,Droog,Jour,En agglomération,Route communale,Avec blessé(s) leger(s),Bicyclette,Voiture,Entre 2 conducteurs: Par le côté (avant/derrière-flanc),0
2019,08,23,Ninove,Ninove,Province de Flandre orientale,Région flamande,50.854368,4.021564,41048,Normales,Normaal,Sec,Droog,"Nuit, éclairage public présent et allumé",Hors agglomération,Route communale,Avec tué(s),Motocyclette,usager/obstacle,Usager contre obstacle situé hors chaussée,0
2019,08,10,Ninove,Ninove,Province de Flandre orientale,Région flamande,,,41048,Normales,Normaal,Sec,Droog,Jour,Hors agglomération,Route communale,Avec blessé(s) leger(s),Bicyclette,Bicyclette,Entre 2 conducteurs: Collision frontale,0
2019,08,18,Termonde,Dendermonde,Province de Flandre orientale,Région flamande,51.04931,4.10142,42006,Normales,Normaal,Sec,Droog,Jour,En agglomération,Route communale,Avec blessé(s) grave(s),Bicyclette,Bicyclette,Entre 2 conducteurs: Par le côté (avant/derrière-flanc),0
2019,08,10,Termonde,Dendermonde,Province de Flandre orientale,Région flamande,51.002385,4.003602,42006,Normales,Normaal,Sec,Droog,Jour,En agglomération,Route régionale,Avec blessé(s) leger(s),Cyclomoteur,usager/obstacle,Usager contre obstacle situé hors chaussée,0
2019,08,10,Termonde,Dendermonde,Province de Flandre orientale,Région flamande,51.025636,4.102334,42006,Normales,Normaal,Sec,Droog,Jour,En agglomération,Route régionale,Avec blessé(s) leger(s),Camionnette,Bicyclette,Entre 2 conducteurs: Par le côté (avant/derrière-flanc),0
2019,08,17,Termonde,Dendermonde,Province de Flandre orientale,Région flamande,51.033445,4.172325,42006,Normales,Normaal,Sec,Droog,Jour,En agglomération,Route régionale,Avec blessé(s) leger(s),Voiture,Bicyclette,Entre 2 conducteurs: Par le côté (avant/derrière-flanc),1
2019,08,14,Termonde,Dendermonde,Province de Flandre orientale,Région flamande,51.018967,4.092691,42006,Normales,Normaal,Sec,Droog,Jour,En agglomération,Route communale,Avec blessé(s) leger(s),Bicyclette,Bicyclette,Entre 2 conducteurs: Par le côté (avant/derrière-flanc),0
2019,08,15,Termonde,Dendermonde,Province de Flandre orientale,Région flamande,51.019852,4.042676,42006,Normales,Normaal,Sec,Droog,Jour,En agglomération,Route régionale,Avec blessé(s) leger(s),Bicyclette,usager seul,"Un seul usager, pas d'obstacle (chute incl.)",0
2019,08,15,Bruges,Brugge,Province de Flandre occidentale,Région flamande,,,31005,Normales,Normaal,Sec,Droog,Jour,En agglomération,Route communale,Avec blessé(s) leger(s),Bicyclette,usager/obstacle,Usager contre obstacle situé sur la chaussée,0
2019,08,18,Bruges,Brugge,Province de Flandre occidentale,Région flamande,51.221069,3.217918,31005,Normales,Normaal,Sec,Droog,Jour,En agglomération,Route régionale,Avec blessé(s) leger(s),Cyclomoteur,Voiture,Entre 2 conducteurs: Flanc contre flanc,1
2019,08,08,Bruges,Brugge,Province de Flandre occidentale,Région flamande,,,31005,Normales,Normaal,Sec,Droog,Jour,Hors agglomération,Route communale,Avec blessé(s) leger(s),Voiture,Bicyclette,Entre 2 conducteurs: Collision frontale,0
2019,08,13,Bruges,Brugge,Province de Flandre occidentale,Région flamande,51.24024,3.248999,31005,Normales,Normaal,Sec,Droog,Jour,En agglomération,Route régionale,Avec blessé(s) leger(s),Bicyclette,usager seul,"Un seul usager, pas d'obstacle (chute incl.)",0
2019,08,08,Bruges,Brugge,Province de Flandre occidentale,Région flamande,51.210457,3.254081,31005,Normales,Normaal,Sec,Droog,Jour,En agglomération,Route communale,Avec blessé(s) leger(s),Voiture,Motocyclette,Entre 2 conducteurs: Par le côté (avant/derrière-flanc),1
2019,08,22,Bruges,Brugge,Province de Flandre occidentale,Région flamande,51.188566,3.204018,31005,Normales,Normaal,"Humide, mouillé, flaques","Nat, plassen","Nuit, éclairage public présent et allumé",En agglomération,Route communale,Avec blessé(s) leger(s),Voiture,Bicyclette,Entre 2 conducteurs: Par le côté (avant/derrière-flanc),0
2019,08,17,Bruges,Brugge,Province de Flandre occidentale,Région flamande,51.202139,3.193491,31005,Normales,Normaal,Sec,Droog,Jour,En agglomération,Route régionale,Avec blessé(s) leger(s),Voiture,Bicyclette,Entre 2 conducteurs: Par le côté (avant/derrière-flanc),1
2019,08,16,Bruges,Brugge,Province de Flandre occidentale,Région flamande,51.231141,3.203652,31005,Pluie,Regenval,"Humide, mouillé, flaques+Propre","Nat, plassen+Proper",Jour,En agglomération,Route communale,Avec blessé(s) leger(s),Bicyclette,Voiture,Entre 2 conducteurs: Collision frontale,0
2019,08,14,Bruges,Brugge,Province de Flandre occidentale,Région flamande,51.208613,3.224849,31005,Normales,Normaal,Sec,Droog,Jour,En agglomération,Route régionale,Avec blessé(s) leger(s),Cyclomoteur,Piéton,Avec un piéton,0
2019,08,13,Bruges,Brugge,Province de Flandre occidentale,Région flamande,,,31005,Normales,Normaal,Sec,Droog,Jour,Hors agglomération,Route communale,Avec blessé(s) leger(s),Bicyclette,Voiture,Entre 2 conducteurs: Par le côté (avant/derrière-flanc),0
2019,08,11,Bruges,Brugge,Province de Flandre occidentale,Région flamande,51.208038,3.247032,31005,Normales,Normaal,Sec,Droog,Jour,En agglomération,Route communale,Avec blessé(s) leger(s),Bicyclette,Voiture,Entre 2 conducteurs: Par le côté (avant/derrière-flanc),0
2019,08,08,Bruges,Brugge,Province de Flandre occidentale,Région flamande,51.294061,3.189085,31005,Normales,Normaal,Sec,Droog,Jour,En agglomération,Route communale,Avec blessé(s) leger(s),Cyclomoteur,Voiture,Entre 2 conducteurs: Par le côté (avant/derrière-flanc),0
2019,08,13,Bruges,Brugge,Province de Flandre occidentale,Région flamande,51.217425,3.23764,31005,Normales,Normaal,Sec,Droog,Jour,En agglomération,Route régionale,Avec blessé(s) grave(s),Bicyclette,usager seul,"Un seul usager, pas d'obstacle (chute incl.)",0
2019,08,17,Bruges,Brugge,Province de Flandre occidentale,Région flamande,,,31005,Normales,Normaal,Sec+Propre,Droog+Proper,Jour,Hors agglomération,Route communale,Avec blessé(s) grave(s),Bicyclette,Bicyclette,Entre 2 conducteurs: Par l'arrière,0
2019,08,11,Bruges,Brugge,Province de Flandre occidentale,Région flamande,,,31005,Normales,Normaal,Sec,Droog,Jour,En agglomération,Route communale,Avec blessé(s) leger(s),Bicyclette,Voiture,Entre 2 conducteurs: Par le côté (avant/derrière-flanc),0
2019,08,10,Bruges,Brugge,Province de Flandre occidentale,Région flamande,51.199219,3.21938,31005,Normales,Normaal,Sec,Droog,Jour,En agglomération,Route régionale,Avec blessé(s) leger(s),Motocyclette,Bicyclette,Entre 2 conducteurs: Par le côté (avant/derrière-flanc),1
2019,08,16,Bruges,Brugge,Province de Flandre occidentale,Région flamande,51.329266,3.203082,31005,Normales,Normaal,Sec,Droog,Jour,En agglomération,Route régionale,Avec blessé(s) leger(s),Bicyclette,Voiture,Entre 2 conducteurs: Par le côté (avant/derrière-flanc),1
2019,08,12,Bruges,Brugge,Province de Flandre occidentale,Région flamande,51.213488,3.247058,31005,Normales,Normaal,Sec,Droog,Jour,En agglomération,Route communale,Avec blessé(s) leger(s),Voiture,Bicyclette,Entre 2 conducteurs: Par le côté (avant/derrière-flanc),0
2019,08,18,Bruges,Brugge,Province de Flandre occidentale,Région flamande,51.188092,3.192796,31005,Normales,Normaal,Propre,Proper,Jour,En agglomération,Route régionale,Avec blessé(s) leger(s),Camion,Cyclomoteur,Entre 2 conducteurs: Flanc contre flanc,1
2019,08,20,Bruges,Brugge,Province de Flandre occidentale,Région flamande,51.189273,3.282615,31005,Normales,Normaal,Sec,Droog,Jour,En agglomération,Route régionale,Avec tué(s),Motocyclette,usager/obstacle,Usager contre obstacle situé hors chaussée,1
2019,08,14,Bruges,Brugge,Province de Flandre occidentale,Région flamande,51.206051,3.221215,31005,Normales,Normaal,Sec,Droog,Jour,En agglomération,Route régionale,Avec blessé(s) leger(s),Piéton,Bicyclette,Avec un piéton,0
2019,08,16,Bruges,Brugge,Province de Flandre occidentale,Région flamande,51.199985,3.207547,31005,Normales,Normaal,Sec,Droog,Jour,En agglomération,Route communale,Avec blessé(s) leger(s),Piéton,Bicyclette,Avec un piéton,0
2019,08,17,Knokke-Heist,Knokke-Heist,Province de Flandre occidentale,Région flamande,51.3491,3.288738,31043,Normales,Normaal,Sec,Droog,Jour,En agglomération,Route communale,Avec blessé(s) leger(s),Bicyclette,Voiture,Entre 2 conducteurs: Par l'arrière,0
2019,08,14,Blankenberge,Blankenberge,Province de Flandre occidentale,Région flamande,51.308734,3.128383,31004,"Vent violent, rafales","Sterke wind, rukwind",Sec,Droog,Jour,En agglomération,Route régionale,Avec blessé(s) leger(s),Bicyclette,Voiture,Entre 2 conducteurs: Par le côté (avant/derrière-flanc),0