year,month,hour,municipality_fr,municipality_nl,province_fr,region_fr,latitude,longitude,nis_code,weather_fr,weather_nl,road_condition_fr,road_condition_nl,light_condition_fr,build_up_area_fr,road_type_fr,severity_fr,road_user1_fr,road_user2_fr,collision_type_fr,at_crossway
2019,08,15,Knokke-Heist,Knokke-Heist,Province de Flandre occidentale,Région flamande,51.345726,3.261963,31043,Normales,Normaal,Sec,Droog,Jour,En agglomération,Route communale,Avec blessé(s) leger(s),Bicyclette,Bicyclette,Entre 2 conducteurs: Par l'arrière,1
2019,08,15,Knokke-Heist,Knokke-Heist,Province de Flandre occidentale,Région flamande,51.349356,3.279216,31043,Normales,Normaal,Sec,Droog,Jour,En agglomération,Route communale,Avec blessé(s) leger(s),Piéton,Bicyclette,Avec un piéton,0
2019,08,22,Knokke-Heist,Knokke-Heist,Province de Flandre occidentale,Région flamande,51.344557,3.268394,31043,Normales,Normaal,Sec,Droog,"Nuit, éclairage public présent et allumé",En agglomération,Route régionale,Avec blessé(s) leger(s),Voiture,Cyclomoteur,Entre 2 conducteurs: Par le côté (avant/derrière-flanc),1
2019,08,13,Knokke-Heist,Knokke-Heist,Province de Flandre occidentale,Région flamande,,,31043,Normales,Normaal,Sec,Droog,Jour,Hors agglomération,Route communale,Avec blessé(s) leger(s),Bicyclette,Voiture,Entre 2 conducteurs: Flanc contre flanc,0
2019,08,10,Knokke-Heist,Knokke-Heist,Province de Flandre occidentale,Région flamande,51.356312,3.30747,31043,Normales,Normaal,Sec,Droog,Jour,En agglomération,Route communale,Avec blessé(s) leger(s),Voiture,Bicyclette,Entre 2 conducteurs: Flanc contre flanc,0
2019,08,10,Knokke-Heist,Knokke-Heist,Province de Flandre occidentale,Région flamande,,,31043,Normales,Normaal,Sec,Droog,Jour,inconnu,Route communale,Avec blessé(s) leger(s),Bicyclette,Voiture,Entre 2 conducteurs: Par le côté (avant/derrière-flanc),0
2019,08,09,Knokke-Heist,Knokke-Heist,Province de Flandre occidentale,Région flamande,51.354028,3.311841,31043,Normales,Normaal,Sec,Droog,Jour,En agglomération,Route communale,Avec blessé(s) leger(s),Bicyclette,usager/obstacle,Usager contre obstacle situé sur la chaussée,1
2019,08,15,Knokke-Heist,Knokke-Heist,Province de Flandre occidentale,Région flamande,,,31043,Normales,Normaal,Sec,Droog,Jour,En agglomération,Route communale,Avec blessé(s) leger(s),Bicyclette,Bicyclette,Entre 2 conducteurs: Par l'arrière,0
2019,08,00,Knokke-Heist,Knokke-Heist,Province de Flandre occidentale,Région flamande,51.343542,3.255378,31043,"Inconnues, indéterminées",Onbekend,Sec,Droog,"Nuit, pas d'éclairage public présent",En agglomération,Route communale,Avec blessé(s) leger(s),Bicyclette,usager seul,"Un seul usager, pas d'obstacle (chute incl.)",0
2019,08,19,Knokke-Heist,Knokke-Heist,Province de Flandre occidentale,Région flamande,51.343775,3.287962,31043,Normales,Normaal,Sec,Droog,Jour,En agglomération,Route communale,Avec blessé(s) leger(s),Voiture,Bicyclette,Entre 2 conducteurs: Par le côté (avant/derrière-flanc),0
2019,08,20,Knokke-Heist,Knokke-Heist,Province de Flandre occidentale,Région flamande,51.357538,3.308189,31043,Normales,Normaal,Sec,Droog,Jour,En agglomération,Route communale,Avec blessé(s) grave(s),Bicyclette,usager seul,"Un seul usager, pas d'obstacle (chute incl.)",0
2019,08,05,Knokke-Heist,Knokke-Heist,Province de Flandre occidentale,Région flamande,,,31043,Normales,Normaal,Sec,Droog,"Nuit, éclairage public présent et allumé",En agglomération,Route communale,Avec blessé(s) leger(s),Bicyclette,Voiture,Entre 2 conducteurs: Par l'arrière,0
2019,08,17,Knokke-Heist,Knokke-Heist,Province de Flandre occidentale,Région flamande,51.353835,3.290948,31043,Normales,Normaal,Sec,Droog,Jour,En agglomération,Route communale,Avec blessé(s) leger(s),Autres,Bicyclette,Entre 2 conducteurs: Flanc contre flanc,0
2019,08,01,Knokke-Heist,Knokke-Heist,Province de Flandre occidentale,Région flamande,,,31043,Normales,Normaal,Sec,Droog,"Nuit, éclairage public présent et allumé",En agglomération,Route communale,Avec blessé(s) leger(s),Bicyclette,Camionnette,Entre 2 conducteurs: Par le côté (avant/derrière-flanc),0
2019,08,10,Knokke-Heist,Knokke-Heist,Province de Flandre occidentale,Région flamande,51.342611,3.284435,31043,Normales,Normaal,Sec,Droog,Jour,En agglomération,Route régionale,Avec blessé(s) leger(s),Voiture,Bicyclette,Entre 2 conducteurs: Par le côté (avant/derrière-flanc),1
2019,08,13,Knokke-Heist,Knokke-Heist,Province de Flandre occidentale,Région flamande,51.348345,3.289722,31043,Normales,Normaal,"Inconnu, indéterminé",Onbekend,Jour,En agglomération,Route communale,Avec blessé(s) leger(s),Bicyclette,Bicyclette,Entre 2 conducteurs: Flanc contre flanc,1
2019,08,17,Knokke-Heist,Knokke-Heist,Province de Flandre occidentale,Région flamande,51.347356,3.28336,31043,Normales,Normaal,Sec,Droog,Jour,En agglomération,Route communale,Avec blessé(s) leger(s),Cyclomoteur,Voiture,Entre 2 conducteurs: Par l'arrière,1
2019,08,11,Beernem,Beernem,Province de Flandre occidentale,Région flamande,51.126992,3.2915,31003,Normales,Normaal,Sec,Droog,Jour,Hors agglomération,Route régionale,Avec blessé(s) leger(s),Voiture,Bicyclette,Entre 2 conducteurs: Par l'arrière,1
2019,08,15,Oostkamp,Oostkamp,Province de Flandre occidentale,Région flamande,51.089572,3.188163,31022,Normales,Normaal,Sec,Droog,Jour,Hors agglomération,Route communale,Avec blessé(s) leger(s),Motocyclette,Voiture,Entre 2 conducteurs: Collision frontale,1
2019,08,08,Zedelgem,Zedelgem,Province de Flandre occidentale,Région flamande,51.161932,3.167949,31040,Normales,Normaal,Sec,Droog,Jour,Hors agglomération,Route régionale,Avec blessé(s) leger(s),Bicyclette,Cyclomoteur,Entre 2 conducteurs: Flanc contre flanc,1
2019,08,18,Beernem,Beernem,Province de Flandre occidentale,Région flamande,,,31003,Normales,Normaal,Sec,Droog,Jour,En agglomération,Route communale,Avec blessé(s) grave(s),Bicyclette,usager/obstacle,Usager contre obstacle situé hors chaussée,0
2019,08,17,Oostkamp,Oostkamp,Province de Flandre occidentale,Région flamande,51.09462,3.208035,31022,Normales,Normaal,Sec,Droog,Jour,En agglomération,Route communale,Avec blessé(s) grave(s),Bicyclette,Voiture,Entre 2 conducteurs: Flanc contre flanc,0
2019,08,16,Beernem,Beernem,Province de Flandre occidentale,Région flamande,51.11382,3.332342,31003,Normales,Normaal,Sec,Droog,Jour,Hors agglomération,Route communale,Avec blessé(s) leger(s),Voiture,Bicyclette,Entre 2 conducteurs: Collision frontale,0
2019,08,21,Knokke-Heist,Knokke-Heist,Province de Flandre occidentale,Région flamande,51.350247,3.281875,31043,"Inconnues, indéterminées",Onbekend,"Inconnu, indéterminé",Onbekend,"Inconnu, indéterminé",En agglomération,Route communale,Avec blessé(s) leger(s),Cyclomoteur,Autres,Entre 2 conducteurs: Par l'arrière,0
2019,08,11,Oostkamp,Oostkamp,Province de Flandre occidentale,Région flamande,51.109277,3.221374,31022,Normales,Normaal,Sec,Droog,Jour,Hors agglomération,Route régionale,Avec blessé(s) leger(s),Cyclomoteur,Voiture,Entre 2 conducteurs: Par le côté (avant/derrière-flanc),0
2019,08,15,Oostkamp,Oostkamp,Province de Flandre occidentale,Région flamande,51.177358,3.233671,31022,"Inconnues, indéterminées",Onbekend,Sec,Droog,Jour,En agglomération,Route régionale,Avec blessé(s) leger(s),Voiture,Cyclomoteur,Entre 2 conducteurs: Par le côté (avant/derrière-flanc),0
2019,08,17,Zedelgem,Zedelgem,Province de Flandre occidentale,Région flamande,,,31040,Normales,Normaal,Sec,Droog,Jour,Hors agglomération,inconnu,Avec blessé(s) grave(s),Bicyclette,usager seul,"Un seul usager, pas d'obstacle (chute incl.)",0
2019,08,10,Zedelgem,Zedelgem,Province de Flandre occidentale,Région flamande,,,31040,Normales,Normaal,Sec,Droog,Jour,Hors agglomération,inconnu,Avec blessé(s) grave(s),Bicyclette,usager seul,"Un seul usager, pas d'obstacle (chute incl.)",0
2019,08,09,Pittem,Pittem,Province de Flandre occidentale,Région flamande,51.015125,3.277853,37011,Normales,Normaal,Sec,Droog,Jour,Hors agglomération,Route communale,Avec blessé(s) grave(s),Voiture,Motocyclette,Entre 2 conducteurs: Par le côté (avant/derrière-flanc),0
2019,08,13,Wingene,Wingene,Province de Flandre occidentale,Région flamande,51.037738,3.203221,37018,Normales,Normaal,Sec,Droog,Jour,En agglomération,Route régionale,Avec blessé(s) grave(s),Voiture,Motocyclette,Entre 2 conducteurs: Par l'arrière,0
2019,08,07,Roulers,Roeselare,Province de Flandre occidentale,Région flamande,50.966886,3.134429,36015,Normales,Normaal,Sec,Droog,Jour,En agglomération,Route communale,Avec blessé(s) leger(s),Voiture,Bicyclette,Entre 2 conducteurs: Par l'arrière,0
2019,08,11,Ardooie,Ardooie,Province de Flandre occidentale,Région flamande,50.976563,3.190064,37020,Normales,Normaal,Sec,Droog,Jour,En agglomération,Route communale,Avec blessé(s) leger(s),Voiture,Bicyclette,Entre 2 conducteurs: Par le côté (avant/derrière-flanc),1
2019,08,14,Pittem,Pittem,Province de Flandre occidentale,Région flamande,50.970454,3.242727,37011,Normales,Normaal,Sec+Propre,Droog+Proper,Jour,Hors agglomération,Route régionale,Avec blessé(s) grave(s),Voiture,Bicyclette,Entre 2 conducteurs: Par le côté (avant/derrière-flanc),1
2019,08,14,Pittem,Pittem,Province de Flandre occidentale,Région flamande,50.993302,3.268204,37011,Normales,Normaal,Sec,Droog,Jour,En agglomération,Route régionale,Avec blessé(s) leger(s),Cyclomoteur,Piéton,Avec un piéton,0
2019,08,20,Oostkamp,Oostkamp,Province de Flandre occidentale,Région flamande,,,31022,Normales,Normaal,Sec,Droog,Jour,En agglomération,Route communale,Avec blessé(s) grave(s),Bicyclette,usager seul,"Un seul usager, pas d'obstacle (chute incl.)",0
2019,08,17,Wingene,Wingene,Province de Flandre occidentale,Région flamande,51.054855,3.277317,37018,Normales,Normaal,Sec,Droog,Jour,En agglomération,Route communale,Avec blessé(s) leger(s),Voiture,Bicyclette,Entre 2 conducteurs: Par le côté (avant/derrière-flanc),0
2019,08,06,Pittem,Pittem,Province de Flandre occidentale,Région flamande,50.989975,3.264326,37011,Normales,Normaal,Sec,Droog,"Aube, crépuscule",En agglomération,Route communale,Avec blessé(s) leger(s),Voiture,Bicyclette,Entre 2 conducteurs: Par l'arrière,1
2019,08,09,Ypres,Ieper,Province de Flandre occidentale,Région flamande,,,33011,Normales,Normaal,Sec,Droog,Jour,Hors agglomération,Route communale,Avec blessé(s) leger(s),Bicyclette,usager seul,"Un seul usager, pas d'obstacle (chute incl.)",0
2019,08,07,Lichtervelde,Lichtervelde,Province de Flandre occidentale,Région flamande,51.029444,3.14289,36011,"Inconnues, indéterminées",Onbekend,"Inconnu, indéterminé",Onbekend,"Inconnu, indéterminé",inconnu,Route communale,Avec blessé(s) leger(s),Bicyclette,Voiture,Entre 2 conducteurs: Par l'arrière,0
2019,08,15,Ichtegem,Ichtegem,Province de Flandre occidentale,Région flamande,,,35006,Normales,Normaal,Sec,Droog,Jour,Hors agglomération,Route régionale,Avec blessé(s) leger(s),Bicyclette,usager/obstacle,Usager contre obstacle situé sur la chaussée,0
2019,08,06,Wingene,Wingene,Province de Flandre occidentale,Région flamande,51.089903,3.276863,37018,Normales,Normaal,Sec,Droog,"Aube, crépuscule",Hors agglomération,Route communale,Avec blessé(s) leger(s),Bicyclette,Camion,Entre 2 conducteurs: Par l'arrière,0
2019,08,17,Tielt,Tielt,Province de Flandre occidentale,Région flamande,50.996602,3.330756,37015,Normales,Normaal,Sec,Droog,Jour,En agglomération,Route régionale,Avec blessé(s) leger(s),Camion,Bicyclette,Entre 2 conducteurs: Par le côté (avant/derrière-flanc),1
2019,08,15,Ardooie,Ardooie,Province de Flandre occidentale,Région flamande,50.973645,3.228326,37020,Normales,Normaal,Sec+Propre,Droog+Proper,Jour,Hors agglomération,Route communale,Avec blessé(s) leger(s),Motocyclette,usager/obstacle,Usager contre obstacle situé hors chaussée,1
2019,08,17,Ostende,Oostende,Province de Flandre occidentale,Région flamande,51.223081,2.942528,35013,Normales,Normaal,Sec,Droog,Jour,En agglomération,Route régionale,Avec blessé(s) leger(s),Voiture,Bicyclette,Entre 2 conducteurs: Collision frontale,0
2019,08,14,Ostende,Oostende,Province de Flandre occidentale,Région flamande,51.208874,2.917613,35013,Normales,Normaal,Sec,Droog,Jour,En agglomération,Route communale,Avec blessé(s) leger(s),Voiture,Bicyclette,Entre 2 conducteurs: Par le côté (avant/derrière-flanc),0
2019,08,15,Ostende,Oostende,Province de Flandre occidentale,Région flamande,51.228235,2.908545,35013,Normales,Normaal,Sec,Droog,Jour,En agglomération,Route régionale,Avec blessé(s) leger(s),Voiture,Bicyclette,Entre 2 conducteurs: Collision frontale,0
2019,08,08,Ostende,Oostende,Province de Flandre occidentale,Région flamande,51.217121,2.934915,35013,Normales,Normaal,"Sale (sable, gravier, feuilles,...)","Vuil (zand, grint, bladeren,...)",Jour,En agglomération,Route communale,Avec blessé(s) leger(s),Bicyclette,usager/obstacle,Usager contre obstacle situé sur la chaussée,0
2019,08,22,Ostende,Oostende,Province de Flandre occidentale,Région flamande,51.217413,2.888004,35013,"Inconnues, indéterminées",Onbekend,"Inconnu, indéterminé",Onbekend,"Inconnu, indéterminé",inconnu,Route régionale,Avec blessé(s) leger(s),Bicyclette,Piéton,Avec un piéton,1
2019,08,14,Ostende,Oostende,Province de Flandre occidentale,Région flamande,,,35013,Normales,Normaal,Sec,Droog,Jour,En agglomération,Route régionale,Avec blessé(s) leger(s),Bicyclette,Voiture,Entre 2 conducteurs: Flanc contre flanc,0
2019,08,07,Ostende,Oostende,Province de Flandre occidentale,Région flamande,51.211061,2.878856,35013,Normales,Normaal,Sec,Droog,Jour,En agglomération,Route régionale,Avec blessé(s) leger(s),Cyclomoteur,Camionnette,Entre 2 conducteurs: Par le côté (avant/derrière-flanc),1
2019,08,14,Ostende,Oostende,Province de Flandre occidentale,Région flamande,,,35013,Normales,Normaal,"Inconnu, indéterminé",Onbekend,Jour,En agglomération,Route régionale,Avec blessé(s) leger(s),Motocyclette,usager seul,"Un seul usager, pas d'obstacle (chute incl.)",0
2019,08,21,Ostende,Oostende,Province de Flandre occidentale,Région flamande,51.216314,2.890572,35013,Normales,Normaal,Sec,Droog,"Aube, crépuscule",En agglomération,Route régionale,Avec blessé(s) leger(s),Voiture,Bicyclette,Entre 2 conducteurs: Par le côté (avant/derrière-flanc),0
2019,08,15,Ostende,Oostende,Province de Flandre occidentale,Région flamande,51.217916,2.88406,35013,Normales,Normaal,Sec,Droog,Jour,En agglomération,Route régionale,Avec blessé(s) leger(s),Cyclomoteur,Voiture,Entre 2 conducteurs: Par le côté (avant/derrière-flanc),1
2019,08,19,Ostende,Oostende,Province de Flandre occidentale,Région flamande,51.227763,2.924654,35013,Normales,Normaal,Sec,Droog,Jour,En agglomération,Route communale,Avec blessé(s) leger(s),Piéton,Bicyclette,Avec un piéton,0
2019,08,11,Ostende,Oostende,Province de Flandre occidentale,Région flamande,51.224084,2.909008,35013,"Autre (fumée épaisse,...)","Andere (dikke rook,...)",Sec,Droog,Jour,En agglomération,Route régionale,Avec blessé(s) leger(s),Bicyclette,Piéton,Avec un piéton,1
2019,08,15,Ostende,Oostende,Province de Flandre occidentale,Région flamande,,,35013,Normales,Normaal,Sec,Droog,Jour,En agglomération,Route régionale,Avec blessé(s) leger(s),Piéton,Bicyclette,Avec un piéton,0
2019,08,11,Ostende,Oostende,Province de Flandre occidentale,Région flamande,51.232286,2.917562,35013,Normales,Normaal,Sec,Droog,Jour,En agglomération,Route communale,Avec blessé(s) leger(s),Motocyclette,Piéton,Avec un piéton,0
2019,08,21,Ostende,Oostende,Province de Flandre occidentale,Région flamande,51.224642,2.909154,35013,Normales,Normaal,Sec,Droog,Jour,En agglomération,Route régionale,Avec blessé(s) leger(s),Bicyclette,Voiture,Entre 2 conducteurs: Par l'arrière,1
2019,08,11,Ostende,Oostende,Province de Flandre occidentale,Région flamande,51.228101,2.92143,35013,Normales,Normaal,Sec,Droog,Jour,En agglomération,Route régionale,Avec blessé(s) leger(s),Piéton,Cyclomoteur,Avec un piéton,0
2019,08,13,Bredene,Bredene,Province de Flandre occidentale,Région flamande,51.252921,2.978555,35002,Normales,Normaal,Sec,Droog,Jour,En agglomération,Route régionale,Avec blessé(s) leger(s),Bicyclette,usager seul,"Un seul usager, pas d'obstacle (chute incl.)",0
2019,08,07,De Haan,De Haan,Province de Flandre occidentale,Région flamande,51.307348,3.098919,35029,Normales,Normaal,Sec,Droog,"Aube, crépuscule",Hors agglomération,Route régionale,Avec blessé(s) leger(s),Voiture,Bicyclette,Entre 2 conducteurs: Par le côté (avant/derrière-flanc),1
2019,08,17,Bredene,Bredene,Province de Flandre occidentale,Région flamande,51.22299,2.988873,35002,Normales,Normaal,Sec,Droog,Jour,En agglomération,Route régionale,Avec blessé(s) leger(s),Voiture,Bicyclette,Entre 2 conducteurs: Par le côté (avant/derrière-flanc),0
2019,08,18,Bredene,Bredene,Province de Flandre occidentale,Région flamande,51.250532,2.969821,35002,Normales,Normaal,Sec,Droog,Jour,En agglomération,Route régionale,Avec blessé(s) leger(s),Bicyclette,Bicyclette,Entre 2 conducteurs: Collision frontale,0
2019,08,11,De Haan,De Haan,Province de Flandre occidentale,Région flamande,51.276075,3.026742,35029,Normales,Normaal,Sec,Droog,Jour,En agglomération,Route régionale,Avec blessé(s) leger(s),Piéton,Bicyclette,Avec un piéton,0
2019,08,12,De Haan,De Haan,Province de Flandre occidentale,Région flamande,51.270609,3.03435,35029,Normales,Normaal,Sec,Droog,Jour,En agglomération,Route communale,Avec blessé(s) leger(s),Voiture,Bicyclette,Entre 2 conducteurs: Par le côté (avant/derrière-flanc),1
2019,08,17,De Haan,De Haan,Province de Flandre occidentale,Région flamande,51.28392,3.059156,35029,Normales,Normaal,Sec,Droog,Jour,En agglomération,Route régionale,Avec blessé(s) leger(s),Bicyclette,Bicyclette,Entre 2 conducteurs: Collision frontale,0
2019,08,10,Middelkerke,Middelkerke,Province de Flandre occidentale,Région flamande,51.1719,2.879124,35011,Normales,Normaal,Sec,Droog,Jour,En agglomération,Route régionale,Avec blessé(s) leger(s),Voiture,Bicyclette,Entre 2 conducteurs: Par le côté (avant/derrière-flanc),1
2019,08,10,Middelkerke,Middelkerke,Province de Flandre occidentale,Région flamande,51.166889,2.829377,35011,Normales,Normaal,Sec,Droog,Jour,Hors agglomération,Route régionale,Avec blessé(s) leger(s),Voiture,Motocyclette,Entre 2 conducteurs: Par l'arrière,0
2019,08,18,Middelkerke,Middelkerke,Province de Flandre occidentale,Région flamande,51.131319,2.816883,35011,Normales,Normaal,Sec,Droog,Jour,Hors agglomération,Route communale,Avec blessé(s) grave(s),Voiture,Bicyclette,Entre 2 conducteurs: Flanc contre flanc,0
2019,08,15,Ostende,Oostende,Province de Flandre occidentale,Région flamande,51.192829,2.90081,35013,Normales,Normaal,Sec,Droog,Jour,En agglomération,Route régionale,Avec blessé(s) leger(s),Voiture,Motocyclette,Entre 2 conducteurs: Par le côté (avant/derrière-flanc),1
2019,08,10,Middelkerke,Middelkerke,Province de Flandre occidentale,Région flamande,51.164132,2.769998,35011,Normales,Normaal,Sec,Droog,Jour,En agglomération,Route communale,Avec blessé(s) grave(s),Bicyclette,Bicyclette,Entre 2 conducteurs: Par le côté (avant/derrière-flanc),0
2019,08,17,Middelkerke,Middelkerke,Province de Flandre occidentale,Région flamande,51.187506,2.819419,35011,Normales,Normaal,Sec,Droog,Jour,En agglomération,Route communale,Avec blessé(s) grave(s),Voiture,Cyclomoteur,Entre 2 conducteurs: Par le côté (avant/derrière-flanc),0
2019,08,01,Torhout,Torhout,Province de Flandre occidentale,Région flamande,51.067977,3.102718,31033,Normales,Normaal,Sec,Droog,"Nuit, éclairage public présent, mais pas allumé",En agglomération,Route régionale,Avec blessé(s) leger(s),Cyclomoteur,usager seul,"Un seul usager, pas d'obstacle (chute incl.)",1
2019,08,17,Oudenburg,Oudenburg,Province de Flandre occidentale,Région flamande,51.178629,3.040506,35014,Normales,Normaal,Sec+Propre,Droog+Proper,Jour,En agglomération,Route communale,Avec blessé(s) leger(s),Voiture,Bicyclette,Entre 2 conducteurs: Par le côté (avant/derrière-flanc),1
2019,08,17,Torhout,Torhout,Province de Flandre occidentale,Région flamande,51.055021,3.111528,31033,Normales,Normaal,Sec,Droog,Jour,En agglomération,Route communale,Avec blessé(s) grave(s),Camion,Bicyclette,Entre 2 conducteurs: Par le côté (avant/derrière-flanc),1
2019,08,17,Ichtegem,Ichtegem,Province de Flandre occidentale,Région flamande,51.098468,3.036704,35006,Normales,Normaal,Sec,Droog,Jour,Hors agglomération,Route régionale,Avec blessé(s) leger(s),Voiture,Motocyclette,Entre 2 conducteurs: Par le côté (avant/derrière-flanc),1
2019,08,09,Gistel,Gistel,Province de Flandre occidentale,Région flamande,51.151731,2.950318,35005,Normales,Normaal,Sec,Droog,Jour,En agglomération,Route régionale,Avec blessé(s) leger(s),Camionnette,Motocyclette,Entre 2 conducteurs: Par le côté (avant/derrière-flanc),0
2019,08,10,Gistel,Gistel,Province de Flandre occidentale,Région flamande,51.14653,2.951232,35005,Normales,Normaal,Sec,Droog,Jour,En agglomération,Route régionale,Avec blessé(s) leger(s),Motocyclette,usager seul,"Un seul usager, pas d'obstacle (chute incl.)",0
2019,08,08,Ichtegem,Ichtegem,Province de Flandre occidentale,Région flamande,51.160031,3.033263,35006,Normales,Normaal,Sec,Droog,Jour,Hors agglomération,Route communale,Avec blessé(s) leger(s),Voiture,Bicyclette,Entre 2 conducteurs: Par le côté (avant/derrière-flanc),1
2019,08,15,Torhout,Torhout,Province de Flandre occidentale,Région flamande,51.082704,3.116401,31033,Normales,Normaal,Sec,Droog,Jour,Hors agglomération,Route régionale,Avec blessé(s) leger(s),Voiture,Bicyclette,Entre 2 conducteurs: Par le côté (avant/derrière-flanc),1
2019,08,13,Izegem,Izegem,Province de Flandre occidentale,Région flamande,50.920914,3.216148,36008,Normales,Normaal,Sec,Droog,Jour,En agglomération,Route communale,Avec blessé(s) grave(s),Motocyclette,Voiture,Entre 2 conducteurs: Collision frontale,1
2019,08,11,Izegem,Izegem,Province de Flandre occidentale,Région flamande,50.915244,3.211593,36008,Normales,Normaal,Sec,Droog,Jour,En agglomération,Route communale,Avec blessé(s) leger(s),Bicyclette,Piéton,Avec un piéton,0
2019,08,17,Izegem,Izegem,Province de Flandre occidentale,Région flamande,50.93771,3.188452,36008,Normales,Normaal,Sec,Droog,Jour,En agglomération,Route communale,Avec blessé(s) leger(s),Bicyclette,Voiture,Entre 2 conducteurs: Collision frontale,1
2019,08,17,Roulers,Roeselare,Province de Flandre occidentale,Région flamande,50.948312,3.121468,36015,Normales,Normaal,Sec,Droog,Jour,En agglomération,Route régionale,Avec blessé(s) leger(s),Cyclomoteur,usager/obstacle,Usager contre obstacle situé sur la chaussée,0
2019,08,09,Roulers,Roeselare,Province de Flandre occidentale,Région flamande,,,36015,Normales,Normaal,Sec,Droog,Jour,En agglomération,Route régionale,Avec blessé(s) leger(s),Voiture,Bicyclette,Entre 2 conducteurs: Flanc contre flanc,0
2019,08,07,Izegem,Izegem,Province de Flandre occidentale,Région flamande,50.910321,3.208667,36008,Normales,Normaal,Sec,Droog,"Aube, crépuscule",En agglomération,Route communale,Avec blessé(s) leger(s),Bicyclette,Camionnette,Entre 2 conducteurs: Par l'arrière,0
2019,08,11,Roulers,Roeselare,Province de Flandre occidentale,Région flamande,50.946946,3.127537,36015,Normales,Normaal,Sec,Droog,Jour,En agglomération,Route communale,Avec blessé(s) leger(s),Bicyclette,Piéton,Avec un piéton,1
2019,08,18,Izegem,Izegem,Province de Flandre occidentale,Région flamande,50.908573,3.209907,36008,Normales,Normaal,Sec,Droog,Jour,En agglomération,Route régionale,Avec blessé(s) leger(s),Cyclomoteur,Voiture,Entre 2 conducteurs: Par le côté (avant/derrière-flanc),1
2019,08,17,Izegem,Izegem,Province de Flandre occidentale,Région flamande,50.906826,3.194387,36008,Normales,Normaal,Sec,Droog,Jour,En agglomération,Route communale,Avec blessé(s) leger(s),Bicyclette,Bicyclette,Entre 2 conducteurs: Par le côté (avant/derrière-flanc),0
2019,08,20,Roulers,Roeselare,Province de Flandre occidentale,Région flamande,50.952561,3.142405,36015,Normales,Normaal,Sec,Droog,Jour,En agglomération,Route régionale,Avec blessé(s) leger(s),Bicyclette,Voiture,Entre 2 conducteurs: Flanc contre flanc,0
2019,08,09,Ingelmunster,Ingelmunster,Province de Flandre occidentale,Région flamande,50.92057,3.253539,36007,Normales,Normaal,Sec,Droog,Jour,En agglomération,Route régionale,Avec blessé(s) leger(s),Voiture,Bicyclette,Entre 2 conducteurs: Par le côté (avant/derrière-flanc),1
2019,08,10,Wielsbeke,Wielsbeke,Province de Flandre occidentale,Région flamande,50.903363,3.37077,37017,Normales,Normaal,Sec,Droog,Jour,Hors agglomération,Route communale,Avec blessé(s) leger(s),Bicyclette,Voiture,Entre 2 conducteurs: Par le côté (avant/derrière-flanc),0
2019,08,17,Menin,Menen,Province de Flandre occidentale,Région flamande,,,34027,"Inconnues, indéterminées",Onbekend,"Inconnu, indéterminé",Onbekend,"Inconnu, indéterminé",En agglomération,Route communale,Avec blessé(s) leger(s),Bicyclette,Voiture,Entre 2 conducteurs: Par l'arrière,0
2019,08,08,Wevelgem,Wevelgem,Province de Flandre occidentale,Région flamande,,,34041,Normales,Normaal,Sec,Droog,Jour,En agglomération,Route régionale,Avec blessé(s) grave(s),Camionnette,Cyclomoteur,Entre 2 conducteurs: Flanc contre flanc,0
2019,08,20,Menin,Menen,Province de Flandre occidentale,Région flamande,50.794568,3.197431,34027,"Inconnues, indéterminées",Onbekend,"Inconnu, indéterminé",Onbekend,"Inconnu, indéterminé",En agglomération,Route communale,Avec blessé(s) leger(s),Bicyclette,Voiture,Entre 2 conducteurs: Par l'arrière,0
2019,08,19,Ledegem,Ledegem,Province de Flandre occidentale,Région flamande,,,36010,Normales,Normaal,Sec,Droog,Jour,Hors agglomération,Route communale,Avec blessé(s) leger(s),Bicyclette,Bicyclette,Entre 2 conducteurs: Collision frontale,1
2019,08,10,Wevelgem,Wevelgem,Province de Flandre occidentale,Région flamande,50.840198,3.201438,34041,Normales,Normaal,Sec,Droog,Jour,En agglomération,Route communale,Avec blessé(s) leger(s),Voiture,Bicyclette,Entre 2 conducteurs: Par le côté (avant/derrière-flanc),1
2019,08,07,Menin,Menen,Province de Flandre occidentale,Région flamande,50.79251,3.123484,34027,Normales,Normaal,Sec,Droog,Jour,En agglomération,Route régionale,Avec blessé(s) leger(s),Voiture,Bicyclette,Entre 2 conducteurs: Par le côté (avant/derrière-flanc),1