year,month,hour,municipality_fr,municipality_nl,province_fr,region_fr,latitude,longitude,nis_code,weather_fr,weather_nl,road_condition_fr,road_condition_nl,light_condition_fr,build_up_area_fr,road_type_fr,severity_fr,road_user1_fr,road_user2_fr,collision_type_fr,at_crossway
2019,08,12,Menin,Menen,Province de Flandre occidentale,Région flamande,50.805356,3.1279,34027,Normales,Normaal,Sec,Droog,Jour,En agglomération,Route communale,Avec blessé(s) leger(s),Voiture,Bicyclette,Entre 2 conducteurs: Flanc contre flanc,0
2019,08,19,Courtrai,Kortrijk,Province de Flandre occidentale,Région flamande,50.797226,3.241775,34022,Normales,Normaal,Sec,Droog,Jour,Hors agglomération,Route régionale,Avec blessé(s) grave(s),Motocyclette,Voiture,Entre 2 conducteurs: Par le côté (avant/derrière-flanc),0
2019,08,17,Courtrai,Kortrijk,Province de Flandre occidentale,Région flamande,,,34022,Normales,Normaal,Sec,Droog,Jour,En agglomération,Route communale,Avec blessé(s) leger(s),Cyclomoteur,Autres,Entre 2 conducteurs: Par le côté (avant/derrière-flanc),0
2019,08,16,Courtrai,Kortrijk,Province de Flandre occidentale,Région flamande,50.809415,3.230062,34022,Normales,Normaal,Sec,Droog,Jour,En agglomération,Route communale,Avec blessé(s) leger(s),Camionnette,Cyclomoteur,Entre 2 conducteurs: Par l'arrière,0
2019,08,18,Courtrai,Kortrijk,Province de Flandre occidentale,Région flamande,50.831795,3.281661,34022,Normales,Normaal,"Humide, mouillé, flaques","Nat, plassen",Jour,En agglomération,Route communale,Avec blessé(s) grave(s),Bicyclette,Piéton,Avec un piéton,0
2019,08,16,Courtrai,Kortrijk,Province de Flandre occidentale,Région flamande,,,34022,Normales,Normaal,Sec,Droog,Jour,En agglomération,Route communale,Avec blessé(s) leger(s),Cyclomoteur,Voiture,Entre 2 conducteurs: Par le côté (avant/derrière-flanc),0
2019,08,21,Courtrai,Kortrijk,Province de Flandre occidentale,Région flamande,50.818823,3.296893,34022,Normales,Normaal,Sec,Droog,"Aube, crépuscule",Hors agglomération,Route régionale,Avec blessé(s) leger(s),Voiture,Bicyclette,Entre 2 conducteurs: Par le côté (avant/derrière-flanc),1
2019,08,18,Courtrai,Kortrijk,Province de Flandre occidentale,Région flamande,50.816878,3.277664,34022,Normales,Normaal,Sec,Droog,Jour,En agglomération,Route communale,Avec blessé(s) leger(s),Voiture,Bicyclette,Entre 2 conducteurs: Par le côté (avant/derrière-flanc),1
2019,08,17,Courtrai,Kortrijk,Province de Flandre occidentale,Région flamande,50.82544,3.26149,34022,Normales,Normaal,Sec,Droog,Jour,En agglomération,Route communale,Avec blessé(s) leger(s),Bicyclette,Voiture,Entre 2 conducteurs: Par le côté (avant/derrière-flanc),0
2019,08,16,Courtrai,Kortrijk,Province de Flandre occidentale,Région flamande,50.83816,3.284704,34022,Normales,Normaal,Sec,Droog,Jour,En agglomération,Route régionale,Avec blessé(s) leger(s),Voiture,Bicyclette,Entre 2 conducteurs: Par le côté (avant/derrière-flanc),0
2019,08,15,Courtrai,Kortrijk,Province de Flandre occidentale,Région flamande,50.823141,3.280828,34022,Normales,Normaal,Sec,Droog,Jour,En agglomération,Route communale,Avec blessé(s) leger(s),Voiture,Bicyclette,Entre 2 conducteurs: Par le côté (avant/derrière-flanc),1
2019,08,19,Courtrai,Kortrijk,Province de Flandre occidentale,Région flamande,50.823043,3.272876,34022,Normales,Normaal,Sec,Droog,Jour,En agglomération,Route communale,Avec blessé(s) leger(s),Voiture,Bicyclette,Entre 2 conducteurs: Par l'arrière,0
2019,08,11,Waregem,Waregem,Province de Flandre occidentale,Région flamande,50.877646,3.436486,34040,Normales,Normaal,Sec,Droog,Jour,En agglomération,Route communale,Avec blessé(s) leger(s),Bicyclette,Bicyclette,Entre 2 conducteurs: Par le côté (avant/derrière-flanc),0
2019,08,19,Waregem,Waregem,Province de Flandre occidentale,Région flamande,50.871745,3.415836,34040,Normales,Normaal,Sec,Droog,Jour,En agglomération,Route communale,Avec blessé(s) leger(s),Voiture,Bicyclette,Entre 2 conducteurs: Par le côté (avant/derrière-flanc),1
2019,08,07,Waregem,Waregem,Province de Flandre occidentale,Région flamande,50.889688,3.445204,34040,Normales,Normaal,Sec,Droog,Jour,En agglomération,Route régionale,Avec blessé(s) leger(s),Voiture,Bicyclette,Entre 2 conducteurs: Par le côté (avant/derrière-flanc),1
2019,08,18,Waregem,Waregem,Province de Flandre occidentale,Région flamande,50.903439,3.409995,34040,Normales,Normaal,Sec,Droog,Jour,En agglomération,Route régionale,Avec blessé(s) leger(s),Cyclomoteur,Camionnette,Entre 2 conducteurs: Par le côté (avant/derrière-flanc),1
2019,08,01,Waregem,Waregem,Province de Flandre occidentale,Région flamande,50.889733,3.429405,34040,Normales,Normaal,Sec,Droog,"Nuit, éclairage public présent et allumé",En agglomération,Route régionale,Avec blessé(s) leger(s),Voiture,Bicyclette,Entre 2 conducteurs: Par l'arrière,0
2019,08,12,Waregem,Waregem,Province de Flandre occidentale,Région flamande,50.889322,3.345736,34040,Normales,Normaal,Sec,Droog,Jour,En agglomération,Route communale,Avec blessé(s) leger(s),Cyclomoteur,Voiture,Entre 2 conducteurs: Par le côté (avant/derrière-flanc),1
2019,08,18,Zwevegem,Zwevegem,Province de Flandre occidentale,Région flamande,,,34042,Normales,Normaal,Sec,Droog,Jour,Hors agglomération,Route communale,Avec blessé(s) grave(s),Bicyclette,usager seul,"Un seul usager, pas d'obstacle (chute incl.)",0
2019,08,15,Zwevegem,Zwevegem,Province de Flandre occidentale,Région flamande,,,34042,Normales,Normaal,Sec,Droog,Jour,Hors agglomération,Route communale,Avec blessé(s) leger(s),Bicyclette,usager seul,"Un seul usager, pas d'obstacle (chute incl.)",0
2019,08,17,Waregem,Waregem,Province de Flandre occidentale,Région flamande,50.889688,3.445204,34040,Normales,Normaal,Sec,Droog,Jour,En agglomération,Route régionale,Avec blessé(s) leger(s),Voiture,Bicyclette,Entre 2 conducteurs: Par le côté (avant/derrière-flanc),1
2019,08,22,Deerlijk,Deerlijk,Province de Flandre occidentale,Région flamande,50.85955,3.377841,34009,Normales,Normaal,Sec,Droog,"Nuit, pas d'éclairage public présent",En agglomération,Route communale,Avec blessé(s) leger(s),Voiture,Cyclomoteur,Entre 2 conducteurs: Par le côté (avant/derrière-flanc),1
2019,08,07,Harelbeke,Harelbeke,Province de Flandre occidentale,Région flamande,50.835749,3.335477,34013,"Inconnues, indéterminées",Onbekend,"Inconnu, indéterminé",Onbekend,"Inconnu, indéterminé",inconnu,Route communale,Avec blessé(s) leger(s),Bicyclette,Camionnette,Entre 2 conducteurs: Par le côté (avant/derrière-flanc),1
2019,08,16,Harelbeke,Harelbeke,Province de Flandre occidentale,Région flamande,,,34013,"Inconnues, indéterminées",Onbekend,"Inconnu, indéterminé",Onbekend,"Inconnu, indéterminé",Hors agglomération,Route communale,Avec blessé(s) leger(s),Bicyclette,Piéton,Avec un piéton,0
2019,08,19,Deerlijk,Deerlijk,Province de Flandre occidentale,Région flamande,50.85955,3.377841,34009,Normales,Normaal,Sec,Droog,Jour,Hors agglomération,Route communale,Avec blessé(s) leger(s),Camion,Bicyclette,Entre 2 conducteurs: Par le côté (avant/derrière-flanc),1
2019,08,09,Harelbeke,Harelbeke,Province de Flandre occidentale,Région flamande,50.836896,3.325731,34013,Normales,Normaal,Sec,Droog,Jour,En agglomération,Route communale,Avec blessé(s) leger(s),Bicyclette,Voiture,Entre 2 conducteurs: Flanc contre flanc,0
2019,08,18,Furnes,Veurne,Province de Flandre occidentale,Région flamande,51.07414,2.666891,38025,Normales,Normaal,Sec,Droog,Jour,En agglomération,Route communale,Avec blessé(s) leger(s),Cyclomoteur,Voiture,Entre 2 conducteurs: Par le côté (avant/derrière-flanc),0
2019,08,18,Furnes,Veurne,Province de Flandre occidentale,Région flamande,51.073795,2.667967,38025,Normales,Normaal,Sec,Droog,Jour,En agglomération,Route régionale,Avec blessé(s) leger(s),Voiture,Bicyclette,Entre 2 conducteurs: Par l'arrière,0
2019,08,14,Furnes,Veurne,Province de Flandre occidentale,Région flamande,51.070773,2.659096,38025,Normales,Normaal,Sec,Droog,Jour,En agglomération,Route communale,Avec blessé(s) leger(s),Voiture,Bicyclette,Entre 2 conducteurs: Flanc contre flanc,0
2019,08,10,Furnes,Veurne,Province de Flandre occidentale,Région flamande,51.079146,2.652013,38025,Normales,Normaal,Sec,Droog,Jour,En agglomération,Route régionale,Avec blessé(s) leger(s),Voiture,Motocyclette,Entre 2 conducteurs: Par l'arrière,0
2019,08,21,Kortemark,Kortemark,Province de Flandre occidentale,Région flamande,51.030909,3.043876,32011,Normales,Normaal,Sec,Droog,"Nuit, éclairage public présent et allumé",En agglomération,Route communale,Avec blessé(s) leger(s),Voiture,Cyclomoteur,Entre 2 conducteurs: Par le côté (avant/derrière-flanc),1
2019,08,10,Houthulst,Houthulst,Province de Flandre occidentale,Région flamande,50.995253,2.913261,32006,Normales,Normaal,Sec,Droog,Jour,En agglomération,Route régionale,Avec blessé(s) leger(s),Bicyclette,usager seul,"Un seul usager, pas d'obstacle (chute incl.)",0
2019,08,09,Dixmude,Diksmuide,Province de Flandre occidentale,Région flamande,51.082652,2.857021,32003,Normales,Normaal,Sec,Droog,Jour,Hors agglomération,Route communale,Avec blessé(s) grave(s),Voiture,Bicyclette,Entre 2 conducteurs: Par le côté (avant/derrière-flanc),1
2019,08,15,Nieuport,Nieuwpoort,Province de Flandre occidentale,Région flamande,51.132297,2.748827,38016,Normales,Normaal,Sec,Droog,Jour,En agglomération,Route communale,Avec blessé(s) leger(s),Voiture,Bicyclette,Entre 2 conducteurs: Par le côté (avant/derrière-flanc),1
2019,08,11,La Panne,De Panne,Province de Flandre occidentale,Région flamande,51.098555,2.58135,38008,Normales,Normaal,Sec,Droog,Jour,En agglomération,Route communale,Avec blessé(s) leger(s),Bicyclette,Piéton,Avec un piéton,0
2019,08,14,Koksijde,Koksijde,Province de Flandre occidentale,Région flamande,51.116276,2.638315,38014,Normales,Normaal,Sec,Droog,Jour,En agglomération,Route communale,Avec blessé(s) leger(s),Voiture,Bicyclette,Entre 2 conducteurs: Par le côté (avant/derrière-flanc),1
2019,08,12,Nieuport,Nieuwpoort,Province de Flandre occidentale,Région flamande,51.146649,2.710305,38016,Normales,Normaal,Sec,Droog,Jour,En agglomération,Route communale,Avec blessé(s) leger(s),Bicyclette,Bicyclette,Entre 2 conducteurs: Par l'arrière,1
2019,08,12,La Panne,De Panne,Province de Flandre occidentale,Région flamande,51.068941,2.603937,38008,Normales,Normaal,Sec,Droog,Jour,Hors agglomération,Route régionale,Avec blessé(s) leger(s),Bicyclette,Voiture,Entre 2 conducteurs: Par le côté (avant/derrière-flanc),1
2019,08,11,La Panne,De Panne,Province de Flandre occidentale,Région flamande,51.086777,2.600106,38008,Normales,Normaal,Sec,Droog,Jour,Hors agglomération,Route régionale,Avec blessé(s) leger(s),Autres,Bicyclette,Entre 2 conducteurs: Flanc contre flanc,0
2019,08,19,Koksijde,Koksijde,Province de Flandre occidentale,Région flamande,51.10982,2.610706,38014,Normales,Normaal,Sec,Droog,Jour,En agglomération,Route régionale,Avec blessé(s) leger(s),Motocyclette,Motocyclette,Entre 2 conducteurs: Par l'arrière,1
2019,08,17,Koksijde,Koksijde,Province de Flandre occidentale,Région flamande,51.109485,2.665284,38014,Normales,Normaal,Sec,Droog,Jour,Hors agglomération,Route communale,Avec blessé(s) leger(s),Bicyclette,Cyclomoteur,Entre 2 conducteurs: Collision frontale,0
2019,08,21,Koksijde,Koksijde,Province de Flandre occidentale,Région flamande,51.112436,2.66175,38014,Normales,Normaal,Sec,Droog,Jour,En agglomération,Route communale,Avec blessé(s) grave(s),Voiture,Bicyclette,Entre 2 conducteurs: Par le côté (avant/derrière-flanc),1
2019,08,11,Koksijde,Koksijde,Province de Flandre occidentale,Région flamande,51.115971,2.641367,38014,Normales,Normaal,Sec,Droog,Jour,En agglomération,Route communale,Avec blessé(s) leger(s),Voiture,Bicyclette,Entre 2 conducteurs: Par le côté (avant/derrière-flanc),1
2019,08,18,La Panne,De Panne,Province de Flandre occidentale,Région flamande,51.081553,2.602065,38008,Normales,Normaal,Sec,Droog,Jour,En agglomération,Route régionale,Avec blessé(s) leger(s),Voiture,Bicyclette,Entre 2 conducteurs: Par le côté (avant/derrière-flanc),0
2019,08,16,Nieuport,Nieuwpoort,Province de Flandre occidentale,Région flamande,51.14461,2.707461,38016,Normales,Normaal,Sec,Droog,Jour,En agglomération,Route régionale,Avec blessé(s) leger(s),Voiture,Motocyclette,Entre 2 conducteurs: Par le côté (avant/derrière-flanc),0
2019,08,09,Koksijde,Koksijde,Province de Flandre occidentale,Région flamande,51.116289,2.679786,38014,Normales,Normaal,Sec,Droog,Jour,En agglomération,Route communale,Avec blessé(s) leger(s),Bicyclette,Voiture,Entre 2 conducteurs: Par le côté (avant/derrière-flanc),0
2019,08,14,Nieuport,Nieuwpoort,Province de Flandre occidentale,Région flamande,51.133182,2.746854,38016,Normales,Normaal,Sec,Droog,Jour,En agglomération,Route régionale,Avec blessé(s) leger(s),Camionnette,Bicyclette,Entre 2 conducteurs: Par le côté (avant/derrière-flanc),0
2019,08,21,Anvers,Antwerpen,Province d’Anvers,Région flamande,,,11002,Pluie,Regenval,"Humide, mouillé, flaques","Nat, plassen","Nuit, éclairage public présent et allumé",Hors agglomération,Route communale,Avec blessé(s) leger(s),Motocyclette,usager/obstacle,Usager contre obstacle situé sur la chaussée,0
2019,08,11,Ypres,Ieper,Province de Flandre occidentale,Région flamande,50.842871,2.889198,33011,Normales,Normaal,Sec,Droog,Jour,Hors agglomération,Route régionale,Avec blessé(s) leger(s),Bicyclette,Voiture,Entre 2 conducteurs: Par le côté (avant/derrière-flanc),0
2019,08,11,Poperinge,Poperinge,Province de Flandre occidentale,Région flamande,50.849004,2.727032,33021,Normales,Normaal,Sec,Droog,Jour,En agglomération,Route communale,Avec blessé(s) grave(s),Bicyclette,Voiture,Entre 2 conducteurs: Par l'arrière,0
2019,08,13,Ypres,Ieper,Province de Flandre occidentale,Région flamande,,,33011,Normales,Normaal,Sec+Propre,Droog+Proper,Jour,Hors agglomération,Route régionale,Avec blessé(s) leger(s),Cyclomoteur,usager/obstacle,Usager contre obstacle situé sur la chaussée,0
2019,08,22,Ypres,Ieper,Province de Flandre occidentale,Région flamande,50.873001,2.839809,33011,Normales,Normaal,Sec,Droog,"Nuit, éclairage public présent et allumé",Hors agglomération,Route régionale,Avec blessé(s) leger(s),Voiture,Motocyclette,Entre 2 conducteurs: Par le côté (avant/derrière-flanc),0
2019,08,01,Ypres,Ieper,Province de Flandre occidentale,Région flamande,,,33011,Normales,Normaal,Sec,Droog,"Nuit, éclairage public présent et allumé",Hors agglomération,Route communale,Avec blessé(s) grave(s),Cyclomoteur,usager seul,"Un seul usager, pas d'obstacle (chute incl.)",0
2019,08,10,Zonnebeke,Zonnebeke,Province de Flandre occidentale,Région flamande,50.850064,3.004239,33037,Pluie,Regenval,"Humide, mouillé, flaques","Nat, plassen",Jour,Hors agglomération,Route communale,Avec blessé(s) leger(s),Bicyclette,Voiture,Entre 2 conducteurs: Flanc contre flanc,1
2019,08,12,Zonnebeke,Zonnebeke,Province de Flandre occidentale,Région flamande,50.90153,3.024622,33037,Normales,Normaal,Sec,Droog,Jour,Hors agglomération,Route communale,Avec blessé(s) grave(s),Voiture,Motocyclette,Entre 2 conducteurs: Par le côté (avant/derrière-flanc),0
2019,08,17,Staden,Staden,Province de Flandre occidentale,Région flamande,50.956673,3.077203,36019,Normales,Normaal,Sec,Droog,Jour,Hors agglomération,Route communale,Avec blessé(s) leger(s),Voiture,Bicyclette,Entre 2 conducteurs: Par le côté (avant/derrière-flanc),0
2019,08,10,Zonnebeke,Zonnebeke,Province de Flandre occidentale,Région flamande,50.922186,3.05772,33037,Normales,Normaal,Sec,Droog,Jour,Hors agglomération,Route communale,Avec blessé(s) leger(s),Camionnette,Bicyclette,Entre 2 conducteurs: Par le côté (avant/derrière-flanc),1
2019,08,17,Zonnebeke,Zonnebeke,Province de Flandre occidentale,Région flamande,50.874241,2.99168,33037,"Autre (fumée épaisse,...)","Andere (dikke rook,...)",Sec,Droog,Jour,En agglomération,Route régionale,Avec blessé(s) leger(s),Voiture,Cyclomoteur,Entre 2 conducteurs: Par l'arrière,0
2019,08,10,Vleteren,Vleteren,Province de Flandre occidentale,Région flamande,50.920934,2.716337,33041,Normales,Normaal,Sec,Droog,Jour,Hors agglomération,Route communale,Avec blessé(s) leger(s),Voiture,Bicyclette,Entre 2 conducteurs: Par le côté (avant/derrière-flanc),1
2019,08,12,Heuvelland,Heuvelland,Province de Flandre occidentale,Région flamande,50.796513,2.733895,33039,Normales,Normaal,Sec,Droog,Jour,Hors agglomération,Route communale,Avec blessé(s) leger(s),Motocyclette,usager seul,"Un seul usager, pas d'obstacle (chute incl.)",0
2019,08,15,Moorslede,Moorslede,Province de Flandre occidentale,Région flamande,50.847845,3.125011,36012,Normales,Normaal,Sec,Droog,Jour,En agglomération,Route communale,Avec blessé(s) leger(s),Bicyclette,Voiture,Entre 2 conducteurs: Flanc contre flanc,0
2019,08,11,Ypres,Ieper,Province de Flandre occidentale,Région flamande,50.85849,2.890576,33011,Normales,Normaal,"Humide, mouillé, flaques","Nat, plassen",Jour,En agglomération,Route régionale,Avec blessé(s) grave(s),Bicyclette,Voiture,Entre 2 conducteurs: Flanc contre flanc,0
2019,08,07,Ypres,Ieper,Province de Flandre occidentale,Région flamande,50.828312,2.857509,33011,Normales,Normaal,Sec+Propre,Droog+Proper,Jour,Hors agglomération,Route régionale,Avec blessé(s) leger(s),Voiture,Bicyclette,Entre 2 conducteurs: Par le côté (avant/derrière-flanc),1
2019,08,15,Heuvelland,Heuvelland,Province de Flandre occidentale,Région flamande,50.813669,2.730111,33039,Normales,Normaal,Sec,Droog,Jour,Hors agglomération,Route communale,Avec blessé(s) grave(s),Bicyclette,Camionnette,Entre 2 conducteurs: Par le côté (avant/derrière-flanc),1
2019,08,16,Wervik,Wervik,Province de Flandre occidentale,Région flamande,50.79689,3.042524,33029,Normales,Normaal,Sec,Droog,Jour,Hors agglomération,Route régionale,Avec blessé(s) leger(s),Voiture,Motocyclette,Entre 2 conducteurs: Par le côté (avant/derrière-flanc),1
2019,08,14,Ypres,Ieper,Province de Flandre occidentale,Région flamande,50.848744,2.779902,33011,Normales,Normaal,Sec,Droog,Jour,En agglomération,Route communale,Avec blessé(s) leger(s),Camionnette,Bicyclette,Entre 2 conducteurs: Par le côté (avant/derrière-flanc),0
2019,08,19,Langemark-Poelkapelle,Langemark-Poelkapelle,Province de Flandre occidentale,Région flamande,50.932132,2.855504,33040,Normales,Normaal,Sec,Droog,Jour,Hors agglomération,Route régionale,Avec blessé(s) grave(s),Motocyclette,usager/obstacle,Usager contre obstacle situé hors chaussée,0
2019,08,09,Langemark-Poelkapelle,Langemark-Poelkapelle,Province de Flandre occidentale,Région flamande,,,33040,Normales,Normaal,Sec,Droog,Jour,En agglomération,Route régionale,Avec blessé(s) leger(s),Bicyclette,usager/obstacle,Usager contre obstacle situé sur la chaussée,0
2019,08,10,Wielsbeke,Wielsbeke,Province de Flandre occidentale,Région flamande,,,37017,"Inconnues, indéterminées",Onbekend,"Inconnu, indéterminé",Onbekend,Jour,inconnu,inconnu,Avec blessé(s) leger(s),Bicyclette,Bicyclette,Entre 2 conducteurs: Par le côté (avant/derrière-flanc),0
2019,08,01,Poperinge,Poperinge,Province de Flandre occidentale,Région flamande,50.841383,2.648152,33021,Normales,Normaal,"Sale (sable, gravier, feuilles,...)","Vuil (zand, grint, bladeren,...)","Nuit, pas d'éclairage public présent",Hors agglomération,Route communale,Avec blessé(s) leger(s),Bicyclette,usager/obstacle,Usager contre obstacle situé sur la chaussée,1
2019,08,06,Zonnebeke,Zonnebeke,Province de Flandre occidentale,Région flamande,50.835074,3.012454,33037,Normales,Normaal,Sec,Droog,Jour,Hors agglomération,Route régionale,Avec blessé(s) leger(s),Camionnette,Bicyclette,Entre 2 conducteurs: Par le côté (avant/derrière-flanc),1
2019,08,18,Moorslede,Moorslede,Province de Flandre occidentale,Région flamande,50.896431,3.07032,36012,"Autre (fumée épaisse,...)","Andere (dikke rook,...)",Sec,Droog,Jour,En agglomération,Route communale,Avec blessé(s) leger(s),Bicyclette,Voiture,Entre 2 conducteurs: Par le côté (avant/derrière-flanc),0
2019,08,14,Maasmechelen,Maasmechelen,Province de Limbourg,Région flamande,50.964098,5.695478,73107,Normales,Normaal,Sec,Droog,Jour,Hors agglomération,Route régionale,Avec blessé(s) leger(s),Voiture,Bicyclette,Entre 2 conducteurs: Flanc contre flanc,1
2019,08,10,Lanaken,Lanaken,Province de Limbourg,Région flamande,50.882617,5.671717,73042,Normales,Normaal,Sec,Droog,Jour,En agglomération,Route régionale,Avec blessé(s) leger(s),Cyclomoteur,Voiture,Entre 2 conducteurs: Par le côté (avant/derrière-flanc),0
2019,08,09,Lanaken,Lanaken,Province de Limbourg,Région flamande,,,73042,Normales,Normaal,Sec,Droog,Jour,En agglomération,Route régionale,Avec blessé(s) leger(s),Bicyclette,Voiture,Entre 2 conducteurs: Flanc contre flanc,0
2019,08,18,Maasmechelen,Maasmechelen,Province de Limbourg,Région flamande,50.968986,5.69131,73107,Normales,Normaal,Sec,Droog,Jour,En agglomération,Route communale,Avec blessé(s) leger(s),Voiture,Cyclomoteur,Entre 2 conducteurs: Par le côté (avant/derrière-flanc),0
2019,08,22,Maasmechelen,Maasmechelen,Province de Limbourg,Région flamande,,,73107,Normales,Normaal,Sec,Droog,"Nuit, éclairage public présent et allumé",En agglomération,Route communale,Avec blessé(s) leger(s),Cyclomoteur,Voiture,Collision en chaîne (3 conducteurs ou plus),1
2019,08,16,Maasmechelen,Maasmechelen,Province de Limbourg,Région flamande,,,73107,Normales,Normaal,Sec,Droog,Jour,Hors agglomération,Route régionale,Avec blessé(s) leger(s),Cyclomoteur,Bicyclette,Entre 2 conducteurs: Flanc contre flanc,0
2019,08,05,Anvers,Antwerpen,Province d’Anvers,Région flamande,51.241365,4.402031,11002,Normales,Normaal,Sec,Droog,"Nuit, éclairage public présent et allumé",Hors agglomération,Route communale,Avec blessé(s) leger(s),Cyclomoteur,usager/obstacle,Usager contre obstacle situé hors chaussée,0
2019,08,07,Anvers,Antwerpen,Province d’Anvers,Région flamande,,,11002,Normales,Normaal,Sec,Droog,Jour,Hors agglomération,Route communale,Avec blessé(s) grave(s),Voiture,Bicyclette,Entre 2 conducteurs: Collision frontale,0
2019,08,14,Anvers,Antwerpen,Province d’Anvers,Région flamande,,,11002,Normales,Normaal,Sec,Droog,Jour,Hors agglomération,Route communale,Avec blessé(s) leger(s),Bicyclette,Bicyclette,Entre 2 conducteurs: Collision frontale,0
2019,08,06,Anvers,Antwerpen,Province d’Anvers,Région flamande,51.242907,4.373497,11002,Normales,Normaal,Sec,Droog,Jour,Hors agglomération,Route communale,Avec blessé(s) leger(s),Bicyclette,Bicyclette,Entre 2 conducteurs: Par le côté (avant/derrière-flanc),0
2019,08,17,Beveren,Beveren,Province de Flandre orientale,Région flamande,,,46003,Normales,Normaal,Sec,Droog,Jour,Hors agglomération,Route communale,Avec blessé(s) leger(s),Bicyclette,Voiture,Entre 2 conducteurs: Par le côté (avant/derrière-flanc),0
2019,08,11,Gand,Gent,Province de Flandre orientale,Région flamande,,,44021,Pluie,Regenval,"Humide, mouillé, flaques","Nat, plassen",Jour,Hors agglomération,Route régionale,Avec blessé(s) leger(s),Voiture,Bicyclette,Entre 2 conducteurs: Par l'arrière,0
2019,08,13,Beveren,Beveren,Province de Flandre orientale,Région flamande,,,46003,Normales,Normaal,Sec,Droog,Jour,Hors agglomération,Route communale,Avec blessé(s) grave(s),Motocyclette,Voiture,Entre 2 conducteurs: Collision frontale,0
2019,08,15,Gand,Gent,Province de Flandre orientale,Région flamande,51.107231,3.733748,44021,Normales,Normaal,Sec,Droog,Jour,Hors agglomération,Route régionale,Avec blessé(s) grave(s),Camion,Motocyclette,Entre 2 conducteurs: Flanc contre flanc,0
2019,08,22,Sint-Gillis-Waas,Sint-Gillis-Waas,Province de Flandre orientale,Région flamande,51.25903,4.091098,46020,Pluie,Regenval,"Humide, mouillé, flaques","Nat, plassen","Nuit, éclairage public présent et allumé",En agglomération,Route communale,Avec blessé(s) leger(s),Voiture,Bicyclette,Entre 2 conducteurs: Par le côté (avant/derrière-flanc),0
2019,08,23,Beveren,Beveren,Province de Flandre orientale,Région flamande,51.199297,4.235764,46003,Normales,Normaal,Sec+Propre,Droog+Proper,"Nuit, éclairage public présent et allumé",En agglomération,Route régionale,Avec blessé(s) leger(s),Voiture,Bicyclette,Entre 2 conducteurs: Flanc contre flanc,1
2019,08,16,Stekene,Stekene,Province de Flandre orientale,Région flamande,51.21311,4.028852,46024,Normales,Normaal,Sec,Droog,Jour,En agglomération,Route communale,Avec blessé(s) leger(s),Bicyclette,Voiture,Entre 2 conducteurs: Flanc contre flanc,0
2019,08,17,Sint-Gillis-Waas,Sint-Gillis-Waas,Province de Flandre orientale,Région flamande,,,46020,Normales,Normaal,Sec,Droog,Jour,Hors agglomération,Route communale,Avec blessé(s) leger(s),Bicyclette,Bicyclette,Entre 2 conducteurs: Flanc contre flanc,0
2019,08,11,Beveren,Beveren,Province de Flandre orientale,Région flamande,51.260653,4.182553,46003,Normales,Normaal,Sec,Droog,Jour,En agglomération,Route communale,Avec blessé(s) leger(s),Motocyclette,Motocyclette,Collision en chaîne (3 conducteurs ou plus),0
2019,08,16,Beveren,Beveren,Province de Flandre orientale,Région flamande,51.219317,4.27773,46003,Normales,Normaal,Sec,Droog,Jour,En agglomération,Route régionale,Avec blessé(s) leger(s),Voiture,Bicyclette,Entre 2 conducteurs: Par le côté (avant/derrière-flanc),1
2019,08,18,Beveren,Beveren,Province de Flandre orientale,Région flamande,51.222254,4.227946,46003,Normales,Normaal,Sec,Droog,Jour,Hors agglomération,Route communale,Avec blessé(s) leger(s),Bicyclette,Camionnette,Entre 2 conducteurs: Par le côté (avant/derrière-flanc),1
2019,08,05,Sint-Gillis-Waas,Sint-Gillis-Waas,Province de Flandre orientale,Région flamande,51.201135,4.122744,46020,Normales,Normaal,Sec,Droog,"Nuit, éclairage public présent et allumé",Hors agglomération,Route communale,Avec blessé(s) leger(s),Voiture,Cyclomoteur,Entre 2 conducteurs: Collision frontale,1
2019,08,19,Beveren,Beveren,Province de Flandre orientale,Région flamande,51.220636,4.292463,46003,"Inconnues, indéterminées",Onbekend,"Inconnu, indéterminé",Onbekend,"Inconnu, indéterminé",inconnu,Route régionale,Avec blessé(s) leger(s),Bicyclette,Voiture,Entre 2 conducteurs: Collision frontale,0
2019,08,17,Sint-Gillis-Waas,Sint-Gillis-Waas,Province de Flandre orientale,Région flamande,51.230567,4.092874,46020,Normales,Normaal,Sec,Droog,Jour,Hors agglomération,Route communale,Avec blessé(s) leger(s),Voiture,Bicyclette,Entre 2 conducteurs: Par le côté (avant/derrière-flanc),1
2019,08,14,Beveren,Beveren,Province de Flandre orientale,Région flamande,51.217693,4.267848,46003,Normales,Normaal,Sec,Droog,Jour,En agglomération,Route régionale,Avec blessé(s) leger(s),Bicyclette,Voiture,Entre 2 conducteurs: Par le côté (avant/derrière-flanc),0