year,month,hour,municipality_fr,municipality_nl,province_fr,region_fr,latitude,longitude,nis_code,weather_fr,weather_nl,road_condition_fr,road_condition_nl,light_condition_fr,build_up_area_fr,road_type_fr,severity_fr,road_user1_fr,road_user2_fr,collision_type_fr,at_crossway
2019,08,11,Sint-Gillis-Waas,Sint-Gillis-Waas,Province de Flandre orientale,Région flamande,,,46020,Normales,Normaal,Sec,Droog,Jour,Hors agglomération,Route communale,Avec blessé(s) leger(s),Voiture,Bicyclette,Entre 2 conducteurs: Par le côté (avant/derrière-flanc),1
2019,08,13,Beveren,Beveren,Province de Flandre orientale,Région flamande,51.226861,4.190652,46003,Normales,Normaal,Sec,Droog,Jour,Hors agglomération,Route régionale,Avec blessé(s) grave(s),Motocyclette,Camionnette,Entre 2 conducteurs: Par l'arrière,0
2019,08,13,Beveren,Beveren,Province de Flandre orientale,Région flamande,51.220035,4.28329,46003,Normales,Normaal,Sec,Droog,Jour,En agglomération,Route régionale,Avec blessé(s) leger(s),Bicyclette,Voiture,Entre 2 conducteurs: Flanc contre flanc,0
2019,08,17,Beveren,Beveren,Province de Flandre orientale,Région flamande,51.222442,4.282318,46003,Normales,Normaal,Sec,Droog,Jour,En agglomération,Route communale,Avec blessé(s) leger(s),Voiture,Bicyclette,Entre 2 conducteurs: Par le côté (avant/derrière-flanc),1
2019,08,18,Beersel,Beersel,Province du Brabant flamand,Région flamande,50.76652,4.27877,23003,Normales,Normaal,Sec,Droog,Jour,En agglomération,Route communale,Avec tué(s),Bicyclette,Voiture,Entre 2 conducteurs: Par le côté (avant/derrière-flanc),1
2019,08,18,Hal,Halle,Province du Brabant flamand,Région flamande,50.733058,4.238644,23027,Normales,Normaal,Sec,Droog,Jour,En agglomération,Route communale,Avec blessé(s) grave(s),Motocyclette,usager/obstacle,Usager contre obstacle situé hors chaussée,0
2019,08,15,Hal,Halle,Province du Brabant flamand,Région flamande,50.743778,4.203094,23027,Normales,Normaal,Sec+Propre,Droog+Proper,Jour,Hors agglomération,Route régionale,Avec blessé(s) leger(s),Voiture,Motocyclette,Entre 2 conducteurs: Par le côté (avant/derrière-flanc),0
2019,08,16,Sint-Pieters-Leeuw,Sint-Pieters-Leeuw,Province du Brabant flamand,Région flamande,,,23077,Normales,Normaal,Sec,Droog,Jour,En agglomération,Route communale,Avec blessé(s) leger(s),Voiture,Bicyclette,Entre 2 conducteurs: Collision frontale,1
2019,08,12,Hal,Halle,Province du Brabant flamand,Région flamande,50.717384,4.262585,23027,Normales,Normaal,Sec,Droog,Jour,En agglomération,Route communale,Avec blessé(s) leger(s),Bicyclette,Voiture,Entre 2 conducteurs: Par le côté (avant/derrière-flanc),1
2019,08,22,Hal,Halle,Province du Brabant flamand,Région flamande,,,23027,"Vent violent, rafales","Sterke wind, rukwind","Humide, mouillé, flaques","Nat, plassen","Nuit, éclairage public présent, mais pas allumé",En agglomération,Route communale,Avec blessé(s) leger(s),Cyclomoteur,usager seul,"Un seul usager, pas d'obstacle (chute incl.)",0
2019,08,17,Hal,Halle,Province du Brabant flamand,Région flamande,50.758105,4.20226,23027,Normales,Normaal,Sec,Droog,Jour,En agglomération,Route communale,Avec blessé(s) leger(s),Voiture,Bicyclette,Entre 2 conducteurs: Collision frontale,1
2019,08,15,Hal,Halle,Province du Brabant flamand,Région flamande,50.743689,4.245533,23027,Normales,Normaal,Sec,Droog,Jour,En agglomération,Route communale,Avec blessé(s) leger(s),Bicyclette,Voiture,Entre 2 conducteurs: Collision frontale,1
2019,08,15,Beersel,Beersel,Province du Brabant flamand,Région flamande,50.761977,4.276696,23003,Normales,Normaal,"Humide, mouillé, flaques","Nat, plassen",Jour,En agglomération,Route communale,Avec blessé(s) leger(s),Voiture,Motocyclette,Entre 2 conducteurs: Par le côté (avant/derrière-flanc),1
2019,08,19,Hal,Halle,Province du Brabant flamand,Région flamande,50.733325,4.241619,23027,Normales,Normaal,Sec,Droog,Jour,En agglomération,Route communale,Avec blessé(s) leger(s),Cyclomoteur,usager seul,"Un seul usager, pas d'obstacle (chute incl.)",0
2019,08,14,Willebroek,Willebroek,Province d’Anvers,Région flamande,51.057098,4.362727,12040,Normales,Normaal,Sec,Droog,Jour,En agglomération,Route communale,Avec blessé(s) leger(s),Bicyclette,Autres,Entre 2 conducteurs: Flanc contre flanc,0
2019,08,22,Malines,Mechelen,Province d’Anvers,Région flamande,51.027791,4.470713,12025,Normales,Normaal,Sec,Droog,"Nuit, éclairage public présent et allumé",En agglomération,Route régionale,Avec blessé(s) leger(s),Bicyclette,Bicyclette,Entre 2 conducteurs: Collision frontale,0
2019,08,18,Malines,Mechelen,Province d’Anvers,Région flamande,51.021036,4.477226,12025,"Inconnues, indéterminées",Onbekend,"Inconnu, indéterminé",Onbekend,Jour,En agglomération,Route régionale,Avec blessé(s) leger(s),Motocyclette,Voiture,Entre 2 conducteurs: Par le côté (avant/derrière-flanc),1
2019,08,22,Malines,Mechelen,Province d’Anvers,Région flamande,51.03442,4.510236,12025,Normales,Normaal,Sec,Droog,"Nuit, éclairage public présent et allumé",En agglomération,Route régionale,Avec blessé(s) leger(s),Bicyclette,Autobus,Entre 2 conducteurs: Flanc contre flanc,0
2019,08,12,Malines,Mechelen,Province d’Anvers,Région flamande,51.022988,4.474749,12025,Normales,Normaal,Sec,Droog,Jour,En agglomération,Route communale,Avec blessé(s) leger(s),Bicyclette,Camionnette,Entre 2 conducteurs: Par l'arrière,0
2019,08,08,Malines,Mechelen,Province d’Anvers,Région flamande,51.028356,4.482252,12025,Normales,Normaal,Sec,Droog,Jour,En agglomération,Route régionale,Avec blessé(s) leger(s),Bicyclette,Bicyclette,Entre 2 conducteurs: Flanc contre flanc,0
2019,08,12,Hasselt,Hasselt,Province de Limbourg,Région flamande,50.941823,5.323132,71022,"Inconnues, indéterminées",Onbekend,Sec,Droog,Jour,Hors agglomération,Route régionale,Avec blessé(s) leger(s),Bicyclette,Camionnette,Entre 2 conducteurs: Par le côté (avant/derrière-flanc),1
2019,08,14,Hasselt,Hasselt,Province de Limbourg,Région flamande,50.930545,5.344829,71022,Normales,Normaal,Sec,Droog,Jour,En agglomération,Route régionale,Avec blessé(s) leger(s),Cyclomoteur,Bicyclette,Entre 2 conducteurs: Collision frontale,0
2019,08,15,Hasselt,Hasselt,Province de Limbourg,Région flamande,50.920384,5.33912,71022,Pluie,Regenval,"Humide, mouillé, flaques","Nat, plassen",Jour,En agglomération,Route communale,Avec blessé(s) leger(s),Voiture,Bicyclette,Entre 2 conducteurs: Par l'arrière,0
2019,08,09,Diepenbeek,Diepenbeek,Province de Limbourg,Région flamande,50.912392,5.45647,71011,Normales,Normaal,Sec,Droog,Jour,Hors agglomération,Route communale,Avec blessé(s) leger(s),Voiture,Bicyclette,Entre 2 conducteurs: Par l'arrière,0
2019,08,09,Halen,Halen,Province de Limbourg,Région flamande,50.955914,5.09385,71020,Normales,Normaal,"Humide, mouillé, flaques","Nat, plassen",Jour,Hors agglomération,Route communale,Avec blessé(s) leger(s),Voiture,Bicyclette,Entre 2 conducteurs: Par le côté (avant/derrière-flanc),0
2019,08,17,Lummen,Lummen,Province de Limbourg,Région flamande,51.013996,5.138745,71037,Normales,Normaal,Sec,Droog,Jour,Hors agglomération,Route communale,Avec blessé(s) grave(s),Voiture,Bicyclette,Entre 2 conducteurs: Par le côté (avant/derrière-flanc),1
2019,08,09,Hasselt,Hasselt,Province de Limbourg,Région flamande,50.969433,5.359563,71022,Normales,Normaal,Sec,Droog,Jour,Hors agglomération,Route régionale,Avec blessé(s) leger(s),Camionnette,Cyclomoteur,Entre 2 conducteurs: Par le côté (avant/derrière-flanc),0
2019,08,14,Hasselt,Hasselt,Province de Limbourg,Région flamande,50.931508,5.331057,71022,Normales,Normaal,Sec,Droog,Jour,En agglomération,Route communale,Avec blessé(s) leger(s),Autres,Cyclomoteur,Entre 2 conducteurs: Par le côté (avant/derrière-flanc),1
2019,08,18,Diepenbeek,Diepenbeek,Province de Limbourg,Région flamande,50.920223,5.394189,71011,"Inconnues, indéterminées",Onbekend,"Inconnu, indéterminé",Onbekend,Jour,En agglomération,Route communale,Avec blessé(s) leger(s),Bicyclette,usager/obstacle,Usager contre obstacle situé sur la chaussée,0
2019,08,14,Hasselt,Hasselt,Province de Limbourg,Région flamande,50.925975,5.366382,71022,Normales,Normaal,Sec,Droog,Jour,En agglomération,Route régionale,Avec blessé(s) leger(s),Bicyclette,Bicyclette,Entre 2 conducteurs: Collision frontale,1
2019,08,22,Hasselt,Hasselt,Province de Limbourg,Région flamande,50.935315,5.339942,71022,Normales,Normaal,Sec,Droog,"Nuit, éclairage public présent et allumé",En agglomération,Route régionale,Avec blessé(s) grave(s),Bicyclette,Motocyclette,Entre 2 conducteurs: Par le côté (avant/derrière-flanc),0
2019,08,12,Mortsel,Mortsel,Province d’Anvers,Région flamande,51.174192,4.441241,11029,"Inconnues, indéterminées",Onbekend,"Inconnu, indéterminé",Onbekend,Jour,inconnu,Route régionale,Avec blessé(s) leger(s),Bicyclette,Piéton,Avec un piéton,0
2019,08,16,Hasselt,Hasselt,Province de Limbourg,Région flamande,,,71022,"Inconnues, indéterminées",Onbekend,"Inconnu, indéterminé",Onbekend,Jour,Hors agglomération,Route communale,Avec blessé(s) leger(s),Voiture,Cyclomoteur,Entre 2 conducteurs: Flanc contre flanc,0
2019,08,15,Zonhoven,Zonhoven,Province de Limbourg,Région flamande,,,71066,Normales,Normaal,Sec,Droog,Jour,Hors agglomération,Route communale,Avec blessé(s) grave(s),Bicyclette,Cyclomoteur,Entre 2 conducteurs: Collision frontale,0
2019,08,19,Hasselt,Hasselt,Province de Limbourg,Région flamande,50.949733,5.399587,71022,Normales,Normaal,Sec,Droog,Jour,Hors agglomération,Route régionale,Avec blessé(s) grave(s),Camionnette,Cyclomoteur,Entre 2 conducteurs: Flanc contre flanc,1
2019,08,03,Hasselt,Hasselt,Province de Limbourg,Région flamande,50.956688,5.264405,71022,Normales,Normaal,Sec,Droog,"Nuit, éclairage public présent et allumé",Hors agglomération,Route régionale,Avec blessé(s) grave(s),Bicyclette,usager seul,"Un seul usager, pas d'obstacle (chute incl.)",0
2019,08,15,Hasselt,Hasselt,Province de Limbourg,Région flamande,,,71022,Normales,Normaal,Sec,Droog,Jour,En agglomération,Route communale,Avec blessé(s) leger(s),Voiture,Bicyclette,Entre 2 conducteurs: Par le côté (avant/derrière-flanc),1
2019,08,14,Lummen,Lummen,Province de Limbourg,Région flamande,50.971929,5.225762,71037,Normales,Normaal,Sec,Droog,Jour,Hors agglomération,Route régionale,Avec blessé(s) leger(s),Camionnette,Bicyclette,Entre 2 conducteurs: Par le côté (avant/derrière-flanc),1
2019,08,17,Herck-la-Ville,Herk-de-Stad,Province de Limbourg,Région flamande,50.938748,5.172574,71024,Pluie,Regenval,"Humide, mouillé, flaques","Nat, plassen",Jour,En agglomération,Route régionale,Avec blessé(s) leger(s),Voiture,Bicyclette,Entre 2 conducteurs: Par le côté (avant/derrière-flanc),1
2019,08,16,Herck-la-Ville,Herk-de-Stad,Province de Limbourg,Région flamande,,,71024,Normales,Normaal,"Inconnu, indéterminé",Onbekend,Jour,Hors agglomération,Route régionale,Avec blessé(s) grave(s),Motocyclette,Voiture,Entre 2 conducteurs: Par le côté (avant/derrière-flanc),1
2019,08,14,Halen,Halen,Province de Limbourg,Région flamande,50.975977,5.097637,71020,Pluie,Regenval,"Humide, mouillé, flaques","Nat, plassen",Jour,En agglomération,Route communale,Avec blessé(s) leger(s),Bicyclette,Bicyclette,Entre 2 conducteurs: Collision frontale,1
2019,08,18,Hasselt,Hasselt,Province de Limbourg,Région flamande,50.949334,5.307627,71022,Normales,Normaal,Sec,Droog,Jour,En agglomération,Route communale,Avec blessé(s) leger(s),Camionnette,Bicyclette,Entre 2 conducteurs: Par le côté (avant/derrière-flanc),0
2019,08,13,Hasselt,Hasselt,Province de Limbourg,Région flamande,50.94306,5.329185,71022,Normales,Normaal,Sec,Droog,Jour,Hors agglomération,Route régionale,Avec blessé(s) leger(s),Motocyclette,usager seul,"Un seul usager, pas d'obstacle (chute incl.)",0
2019,08,17,Bertem,Bertem,Province du Brabant flamand,Région flamande,50.86104,4.62762,24009,Normales,Normaal,Sec,Droog,Jour,En agglomération,Route communale,Avec blessé(s) leger(s),Voiture,Bicyclette,Entre 2 conducteurs: Par le côté (avant/derrière-flanc),1
2019,08,16,Tervuren,Tervuren,Province du Brabant flamand,Région flamande,50.860205,4.534875,24104,Normales,Normaal,Sec,Droog,Jour,En agglomération,Route communale,Avec blessé(s) leger(s),Voiture,Bicyclette,Entre 2 conducteurs: Par le côté (avant/derrière-flanc),1
2019,08,14,Oud-Heverlee,Oud-Heverlee,Province du Brabant flamand,Région flamande,,,24086,Normales,Normaal,Sec,Droog,Jour,Hors agglomération,Route régionale,Avec blessé(s) leger(s),Bicyclette,usager/obstacle,Usager contre obstacle situé hors chaussée,0
2019,08,17,Tirlemont,Tienen,Province du Brabant flamand,Région flamande,,,24107,Normales,Normaal,Sec,Droog,Jour,En agglomération,Route communale,Avec blessé(s) leger(s),Voiture,Bicyclette,Entre 2 conducteurs: Par le côté (avant/derrière-flanc),1
2019,08,14,Tirlemont,Tienen,Province du Brabant flamand,Région flamande,50.798245,4.982305,24107,Normales,Normaal,Sec,Droog,Jour,En agglomération,Route régionale,Avec blessé(s) leger(s),Voiture,Cyclomoteur,Entre 2 conducteurs: Par le côté (avant/derrière-flanc),0
2019,08,07,Hoegaarden,Hoegaarden,Province du Brabant flamand,Région flamande,,,24041,Normales,Normaal,Sec,Droog,Jour,Hors agglomération,Route régionale,Avec blessé(s) leger(s),Camionnette,Bicyclette,Entre 2 conducteurs: Par le côté (avant/derrière-flanc),0
2019,08,12,Tirlemont,Tienen,Province du Brabant flamand,Région flamande,50.7793,4.969814,24107,Normales,Normaal,Sec,Droog,Jour,Hors agglomération,Route communale,Avec blessé(s) leger(s),Motocyclette,usager seul,"Un seul usager, pas d'obstacle (chute incl.)",1
2019,08,22,Lievegem,Lievegem,Province de Flandre orientale,Région flamande,51.092649,3.644361,44085,Normales,Normaal,Sec,Droog,"Nuit, éclairage public présent et allumé",Hors agglomération,Route communale,Avec blessé(s) grave(s),Bicyclette,Piéton,Avec un piéton,0
2019,08,08,Lievegem,Lievegem,Province de Flandre orientale,Région flamande,51.090852,3.612866,44085,Normales,Normaal,Sec,Droog,Jour,Hors agglomération,Route communale,Avec blessé(s) leger(s),Voiture,Bicyclette,Entre 2 conducteurs: Par l'arrière,0
2019,08,12,Lievegem,Lievegem,Province de Flandre orientale,Région flamande,51.150215,3.594896,44085,Normales,Normaal,Sec+Propre,Droog+Proper,Jour,En agglomération,Route communale,Avec blessé(s) leger(s),Cyclomoteur,Voiture,Entre 2 conducteurs: Par le côté (avant/derrière-flanc),0
2019,08,07,Deinze,Deinze,Province de Flandre orientale,Région flamande,50.985697,3.525894,44083,Normales,Normaal,Sec,Droog,Jour,En agglomération,Route communale,Avec blessé(s) leger(s),Camionnette,Bicyclette,Entre 2 conducteurs: Par l'arrière,0
2019,08,08,Lievegem,Lievegem,Province de Flandre orientale,Région flamande,,,44085,Normales,Normaal,Sec,Droog,Jour,En agglomération,Route communale,Avec blessé(s) leger(s),Voiture,Bicyclette,Entre 2 conducteurs: Par le côté (avant/derrière-flanc),1
2019,08,20,Deinze,Deinze,Province de Flandre orientale,Région flamande,50.995608,3.532811,44083,Normales,Normaal,Sec,Droog,Jour,Hors agglomération,Route communale,Avec blessé(s) leger(s),Bicyclette,Bicyclette,Entre 2 conducteurs: Par le côté (avant/derrière-flanc),1
2019,08,11,Deinze,Deinze,Province de Flandre orientale,Région flamande,50.978254,3.529599,44083,Normales,Normaal,Sec,Droog,Jour,En agglomération,Route régionale,Avec blessé(s) grave(s),Bicyclette,Voiture,Entre 2 conducteurs: Par le côté (avant/derrière-flanc),0
2019,08,17,Lievegem,Lievegem,Province de Flandre orientale,Région flamande,,,44085,"Inconnues, indéterminées",Onbekend,"Inconnu, indéterminé",Onbekend,"Inconnu, indéterminé",En agglomération,Route communale,Avec blessé(s) leger(s),Bicyclette,Autres,Entre 2 conducteurs: Collision frontale,1
2019,08,13,Deinze,Deinze,Province de Flandre orientale,Région flamande,50.981394,3.547927,44083,Normales,Normaal,Sec,Droog,Jour,Hors agglomération,Route régionale,Avec blessé(s) leger(s),Voiture,Bicyclette,Entre 2 conducteurs: Flanc contre flanc,1
2019,08,22,Neupré,Neupré,Province de Liège,Région wallonne,,,62121,Normales,Normaal,Sec,Droog,"Nuit, éclairage public présent et allumé",Hors agglomération,Route régionale,Avec blessé(s) grave(s),Voiture,Motocyclette,Entre 2 conducteurs: Par l'arrière,0
2019,08,19,Neupré,Neupré,Province de Liège,Région wallonne,,,62121,"Inconnues, indéterminées",Onbekend,"Inconnu, indéterminé",Onbekend,"Aube, crépuscule",En agglomération,Route communale,Avec blessé(s) leger(s),Cyclomoteur,usager/obstacle,Usager contre obstacle situé sur la chaussée,0
2019,08,14,Visé,Wezet,Province de Liège,Région wallonne,,,62108,Normales,Normaal,Sec,Droog,Jour,Hors agglomération,Route communale,Avec blessé(s) leger(s),Bicyclette,Bicyclette,Entre 2 conducteurs: Par le côté (avant/derrière-flanc),0
2019,08,11,Oupeye,Oupeye,Province de Liège,Région wallonne,,,62079,Normales,Normaal,Sec,Droog,Jour,Hors agglomération,Route communale,Avec blessé(s) leger(s),Cyclomoteur,Voiture,Entre 2 conducteurs: Par l'arrière,0
2019,08,09,Bullange,Büllingen,Province de Liège,Région wallonne,50.408276,6.291488,63012,Normales,Normaal,Sec,Droog,Jour,inconnu,Route communale,Avec blessé(s) leger(s),Bicyclette,usager/obstacle,Usager contre obstacle situé sur la chaussée,0
2019,08,13,Mouscron,Moeskroen,Province de Hainaut,Région wallonne,,,57096,Normales,Normaal,Sec,Droog,Jour,Hors agglomération,Route communale,Avec blessé(s) leger(s),Motocyclette,usager seul,"Un seul usager, pas d'obstacle (chute incl.)",0
2019,08,07,Courtrai,Kortrijk,Province de Flandre occidentale,Région flamande,50.800679,3.284465,34022,"Inconnues, indéterminées",Onbekend,"Inconnu, indéterminé",Onbekend,Jour,En agglomération,Route régionale,Avec blessé(s) leger(s),Motocyclette,usager seul,"Un seul usager, pas d'obstacle (chute incl.)",1
2019,08,23,Bruxelles,Brussel,,Région de Bruxelles-Capitale,50.845436,4.390791,21004,Normales,Normaal,Sec,Droog,"Nuit, éclairage public présent et allumé",En agglomération,Route régionale,Avec blessé(s) leger(s),Motocyclette,Voiture,Entre 2 conducteurs: Par l'arrière,0
2019,08,13,Anvers,Antwerpen,Province d’Anvers,Région flamande,51.231815,4.453515,11002,Normales,Normaal,Sec,Droog,Jour,En agglomération,Route régionale,Avec blessé(s) leger(s),Bicyclette,Voiture,Entre 2 conducteurs: Par l'arrière,0
2019,08,00,Anvers,Antwerpen,Province d’Anvers,Région flamande,,,11002,"Inconnues, indéterminées",Onbekend,"Inconnu, indéterminé",Onbekend,"Inconnu, indéterminé",inconnu,Route régionale,Avec blessé(s) leger(s),Cyclomoteur,Cyclomoteur,Entre 2 conducteurs: Flanc contre flanc,0
2019,08,17,Anvers,Antwerpen,Province d’Anvers,Région flamande,,,11002,Normales,Normaal,Sec,Droog,Jour,En agglomération,Route communale,Avec blessé(s) leger(s),Bicyclette,Voiture,Entre 2 conducteurs: Par le côté (avant/derrière-flanc),0
2019,08,10,Anvers,Antwerpen,Province d’Anvers,Région flamande,,,11002,"Inconnues, indéterminées",Onbekend,"Verglas, neige","Ijzel, sneeuw",Jour,inconnu,Route communale,Avec blessé(s) leger(s),Bicyclette,usager seul,"Un seul usager, pas d'obstacle (chute incl.)",0
2019,08,21,Duffel,Duffel,Province d’Anvers,Région flamande,,,12009,Normales,Normaal,Sec,Droog,"Nuit, éclairage public présent et allumé",En agglomération,Route communale,Avec blessé(s) leger(s),Bicyclette,Autres,Entre 2 conducteurs: Flanc contre flanc,0
2019,08,12,Meerhout,Meerhout,Province d’Anvers,Région flamande,,,13021,Normales,Normaal,Sec,Droog,Jour,Hors agglomération,Route communale,Avec blessé(s) grave(s),Autres,Bicyclette,Entre 2 conducteurs: Par le côté (avant/derrière-flanc),0
2019,08,20,Herentals,Herentals,Province d’Anvers,Région flamande,,,13011,Normales,Normaal,"Humide, mouillé, flaques","Nat, plassen","Aube, crépuscule",Hors agglomération,Route communale,Avec blessé(s) grave(s),Bicyclette,Bicyclette,Entre 2 conducteurs: Par le côté (avant/derrière-flanc),1
2019,08,14,Genk,Genk,Province de Limbourg,Région flamande,50.965109,5.47375,71016,Normales,Normaal,Sec,Droog,Jour,Hors agglomération,Route régionale,Avec blessé(s) grave(s),Bicyclette,usager seul,"Un seul usager, pas d'obstacle (chute incl.)",0
2019,08,08,Genk,Genk,Province de Limbourg,Région flamande,50.965036,5.476436,71016,"Inconnues, indéterminées",Onbekend,"Inconnu, indéterminé",Onbekend,Jour,Hors agglomération,Route régionale,Avec blessé(s) leger(s),Bicyclette,Voiture,Entre 2 conducteurs: Flanc contre flanc,0
2019,08,19,Rotselaar,Rotselaar,Province du Brabant flamand,Région flamande,50.959856,4.760929,24094,"Inconnues, indéterminées",Onbekend,"Inconnu, indéterminé",Onbekend,"Inconnu, indéterminé",En agglomération,Route communale,Avec blessé(s) leger(s),Bicyclette,Bicyclette,Entre 2 conducteurs: Par le côté (avant/derrière-flanc),0
2019,08,07,Gand,Gent,Province de Flandre orientale,Région flamande,51.021742,3.709248,44021,Normales,Normaal,Sec,Droog,Jour,En agglomération,Route régionale,Avec blessé(s) leger(s),Voiture,Bicyclette,Entre 2 conducteurs: Flanc contre flanc,1
2019,08,17,Gand,Gent,Province de Flandre orientale,Région flamande,51.034964,3.754389,44021,"Inconnues, indéterminées",Onbekend,"Inconnu, indéterminé",Onbekend,"Inconnu, indéterminé",En agglomération,Route régionale,Avec blessé(s) leger(s),Bicyclette,Voiture,Entre 2 conducteurs: Flanc contre flanc,0
2019,08,13,Anzegem,Anzegem,Province de Flandre occidentale,Région flamande,,,34002,"Inconnues, indéterminées",Onbekend,"Inconnu, indéterminé",Onbekend,Jour,Hors agglomération,Route communale,Avec blessé(s) leger(s),Bicyclette,Bicyclette,Entre 2 conducteurs: Par le côté (avant/derrière-flanc),0
2019,08,05,Ninove,Ninove,Province de Flandre orientale,Région flamande,50.848869,3.943099,41048,"Inconnues, indéterminées",Onbekend,"Inconnu, indéterminé",Onbekend,"Inconnu, indéterminé",En agglomération,Route communale,Avec blessé(s) leger(s),Bicyclette,Bicyclette,Entre 2 conducteurs: Collision frontale,0
2019,08,08,Termonde,Dendermonde,Province de Flandre orientale,Région flamande,51.037578,4.126117,42006,Normales,Normaal,Sec,Droog,Jour,Hors agglomération,Route régionale,Avec blessé(s) leger(s),Cyclomoteur,usager seul,"Un seul usager, pas d'obstacle (chute incl.)",1
2019,08,08,Roulers,Roeselare,Province de Flandre occidentale,Région flamande,50.946161,3.128153,36015,Normales,Normaal,Sec,Droog,Jour,En agglomération,Route communale,Avec blessé(s) grave(s),Bicyclette,usager/obstacle,Usager contre obstacle situé sur la chaussée,1
2019,08,12,Izegem,Izegem,Province de Flandre occidentale,Région flamande,50.901143,3.192021,36008,"Inconnues, indéterminées",Onbekend,"Inconnu, indéterminé",Onbekend,Jour,En agglomération,Route communale,Avec blessé(s) leger(s),Bicyclette,usager/obstacle,Usager contre obstacle situé sur la chaussée,0
2019,08,07,Dentergem,Dentergem,Province de Flandre occidentale,Région flamande,50.932646,3.40039,37002,"Inconnues, indéterminées",Onbekend,"Inconnu, indéterminé",Onbekend,"Inconnu, indéterminé",inconnu,Route communale,Avec blessé(s) leger(s),Bicyclette,Autres,Entre 2 conducteurs: Flanc contre flanc,0
2019,08,22,Courtrai,Kortrijk,Province de Flandre occidentale,Région flamande,,,34022,Normales,Normaal,Sec,Droog,"Nuit, éclairage public présent et allumé",En agglomération,Route communale,Avec blessé(s) leger(s),Bicyclette,usager/obstacle,Usager contre obstacle situé hors chaussée,0
2019,08,14,Dixmude,Diksmuide,Province de Flandre occidentale,Région flamande,51.031857,2.865815,32003,Normales,Normaal,Sec,Droog,Jour,En agglomération,Route régionale,Avec blessé(s) leger(s),Camionnette,Bicyclette,Entre 2 conducteurs: Par le côté (avant/derrière-flanc),0
2019,08,21,Lanaken,Lanaken,Province de Limbourg,Région flamande,50.915695,5.685576,73042,Normales,Normaal,Sec,Droog,"Nuit, pas d'éclairage public présent",En agglomération,Route communale,Avec blessé(s) leger(s),Cyclomoteur,usager/obstacle,Usager contre obstacle situé sur la chaussée,0
2019,08,16,Herstal,Herstal,Province de Liège,Région wallonne,,,62051,Normales,Normaal,Propre,Proper,Jour,En agglomération,Route communale,Avec blessé(s) leger(s),Motocyclette,Voiture,Entre 2 conducteurs: Par le côté (avant/derrière-flanc),0
2019,08,14,Oupeye,Oupeye,Province de Liège,Région wallonne,,,62079,Normales,Normaal,Sec+Propre,Droog+Proper,Jour,En agglomération,Route régionale,Avec blessé(s) leger(s),Bicyclette,usager seul,"Un seul usager, pas d'obstacle (chute incl.)",0
2019,08,17,Bruxelles,Brussel,,Région de Bruxelles-Capitale,,,21004,Normales,Normaal,Propre,Proper,"Aube, crépuscule",En agglomération,Route régionale,Avec blessé(s) leger(s),Camionnette,Bicyclette,Entre 2 conducteurs: Flanc contre flanc,1
2019,08,18,Lendelede,Lendelede,Province de Flandre occidentale,Région flamande,,,34025,Normales,Normaal,Sec,Droog,Jour,Hors agglomération,Route communale,Avec blessé(s) leger(s),Camion,Bicyclette,Entre 2 conducteurs: Par le côté (avant/derrière-flanc),0
2019,08,17,Termonde,Dendermonde,Province de Flandre orientale,Région flamande,,,42006,Normales,Normaal,Sec,Droog,Jour,Hors agglomération,Route communale,Avec blessé(s) grave(s),Bicyclette,Camion,Entre 2 conducteurs: Par le côté (avant/derrière-flanc),0
2019,08,18,Termonde,Dendermonde,Province de Flandre orientale,Région flamande,,,42006,Normales,Normaal,Sec,Droog,Jour,Hors agglomération,Route communale,Avec blessé(s) leger(s),Bicyclette,Camion,Entre 2 conducteurs: Par le côté (avant/derrière-flanc),0
2019,08,13,Gand,Gent,Province de Flandre orientale,Région flamande,,,44021,Normales,Normaal,Sec,Droog,Jour,En agglomération,Route régionale,Avec blessé(s) leger(s),Motocyclette,Voiture,Entre 2 conducteurs: Par le côté (avant/derrière-flanc),0
2019,08,12,Visé,Wezet,Province de Liège,Région wallonne,,,62108,Normales,Normaal,Sec+Propre,Droog+Proper,Jour,En agglomération,Route communale,Avec blessé(s) leger(s),Bicyclette,Voiture,Entre 2 conducteurs: Flanc contre flanc,1
2019,08,16,Louvain,Leuven,Province du Brabant flamand,Région flamande,,,24062,Normales,Normaal,Sec,Droog,Jour,En agglomération,Route communale,Avec blessé(s) grave(s),Bicyclette,usager seul,"Un seul usager, pas d'obstacle (chute incl.)",0
2019,08,17,Middelkerke,Middelkerke,Province de Flandre occidentale,Région flamande,,,35011,"Inconnues, indéterminées",Onbekend,Sec,Droog,Jour,En agglomération,Route communale,Avec blessé(s) leger(s),Bicyclette,usager seul,"Un seul usager, pas d'obstacle (chute incl.)",0